name,price,spec_score,sim_info,battery,storage,display_info,camera,processor,memorycard_support,os,brand,ram_gb,storage_gb,battery_mah,charging_watt,screen_size_inches,refresh_rate_hz,primary_rear_mp,front_camera_mp,processor_brand,price_segment,value_index
Apple Iphone 18 Pro Max,179900,87,"Dual Sim, 3G, 4G, 5G, VoLTE, Wi-Fi, NFC",5000 mAh Battery with 80W Fast Charging,"12 GB RAM, 256 GB inbuilt","6.9 inches, 1800 x 3200 px, 165 Hz Display",200 MP Quad Rear & 32 MP Front Camera,Octa Core Processor,Memory Card Not Supported,iOS v20,Apple,12.0,256.0,5000.0,80.0,6.9,165.0,200.0,32.0,Octa,Premium,4.84
Samsung Galaxy S25 Ultra (16Gb Ram + 1Tb),175999,97,"Dual Sim, 3G, 4G, 5G, VoLTE, Vo5G, Wi-Fi, NFC",5000 mAh Battery with 45W Fast Charging,"16 GB RAM, 1 TB inbuilt","6.9 inches, 1440 x 3120 px, 120 Hz Display with Punch Hole",200 MP Quad Rear & 12 MP Front Camera,"Snapdragon 8Elite, Octa Core, 4.47 GHz Processor",Memory Card Not Supported,Android v15,Samsung,16.0,,5000.0,45.0,6.9,120.0,200.0,12.0,Snapdragon,Premium,5.51
Apple Iphone 16 Pro Max (1Tb),169900,91,"Dual Sim, 3G, 4G, 5G, VoLTE, Wi-Fi, NFC",4685 mAh Battery with Fast Charging,"8 GB RAM, 1 TB inbuilt","6.9 inches, 1320 x 2868 px, 120 Hz Display with Dynamic Island",48 MP + 48 MP + 12 MP Triple Rear & 12 MP Front Camera,"Bionic A18 Pro, Hexa Core, 4.05 GHz Processor",Memory Card Not Supported,iOS v18,Apple,8.0,,4685.0,0.0,6.9,120.0,48.0,12.0,Bionic,Premium,5.36
Samsung Galaxy S26 Ultra,159990,85,"Dual Sim, 3G, 4G, 5G, VoLTE, Vo5G, Wi-Fi",5000 mAh Battery with 45W Fast Charging,"12 GB RAM, 256 GB inbuilt","6.9 inches, 1800 x 3440 px, 144 Hz Display with Punch Hole",50 MP Quad Rear & 50 MP Front Camera,Octa Core Processor,Memory Card Not Supported,Android v15,Samsung,12.0,256.0,5000.0,45.0,6.9,144.0,50.0,50.0,Octa,Premium,5.31
Apple Iphone 16 Pro Max (512Gb),155900,91,"Dual Sim, 3G, 4G, 5G, VoLTE, Wi-Fi, NFC",4685 mAh Battery with Fast Charging,"8 GB RAM, 512 GB inbuilt","6.9 inches, 1320 x 2868 px, 120 Hz Display with Dynamic Island",48 MP + 48 MP + 12 MP Triple Rear & 12 MP Front Camera,"Bionic A18 Pro, Hexa Core, 4.05 GHz Processor",Memory Card Not Supported,iOS v18,Apple,8.0,512.0,4685.0,0.0,6.9,120.0,48.0,12.0,Bionic,Premium,5.84
Apple Iphone 15 Pro Max (512Gb),154900,89,"Dual Sim, 3G, 4G, 5G, VoLTE, Wi-Fi, NFC",4441 mAh Battery with Fast Charging,"8 GB RAM, 512 GB inbuilt","6.7 inches, 1290 x 2796 px, 120 Hz Display with Dynamic Island",48 MP + 12 MP + 12 MP Triple Rear & 12 MP Front Camera,"Bionic A17 Pro, Hexa Core, 3.78 GHz Processor",Memory Card Not Supported,iOS v17,Apple,8.0,512.0,4441.0,0.0,6.7,120.0,48.0,12.0,Bionic,Premium,5.75
Samsung Galaxy S25 Ultra (12Gb Ram + 1Tb),147999,96,"Dual Sim, 3G, 4G, 5G, VoLTE, Vo5G, Wi-Fi, NFC",5000 mAh Battery with 45W Fast Charging,"12 GB RAM, 1 TB inbuilt","6.9 inches, 1440 x 3120 px, 120 Hz Display with Punch Hole",200 MP Quad Rear & 12 MP Front Camera,"Snapdragon 8 Elite, Octa Core, 4.32 GHz Processor",Memory Card Not Supported,Android v15,Samsung,12.0,,5000.0,45.0,6.9,120.0,200.0,12.0,Snapdragon,Premium,6.49
Sony Xperia 1 Vii,144990,85,"Dual Sim, 3G, 4G, 5G, VoLTE, Wi-Fi, NFC",5100 mAh Battery with 33W Fast Charging,"12 GB RAM, 256 GB inbuilt","6.56 inches, 1080 x 2340 px, 120 Hz Display",50 MP + 12 MP + 12 MP Triple Rear & 50 MP Front Camera,"Snapdragon 8 Gen4, Octa Core Processor",Memory Card (Hybrid),Android v14,Sony,12.0,256.0,5100.0,33.0,6.56,120.0,50.0,50.0,Snapdragon,Premium,5.86
Apple Iphone 16 Pro (512Gb),142900,90,"Dual Sim, 3G, 4G, 5G, VoLTE, Wi-Fi, NFC",3582 mAh Battery with Fast Charging,"8 GB RAM, 512 GB inbuilt","6.3 inches, 1206 x 2622 px, 120 Hz Display with Dynamic Island",48 MP + 48 MP + 12 MP Triple Rear & 12 MP Front Camera,"Bionic A18 Pro, Hexa Core, 4.05 GHz Processor",Memory Card Not Supported,iOS v18,Apple,8.0,512.0,3582.0,0.0,6.3,120.0,48.0,12.0,Bionic,Premium,6.3
Google Pixel 10 Pro Xl,139990,85,"Dual Sim, 3G, 4G, 5G, VoLTE, Vo5G, Wi-Fi, NFC",5100 mAh Battery with 45W Fast Charging,"16 GB RAM, 256 GB inbuilt","6.82 inches, 1344 x 2992 px, 120 Hz Display with Punch Hole",50 MP + 50 MP + 50 MP Triple Rear & 50 MP Front Camera,"Tensor G5, Octa Core Processor",Memory Card Not Supported,Android v16,Google,16.0,256.0,5100.0,45.0,6.82,120.0,50.0,50.0,Tensor,Premium,6.07
Apple Iphone 15 Pro (512Gb),139900,89,"Dual Sim, 3G, 4G, 5G, VoLTE, Wi-Fi, NFC",3274 mAh Battery with Fast Charging,"8 GB RAM, 512 GB inbuilt","6.1 inches, 1179 x 2556 px, 120 Hz Display with Dynamic Island",48 MP + 12 MP + 12 MP Triple Rear & 12 MP Front Camera,"Bionic A17 Pro, Hexa Core, 3.78 GHz Processor",Memory Card Not Supported,iOS v17,Apple,8.0,512.0,3274.0,0.0,6.1,120.0,48.0,12.0,Bionic,Premium,6.36
Sony Xperia 1 Vi,136990,91,"Dual Sim, 3G, 4G, 5G, VoLTE, Wi-Fi, NFC",5000 mAh Battery with 30W Fast Charging,"12 GB RAM, 256 GB inbuilt","6.5 inches, 1080 x 2340 px, 120 Hz Display",48 MP + 12 MP + 12 MP Triple Rear & 12 MP Front Camera,"Snapdragon 8 Gen3, Octa Core, 3.3 GHz Processor",Memory Card (Hybrid),Android v14,Sony,12.0,256.0,5000.0,30.0,6.5,120.0,48.0,12.0,Snapdragon,Premium,6.64
Samsung Galaxy S25 Ultra (12Gb Ram + 512Gb),135999,95,"Dual Sim, 3G, 4G, 5G, VoLTE, Vo5G, Wi-Fi, NFC",5000 mAh Battery with 45W Fast Charging,"12 GB RAM, 512 GB inbuilt","6.9 inches, 1440 x 3120 px, 120 Hz Display with Punch Hole",200 MP Quad Rear & 12 MP Front Camera,"Snapdragon 8 Elite, Octa Core, 4.32 GHz Processor",Memory Card Not Supported,Android v15,Samsung,12.0,512.0,5000.0,45.0,6.9,120.0,200.0,12.0,Snapdragon,Premium,6.99
Apple Iphone 16 Pro Max,135900,90,"Dual Sim, 3G, 4G, 5G, VoLTE, Wi-Fi, NFC",4685 mAh Battery with Fast Charging,"8 GB RAM, 256 GB inbuilt","6.9 inches, 1320 x 2868 px, 120 Hz Display with Dynamic Island",48 MP + 48 MP + 12 MP Triple Rear & 12 MP Front Camera,"Bionic A18 Pro, Hexa Core, 4.05 GHz Processor",Memory Card Not Supported,iOS v18,Apple,8.0,256.0,4685.0,0.0,6.9,120.0,48.0,12.0,Bionic,Premium,6.62
Sony Xperia Pro-I,134999,90,"Dual Sim, 3G, 4G, 5G, VoLTE, Wi-Fi, NFC",4500 mAh Battery with 30W Fast Charging,"12 GB RAM, 512 GB inbuilt","6.5 inches, 1644 x 3840 px, 120 Hz Display",12 MP + 12 MP + 12 MP Triple Rear & 8 MP Front Camera,"Snapdragon 888, Octa Core, 2.84 GHz Processor","Memory Card (Hybrid), upto 1 TB",Android v11,Sony,12.0,512.0,4500.0,30.0,6.5,120.0,12.0,8.0,Snapdragon,Premium,6.67
Apple Iphone 15 Pro Max,134899,89,"Dual Sim, 3G, 4G, 5G, VoLTE, Wi-Fi, NFC",4441 mAh Battery with Fast Charging,"8 GB RAM, 256 GB inbuilt","6.7 inches, 1290 x 2796 px, 120 Hz Display with Dynamic Island",48 MP + 12 MP + 12 MP Triple Rear & 12 MP Front Camera,"Bionic A17 Pro, Hexa Core, 3.78 GHz Processor",Memory Card Not Supported,iOS v17,Apple,8.0,256.0,4441.0,0.0,6.7,120.0,48.0,12.0,Bionic,Premium,6.6
Samsung Galaxy S24 Ultra (12Gb Ram + 512Gb),129999,95,"Dual Sim, 3G, 4G, 5G, VoLTE, Vo5G, Wi-Fi, NFC",5000 mAh Battery with 45W Fast Charging,"12 GB RAM, 512 GB inbuilt","6.8 inches, 1440 x 3120 px, 120 Hz Display with Punch Hole",200 MP Quad Rear & 12 MP Front Camera,"Snapdragon 8 Gen3, Octa Core, 3.3 GHz Processor",Memory Card Not Supported,Android v14,Samsung,12.0,512.0,5000.0,45.0,6.8,120.0,200.0,12.0,Snapdragon,Premium,7.31
Google Pixel 9 Pro Xl (16Gb Ram + 512Gb),129999,93,"Dual Sim, 3G, 4G, 5G, VoLTE, Vo5G, Wi-Fi, NFC",5060 mAh Battery with 37W Fast Charging,"16 GB RAM, 512 GB inbuilt","6.8 inches, 1344 x 2992 px, 120 Hz Display with Punch Hole",50 MP + 48 MP + 48 MP Triple Rear & 42 MP Front Camera,"Tensor G4, Octa Core, 3.1 GHz Processor",Memory Card Not Supported,Android v14,Google,16.0,512.0,5060.0,37.0,6.8,120.0,50.0,42.0,Tensor,Premium,7.15
Huawei Pura 80 Ultra,129990,88,"Dual Sim, 3G, 4G, 5G, VoLTE, Wi-Fi, NFC, IR Blaster",5500 mAh Battery with 120W Fast Charging,"16 GB RAM, 512 GB inbuilt","6.82 inches, 1860 x 3220 px, 144 Hz Display with Punch Hole",50 MP + 50 MP + 50 MP Triple Rear & 50 MP Front Camera,Octa Core Processor,Memory Card Not Supported,Android v14,Huawei,16.0,512.0,5500.0,120.0,6.82,144.0,50.0,50.0,Octa,Premium,6.77
Asus Rog Phone 9 Pro Edition,126990,95,"Dual Sim, 3G, 4G, 5G, VoLTE, Wi-Fi, NFC",5800 mAh Battery with 65W Fast Charging,"24 GB RAM, 1 TB inbuilt","6.78 inches, 1080 x 2400 px, 185 Hz Display with Punch Hole",50 MP + 32 MP + 13 MP Triple Rear & 32 MP Front Camera,"Snapdragon 8 Elite, Octa Core, 4.32 GHz Processor",Memory Card Not Supported,Android v14,Asus,24.0,,5800.0,65.0,6.78,185.0,50.0,32.0,Snapdragon,Premium,7.48
Samsung Galaxy S24 Ultra (12Gb Ram + 1Tb),125000,96,"Dual Sim, 3G, 4G, 5G, VoLTE, Vo5G, Wi-Fi, NFC",5000 mAh Battery with 45W Fast Charging,"12 GB RAM, 1 TB inbuilt","6.8 inches, 1440 x 3120 px, 120 Hz Display with Punch Hole",200 MP Quad Rear & 12 MP Front Camera,"Snapdragon 8 Gen3, Octa Core, 3.3 GHz Processor",Memory Card Not Supported,Android v14,Samsung,12.0,,5000.0,45.0,6.8,120.0,200.0,12.0,Snapdragon,Premium,7.68
Samsung Galaxy S25 Ultra,123999,95,"Dual Sim, 3G, 4G, 5G, VoLTE, Vo5G, Wi-Fi, NFC",5000 mAh Battery with 45W Fast Charging,"12 GB RAM, 256 GB inbuilt","6.9 inches, 1440 x 3120 px, 120 Hz Display with Punch Hole",200 MP Quad Rear & 12 MP Front Camera,"Snapdragon 8 Elite, Octa Core, 4.32 GHz Processor",Memory Card Not Supported,Android v15,Samsung,12.0,256.0,5000.0,45.0,6.9,120.0,200.0,12.0,Snapdragon,Premium,7.66
Apple Iphone 16 Pro (256Gb),122900,89,"Dual Sim, 3G, 4G, 5G, VoLTE, Wi-Fi, NFC",3582 mAh Battery with Fast Charging,"8 GB RAM, 256 GB inbuilt","6.3 inches, 1206 x 2622 px, 120 Hz Display with Dynamic Island",48 MP + 48 MP + 12 MP Triple Rear & 12 MP Front Camera,"Bionic A18 Pro, Hexa Core, 4.05 GHz Processor",Memory Card Not Supported,iOS v18,Apple,8.0,256.0,3582.0,0.0,6.3,120.0,48.0,12.0,Bionic,Premium,7.24
Xiaomi 16 Ultra,119990,88,"Dual Sim, 3G, 4G, 5G, VoLTE, Vo5G, Wi-Fi, NFC, IR Blaster",6000 mAh Battery with 120W Fast Charging,"16 GB RAM, 512 GB inbuilt","6.85 inches, 1440 x 3200 px, 120 Hz Display with Punch Hole",200 MP Quad Rear & 32 MP Front Camera,"Snapdragon 8 Elite 2, Octa Core Processor",Memory Card Not Supported,Android v15,Xiaomi,16.0,512.0,6000.0,120.0,6.85,120.0,200.0,32.0,Snapdragon,Premium,7.33
Samsung Galaxy S25 Ultra (12Gb Ram + 512Gb),119499,95,"Dual Sim, 3G, 4G, 5G, VoLTE, Vo5G, Wi-Fi, NFC",5000 mAh Battery with 45W Fast Charging,"12 GB RAM, 512 GB inbuilt","6.9 inches, 1440 x 3120 px, 120 Hz Display with Punch Hole",200 MP Quad Rear & 12 MP Front Camera,"Snapdragon 8 Elite, Octa Core, 4.32 GHz Processor",Memory Card Not Supported,Android v15,Samsung,12.0,512.0,5000.0,45.0,6.9,120.0,200.0,12.0,Snapdragon,Premium,7.95
Google Pixel 9 Pro Xl,114999,93,"Dual Sim, 3G, 4G, 5G, VoLTE, Vo5G, Wi-Fi, NFC",5060 mAh Battery with 37W Fast Charging,"16 GB RAM, 256 GB inbuilt","6.8 inches, 1344 x 2992 px, 120 Hz Display with Punch Hole",50 MP + 48 MP + 48 MP Triple Rear & 42 MP Front Camera,"Tensor G4, Octa Core, 3.1 GHz Processor",Memory Card Not Supported,Android v14,Google,16.0,256.0,5060.0,37.0,6.8,120.0,50.0,42.0,Tensor,Premium,8.09
Honor Magic 6 Rsr,114990,98,"Dual Sim, 3G, 4G, 5G, VoLTE, Vo5G, Wi-Fi, NFC, IR Blaster",5600 mAh Battery with 80W Fast Charging,"24 GB RAM, 1 TB inbuilt","6.8 inches, 1280 x 2800 px, 120 Hz Display with Punch Hole",180 MP + 50 MP + 50 MP Triple Rear & 50 MP Dual Front Camera,"Snapdragon 8 Gen3, Octa Core, 3.3 GHz Processor",Memory Card Not Supported,Android v14,Honor,24.0,,5600.0,80.0,6.8,120.0,180.0,,Snapdragon,Premium,8.52
Samsung Galaxy S25 Plus (12Gb Ram + 512Gb),111999,90,"Dual Sim, 3G, 4G, 5G, VoLTE, Vo5G, Wi-Fi, NFC",4900 mAh Battery with 45W Fast Charging,"12 GB RAM, 512 GB inbuilt","6.7 inches, 1440 x 3120 px, 120 Hz Display with Punch Hole",50 MP + 12 MP + 10 MP Triple Rear & 12 MP Front Camera,"Snapdragon 8Elite, Octa Core, 4.47 GHz Processor",Memory Card Not Supported,Android v16,Samsung,12.0,512.0,4900.0,45.0,6.7,120.0,50.0,12.0,Snapdragon,Premium,8.04
Google Pixel 10 Pro,111990,84,"Dual Sim, 3G, 4G, 5G, VoLTE, Vo5G, Wi-Fi, NFC",4700 mAh Battery with 45W Fast Charging,"16 GB RAM, 256 GB inbuilt","6.4 inches, 1280 x 2856 px, 120 Hz Display with Punch Hole",50 MP + 48 MP + 48 MP Triple Rear & 48 MP Front Camera,"Tensor G5, Octa Core Processor",Memory Card Not Supported,Android v16,Google,16.0,256.0,4700.0,45.0,6.4,120.0,50.0,48.0,Tensor,Premium,7.5
Apple Iphone 16 Pro,110900,89,"Dual Sim, 3G, 4G, 5G, VoLTE, Wi-Fi, NFC",3582 mAh Battery with Fast Charging,"8 GB RAM, 128 GB inbuilt","6.3 inches, 1206 x 2622 px, 120 Hz Display with Dynamic Island",48 MP + 48 MP + 12 MP Triple Rear & 12 MP Front Camera,"Bionic A18 Pro, Hexa Core, 4.05 GHz Processor",Memory Card Not Supported,iOS v18,Apple,8.0,128.0,3582.0,0.0,6.3,120.0,48.0,12.0,Bionic,Premium,8.03
Samsung Galaxy Note 30 Ultra 5G,104999,95,"Dual Sim, 3G, 4G, 5G, VoLTE, Wi-Fi, NFC",4500 mAh Battery with 67W Fast Charging,"12 GB RAM, 256 GB inbuilt","6.71 inches, 1440 x 3214 px, 120 Hz Display with Punch Hole",200 MP + 12 MP + 12 MP Triple Rear & 10 MP Front Camera,"Snapdragon 8+ Gen1, Octa Core, 3.2 GHz Processor","Memory Card (Hybrid), upto 1 TB",Android v12,Samsung,12.0,256.0,4500.0,67.0,6.71,120.0,200.0,10.0,Snapdragon,Premium,9.05
Apple Iphone 15 Pro Max,103994,89,"Dual Sim, 3G, 4G, 5G, VoLTE, Wi-Fi, NFC",4441 mAh Battery with Fast Charging,"8 GB RAM, 256 GB inbuilt","6.7 inches, 1290 x 2796 px, 120 Hz Display with Dynamic Island",48 MP + 12 MP + 12 MP Triple Rear & 12 MP Front Camera,"Bionic A17 Pro, Hexa Core, 3.78 GHz Processor",Memory Card Not Supported,iOS v17,Apple,8.0,256.0,4441.0,0.0,6.7,120.0,48.0,12.0,Bionic,Premium,8.56
Apple Iphone 16 (512Gb),102900,88,"Dual Sim, 3G, 4G, 5G, VoLTE, Wi-Fi, NFC",3561 mAh Battery with Fast Charging,"8 GB RAM, 512 GB inbuilt","6.1 inches, 1179 x 2556 px Display with Dynamic Island Display",48 MP + 12 MP Dual Rear & 12 MP Front Camera,"Bionic A18, Hexa Core, 4.04 GHz Processor",Memory Card Not Supported,iOS v18,Apple,8.0,512.0,3561.0,0.0,6.1,60.0,48.0,12.0,Bionic,Premium,8.55
Asus Rog Phone 9 Pro,101990,93,"Dual Sim, 3G, 4G, 5G, VoLTE, Wi-Fi, NFC",5800 mAh Battery with 65W Fast Charging,"16 GB RAM, 512 GB inbuilt","6.78 inches, 1080 x 2400 px, 185 Hz Display with Punch Hole",50 MP + 32 MP + 13 MP Triple Rear & 32 MP Front Camera,"Snapdragon 8 Elite, Octa Core, 4.32 GHz Processor",Memory Card Not Supported,iOS v18,Asus,16.0,512.0,5800.0,65.0,6.78,185.0,50.0,32.0,Snapdragon,Premium,9.12
Samsung Galaxy S25 Plus,99999,89,"Dual Sim, 3G, 4G, 5G, VoLTE, Vo5G, Wi-Fi, NFC",4900 mAh Battery with 45W Fast Charging,"12 GB RAM, 256 GB inbuilt","6.7 inches, 1440 x 3120 px, 120 Hz Display with Punch Hole",50 MP + 12 MP + 10 MP Triple Rear & 12 MP Front Camera,"Snapdragon 8Elite, Octa Core, 4.47 GHz Processor",Memory Card Not Supported,iOS v17,Samsung,12.0,256.0,4900.0,45.0,6.7,120.0,50.0,12.0,Snapdragon,Premium,8.9
Google Pixel 9 Pro,99999,92,"Dual Sim, 3G, 4G, 5G, VoLTE, Vo5G, Wi-Fi, NFC",4700 mAh Battery with 27W Fast Charging,"16 GB RAM, 256 GB inbuilt","6.3 inches, 1280 x 2856 px, 120 Hz Display with Punch Hole",50 MP + 48 MP + 48 MP Triple Rear & 42 MP Front Camera,"Tensor G4, Octa Core, 3.1 GHz Processor",Memory Card Not Supported,Android v11,Google,16.0,256.0,4700.0,27.0,6.3,120.0,50.0,42.0,Tensor,Premium,9.2
Xiaomi 14 Ultra,99999,96,"Dual Sim, 3G, 4G, 5G, VoLTE, Vo5G, Wi-Fi, NFC, IR Blaster",5000 mAh Battery with 90W Fast Charging,"16 GB RAM, 512 GB inbuilt","6.73 inches, 1440 x 3200 px, 120 Hz Display with Punch Hole",50 MP Quad Rear & 32 MP Front Camera,"Snapdragon 8 Gen3, Octa Core, 3.3 GHz Processor",Memory Card Not Supported,Android v12,Xiaomi,16.0,512.0,5000.0,90.0,6.73,120.0,50.0,32.0,Snapdragon,Premium,9.6
Apple Iphone 17 Plus,99999,77,"Dual Sim, 3G, 4G, 5G, VoLTE, Wi-Fi, NFC",5100 mAh Battery with Fast Charging,"8 GB RAM, 128 GB inbuilt","6.8 inches, 1284 x 3200 px, 120 Hz Display with Small Notch",50 MP + 12 MP Dual Rear & 12 MP Front Camera,"Bionic A19, Octa Core Processor",Memory Card Not Supported,iOS v19,Apple,8.0,128.0,5100.0,0.0,6.8,120.0,50.0,12.0,Bionic,Premium,7.7
Samsung Galaxy S26 Plus,99990,85,"Dual Sim, 3G, 4G, 5G, VoLTE, Vo5G, Wi-Fi, NFC",5500 mAh Battery with Fast Charging,"12 GB RAM, 256 GB inbuilt","6.8 inches, 1200 x 2480 px, 144 Hz Display with Punch Hole",50 MP + 50 MP + 50 MP Triple Rear & 50 MP Front Camera,Octa Core Processor,Memory Card Not Supported,Android v14,Samsung,12.0,256.0,5500.0,0.0,6.8,144.0,50.0,50.0,Octa,Premium,8.5
Vivo X100 Pro Plus,99990,94,"Dual Sim, 3G, 4G, 5G, VoLTE, Wi-Fi, NFC, IR Blaster",5400 mAh Battery with 100W Fast Charging,"12 GB RAM, 256 GB inbuilt","6.78 inches, 1440 x 3200 px, 120 Hz Display with Punch Hole",200 MP + 50 MP + 50 MP Triple Rear & 32 MP Front Camera,"Snapdragon 8 Gen3, Octa Core, 3.3 GHz Processor",Memory Card Not Supported,Android v13,Vivo,12.0,256.0,5400.0,100.0,6.78,120.0,200.0,32.0,Snapdragon,Premium,9.4
Google Pixel 8 Pro,96999,81,"Dual Sim, 3G, 4G, 5G, VoLTE, Wi-Fi, NFC",5050 mAh Battery with 30W Fast Charging,"12 GB RAM, 128 GB inbuilt","6.7 inches, 1344 x 2992 px, 120 Hz Display with Punch Hole",50 MP + 48 MP + 48 MP Triple Rear & 10.5 MP Front Camera,"Tensor G3, Nine Cores, 3 GHz Processor",Memory Card Not Supported,Android v13,Google,12.0,128.0,5050.0,30.0,6.7,120.0,50.0,,Tensor,Premium,8.35
Vivo X200 Pro 5G,94999,97,"Dual Sim, 3G, 4G, 5G, VoLTE, Wi-Fi, NFC, IR Blaster",6000 mAh Battery with 90W Fast Charging,"16 GB RAM, 512 GB inbuilt","6.78 inches, 1260 x 2800 px, 120 Hz Display with Punch Hole",200 MP + 50 MP + 50 MP Triple Rear & 32 MP Front Camera,"Dimensity 9400, Octa Core, 3.63 GHz Processor",Memory Card Not Supported,Android v15,Vivo,16.0,512.0,6000.0,90.0,6.78,120.0,200.0,32.0,Dimensity,Premium,10.21
Samsung Galaxy S25 (12Gb Ram + 512Gb),92999,89,"Dual Sim, 3G, 4G, 5G, VoLTE, Vo5G, Wi-Fi, NFC",4000 mAh Battery with 25W Fast Charging,"12 GB RAM, 512 GB inbuilt","6.2 inches, 1080 x 2340 px, 120 Hz Display with Punch Hole",50 MP + 12 MP + 10 MP Triple Rear & 12 MP Front Camera,"Snapdragon 8Elite, Octa Core, 4.47 GHz Processor",Memory Card Not Supported,Android v16,Samsung,12.0,512.0,4000.0,25.0,6.2,120.0,50.0,12.0,Snapdragon,Premium,9.57
Unihertz Tank 3 Pro 5G,91500,98,"Dual Sim, 3G, 4G, 5G, Wi-Fi, NFC, IR Blaster",23800 mAh Battery with 120W Fast Charging,"16 GB RAM, 512 GB inbuilt","6.79 inches, 1080 x 2460 px, 120 Hz Display with Punch Hole",200 MP Quad Rear & 50 MP Front Camera,"Dimensity 8200, Octa Core, 3.1 GHz Processor",Memory Card Supported,Android v13,Unihertz,16.0,512.0,23800.0,120.0,6.79,120.0,200.0,50.0,Dimensity,Premium,10.71
Apple Iphone 16 Plus (256Gb),91490,85,"Dual Sim, 3G, 4G, 5G, VoLTE, Wi-Fi, NFC",4674 mAh Battery with Fast Charging,256 GB inbuilt,"6.7 inches, 1290 x 2796 px Display with Dynamic Island",48 MP + 12 MP Dual Rear & 12 MP Front Camera,"Bionic A18, Hexa Core, 4.04 GHz Processor",Memory Card Not Supported,iOS v18,Apple,,256.0,4674.0,0.0,6.7,60.0,48.0,12.0,Bionic,Premium,9.29
Samsung Galaxy S24 Ultra,90888,94,"Dual Sim, 3G, 4G, 5G, VoLTE, Vo5G, Wi-Fi, NFC",5000 mAh Battery with 45W Fast Charging,"12 GB RAM, 256 GB inbuilt","6.8 inches, 1440 x 3120 px, 120 Hz Display with Punch Hole",200 MP Quad Rear & 12 MP Front Camera,"Snapdragon 8 Gen3, Octa Core, 3.3 GHz Processor",Memory Card Not Supported,Android v14,Samsung,12.0,256.0,5000.0,45.0,6.8,120.0,200.0,12.0,Snapdragon,Premium,10.34
Oppo Find X8 Pro 5G,89999,95,"Dual Sim, 3G, 4G, 5G, VoLTE, Wi-Fi, NFC, IR Blaster",5910 mAh Battery with 80W Fast Charging,"16 GB RAM, 512 GB inbuilt","6.78 inches, 1264 x 2780 px, 120 Hz Display with Punch Hole",50 MP Quad Rear & 32 MP Front Camera,"Dimensity 9400, Octa Core, 3.63 GHz Processor",Memory Card Not Supported,Android v14,Oppo,16.0,512.0,5910.0,80.0,6.78,120.0,50.0,32.0,Dimensity,Premium,10.56
Oneplus 13 (24Gb Ram+ 1Tb),89998,95,"Dual Sim, 3G, 4G, 5G, VoLTE, Vo5G, Wi-Fi, NFC, IR Blaster",6000 mAh Battery with 100W Fast Charging,"24 GB RAM, 1 TB inbuilt","6.82 inches, 1440 x 3168 px, 120 Hz Display with Punch Hole",50 MP + 50 MP + 50 MP Triple Rear & 32 MP Front Camera,"Snapdragon 8 Elite, Octa Core, 4.32 GHz Processor",Memory Card Not Supported,Android v15,Oneplus,24.0,,6000.0,100.0,6.82,120.0,50.0,32.0,Snapdragon,Premium,10.56
Apple Iphone 17,89990,79,"Dual Sim, 3G, 4G, 5G, VoLTE, Wi-Fi, NFC",4190 mAh Battery with Fast Charging,"12 GB RAM, 128 GB inbuilt","6.3 inches, 1200 x 2600 px, 120 Hz Display with Small Notch",50 MP + 12 MP Dual Rear & 24 MP Front Camera,"Bionic A19, Octa Core Processor",Memory Card Not Supported,iOS v19,Apple,12.0,128.0,4190.0,0.0,6.3,120.0,50.0,24.0,Bionic,Premium,8.78
Iqoo 15 Pro,89990,84,"Dual Sim, 3G, 4G, 5G, VoLTE, Wi-Fi, NFC, IR Blaster",7000 mAh Battery with 150W Fast Charging,"12 GB RAM, 256 GB inbuilt","6.88 inches, 1440 x 3168 px, 144 Hz Display with Punch Hole",50 MP Quad Rear & 50 MP Front Camera,Octa Core Processor,Memory Card Not Supported,Android v15,Iqoo,12.0,256.0,7000.0,150.0,6.88,144.0,50.0,50.0,Octa,Premium,9.33
Oneplus 14 Pro,89990,85,"Dual Sim, 3G, 4G, 5G, VoLTE, Vo5G, Wi-Fi, NFC, IR Blaster",6500 mAh Battery with 120W Fast Charging,"12 GB RAM, 256 GB inbuilt","6.84 inches, 1440 x 3168 px, 120 Hz Display with Punch Hole",50 MP + 50 MP + 50 MP Triple Rear & 50 MP Front Camera,"Snapdragon 8 Elite 2, Octa Core Processor",Memory Card Not Supported,Android v16,Oneplus,12.0,256.0,6500.0,120.0,6.84,120.0,50.0,50.0,Snapdragon,Premium,9.45
Apple Iphone 17 Slim,89990,77,"Dual Sim, 3G, 4G, 5G, VoLTE, Wi-Fi, NFC",5100 mAh Battery with Fast Charging,"8 GB RAM, 128 GB inbuilt","6.65 inches, 1284 x 3200 px, 120 Hz Display with Small Notch",50 MP Rear & 24 MP Front Camera,"Bionic A18, Octa Core Processor",Memory Card Not Supported,iOS v19,Apple,8.0,128.0,5100.0,0.0,6.65,120.0,50.0,24.0,Bionic,Premium,8.56
Honor Magic 6 Pro,89800,95,"Dual Sim, 3G, 4G, 5G, VoLTE, Wi-Fi, NFC, IR Blaster",5600 mAh Battery with 80W Fast Charging,"12 GB RAM, 512 GB inbuilt","6.8 inches, 1280 x 2800 px, 120 Hz Display with Punch Hole",180 MP + 50 MP + 50 MP Triple Rear & 50 MP Front Camera,"Snapdragon 8 Gen3, Octa Core, 3.3 GHz Processor",Memory Card Not Supported,Android v13,Honor,12.0,512.0,5600.0,80.0,6.8,120.0,180.0,50.0,Snapdragon,Premium,10.58
Samsung Galaxy S23 Ultra 5G,89399,93,"Dual Sim, 3G, 4G, 5G, VoLTE, Vo5G, Wi-Fi, NFC",5000 mAh Battery with 45W Fast Charging,"12 GB RAM, 256 GB inbuilt","6.8 inches, 1440 x 3088 px, 120 Hz Display with Punch Hole",200 MP Quad Rear & 12 MP Front Camera,"Snapdragon 8 Gen 2, Octa Core, 3.36 GHz Processor",Memory Card Not Supported,Android v13,Samsung,12.0,256.0,5000.0,45.0,6.8,120.0,200.0,12.0,Snapdragon,Premium,10.4
Honor Magic 8 Pro,88990,86,"Dual Sim, 3G, 4G, 5G, VoLTE, Wi-Fi, NFC, IR Blaster",6500 mAh Battery with 120W Fast Charging,"12 GB RAM, 256 GB inbuilt","6.82 inches, 1280 x 2800 px, 120 Hz Display with Punch Hole",50 MP Quad Rear & 50 MP Front Camera,"Snapdragon 8 Elite 2, Octa Core Processor",Memory Card Not Supported,Android v14,Honor,12.0,256.0,6500.0,120.0,6.82,120.0,50.0,50.0,Snapdragon,Premium,9.66
Apple Iphone 16E (512Gb),84990,87,"Dual Sim, 3G, 4G, 5G, VoLTE, Wi-Fi, NFC",4005 mAh Battery with Fast Charging,"8 GB RAM, 512 GB inbuilt","6.1 inches, 1170 x 2532 px Display with Small Notch",48 MP Rear & 12 MP Front Camera,"Bionic A18, Hexa Core, 4.04 GHz Processor",Memory Card Not Supported,iOS v18,Apple,8.0,512.0,4005.0,0.0,6.1,60.0,48.0,12.0,Bionic,Premium,10.24
Asus Rog Phone 9,83990,91,"Dual Sim, 3G, 4G, 5G, VoLTE, Wi-Fi, NFC",5800 mAh Battery with 65W Fast Charging,"12 GB RAM, 256 GB inbuilt","6.78 inches, 1080 x 2400 px, 185 Hz Display with Punch Hole",50 MP + 13 MP + 5 MP Triple Rear & 32 MP Front Camera,"Snapdragon 8 Elite, Octa Core, 4.32 GHz Processor",Memory Card Not Supported,Android v14,Asus,12.0,256.0,5800.0,65.0,6.78,185.0,50.0,32.0,Snapdragon,Premium,10.83
Samsung Galaxy S21 Plus,81999,88,"Dual Sim, 3G, 4G, 5G, VoLTE, Wi-Fi, NFC",4800 mAh Battery with 25W Fast Charging,"8 GB RAM, 128 GB inbuilt","6.7 inches, 1080 x 2400 px, 120 Hz Display with Punch Hole",64 MP + 12 MP + 12 MP Triple Rear & 10 MP Front Camera,"Exynos 2100, Octa Core, 2.9 GHz Processor",Memory Card Not Supported,Android v12,Samsung,8.0,128.0,4800.0,25.0,6.7,120.0,64.0,10.0,Exynos,Premium,10.73
Apple Iphone 16 Plus,81490,84,"Dual Sim, 3G, 4G, 5G, VoLTE, Wi-Fi, NFC",4674 mAh Battery with Fast Charging,128 GB inbuilt,"6.7 inches, 1290 x 2796 px Display with Dynamic Island",48 MP + 12 MP Dual Rear & 12 MP Front Camera,"Bionic A18, Hexa Core, 4.04 GHz Processor",Memory Card Not Supported,iOS v18,Apple,,128.0,4674.0,0.0,6.7,60.0,48.0,12.0,Bionic,Premium,10.31
Apple Iphone 16 (256Gb),81490,87,"Dual Sim, 3G, 4G, 5G, VoLTE, Wi-Fi, NFC",3561 mAh Battery with Fast Charging,"8 GB RAM, 256 GB inbuilt","6.1 inches, 1179 x 2556 px Display with Dynamic Island Display",48 MP + 12 MP Dual Rear & 12 MP Front Camera,"Bionic A18, Hexa Core, 4.04 GHz Processor",Memory Card Not Supported,iOS v18,Apple,8.0,256.0,3561.0,0.0,6.1,60.0,48.0,12.0,Bionic,Premium,10.68
Apple Iphone 15 Plus (256Gb),81490,85,"Dual Sim, 3G, 4G, 5G, VoLTE, Wi-Fi, NFC",4383 mAh Battery with Fast Charging,"6 GB RAM, 256 GB inbuilt","6.7 inches, 1290 x 2796 px Display with Dynamic Island",48 MP + 12 MP Dual Rear & 12 MP Front Camera,"Bionic A16, Hexa Core, 3.46 GHz Processor",Memory Card Not Supported,iOS v17,Apple,6.0,256.0,4383.0,0.0,6.7,60.0,48.0,12.0,Bionic,Premium,10.43
Nubia Red Magic 9 Pro Plus (24Gb Ram + 1Tb),80990,90,"Dual Sim, 3G, 4G, 5G, VoLTE, Wi-Fi, NFC",5500 mAh Battery with 165W Fast Charging,"24 GB RAM, 1 TB inbuilt","6.8 inches, 1116 x 2480 px, 120 Hz Display",50 MP + 50 MP + 2 MP Triple Rear & 16 MP Front Camera,"Snapdragon 8 Gen3, Octa Core, 3.3 GHz Processor",Memory Card Not Supported,Android v14,Nubia,24.0,,5500.0,165.0,6.8,120.0,50.0,16.0,Snapdragon,Premium,11.11
Oppo Find X8 5G (16Gb Ram + 512Gb),79999,93,"Dual Sim, 3G, 4G, 5G, VoLTE, Wi-Fi, NFC, IR Blaster",5630 mAh Battery with 80W Fast Charging,"16 GB RAM, 512 GB inbuilt","6.59 inches, 1256 x 2760 px, 120 Hz Display with Punch Hole",50 MP + 50 MP + 50 MP Triple Rear & 32 MP Front Camera,"Dimensity 9400, Octa Core, 3.63 GHz Processor",Memory Card Not Supported,Android v15,Oppo,16.0,512.0,5630.0,80.0,6.59,120.0,50.0,32.0,Dimensity,Premium,11.63
Vivo X200 Ultra,79990,97,"Dual Sim, 3G, 4G, 5G, VoLTE, Wi-Fi, NFC, IR Blaster",6000 mAh Battery with 100W Fast Charging,"12 GB RAM, 256 GB inbuilt","6.82 inches, 1260 x 3200 px, 144 Hz Display with Punch Hole",200 MP + 50 MP + 50 MP Triple Rear & 50 MP Front Camera,"Snapdragon 8 Elite, Octa Core, 4.32 GHz Processor",Memory Card Not Supported,Android v15,Vivo,12.0,256.0,6000.0,100.0,6.82,144.0,200.0,50.0,Snapdragon,Premium,12.13
Apple Iphone 17 Air,79990,75,"Dual Sim, 3G, 4G, 5G, VoLTE, Wi-Fi, NFC",3000 mAh Battery with Fast Charging,"8 GB RAM, 128 GB inbuilt","6.1 inches, 1200 x 2600 px Display with Small Notch",12 MP + 12 MP Dual Rear & 24 MP Front Camera,"Apple, Octa Core Processor",Memory Card Not Supported,iOS v18,Apple,8.0,128.0,3000.0,0.0,6.1,60.0,12.0,24.0,"Apple,",Premium,9.38
Iqoo 14 Pro,79990,83,"Dual Sim, 3G, 4G, 5G, VoLTE, Wi-Fi, NFC, IR Blaster",6500 mAh Battery with 150W Fast Charging,"12 GB RAM, 256 GB inbuilt","6.88 inches, 1440 x 3168 px, 120 Hz Display with Punch Hole",50 MP + 50 MP + 50 MP Triple Rear & 50 MP Front Camera,"Snapdragon 8 Elite 2, Octa Core Processor",Memory Card Not Supported,Android v14,Iqoo,12.0,256.0,6500.0,150.0,6.88,120.0,50.0,50.0,Snapdragon,Premium,10.38
Vivo X300 Ultra,79990,87,"Dual Sim, 3G, 4G, 5G, VoLTE, Wi-Fi, NFC, IR Blaster",6000 mAh Battery with 120W Fast Charging,"12 GB RAM, 256 GB inbuilt","6.8 inches, 1260 x 2800 px, 120 Hz Display with Punch Hole",200 MP + 50 MP + 50 MP Triple Rear & 50 MP Front Camera,Octa Core Processor,Memory Card Not Supported,Android v15,Vivo,12.0,256.0,6000.0,120.0,6.8,120.0,200.0,50.0,Octa,Premium,10.88
Samsung Galaxy S26,79990,84,"Dual Sim, 3G, 4G, 5G, VoLTE, Vo5G, Wi-Fi, NFC",5000 mAh Battery with Fast Charging,"12 GB RAM, 256 GB inbuilt","6.74 inches, 1800 x 3200 px, 144 Hz Display with Punch Hole",50 MP + 50 MP + 50 MP Triple Rear & 32 MP Front Camera,Octa Core Processor,Memory Card Not Supported,Android v14,Samsung,12.0,256.0,5000.0,0.0,6.74,144.0,50.0,32.0,Octa,Premium,10.5
Xiaomi 15 Pro,79990,93,"Dual Sim, 3G, 4G, 5G, VoLTE, Wi-Fi, NFC, IR Blaster",6100 mAh Battery with 90W Fast Charging,"12 GB RAM, 256 GB inbuilt","6.73 inches, 1440 x 3200 px, 120 Hz Display with Punch Hole",50 MP + 50 MP + 50 MP Triple Rear & 32 MP Front Camera,"Snapdragon 8 Elite, Octa Core, 4.32 GHz Processor",Memory Card Not Supported,Android v15,Xiaomi,12.0,256.0,6100.0,90.0,6.73,120.0,50.0,32.0,Snapdragon,Premium,11.63
Oneplus 13 (16Gb Ram+ 512Gb),76998,94,"Dual Sim, 3G, 4G, 5G, VoLTE, Vo5G, Wi-Fi, NFC, IR Blaster",6000 mAh Battery with 100W Fast Charging,"16 GB RAM, 512 GB inbuilt","6.82 inches, 1440 x 3168 px, 120 Hz Display with Punch Hole",50 MP + 50 MP + 50 MP Triple Rear & 32 MP Front Camera,"Snapdragon 8 Elite, Octa Core, 4.32 GHz Processor",Memory Card Not Supported,Android v15,Oneplus,16.0,512.0,6000.0,100.0,6.82,120.0,50.0,32.0,Snapdragon,Premium,12.21
Oppo Find X8 Ultra,76990,94,"Dual Sim, 3G, 4G, 5G, VoLTE, Wi-Fi, NFC, IR Blaster",6100 mAh Battery with 100W Fast Charging,"12 GB RAM, 256 GB inbuilt","6.82 inches, 1440 x 3168 px, 120 Hz Display with Punch Hole",50 MP Quad Rear & 32 MP Front Camera,"Snapdragon 8 Elite, Octa Core, 4.32 GHz Processor",Memory Card Not Supported,Android v14,Oppo,12.0,256.0,6100.0,100.0,6.82,120.0,50.0,32.0,Snapdragon,Premium,12.21
Vivo X100 Ultra,76990,96,"Dual Sim, 3G, 4G, 5G, VoLTE, Wi-Fi, NFC, IR Blaster",5500 mAh Battery with 80W Fast Charging,"12 GB RAM, 256 GB inbuilt","6.78 inches, 1260 x 2800 px, 120 Hz Display with Punch Hole",200 MP + 50 MP + 50 MP Triple Rear & 50 MP Front Camera,"Snapdragon 8 Gen3, Octa Core, 3.3 GHz Processor",Memory Card Not Supported,Android v14,Vivo,12.0,256.0,5500.0,80.0,6.78,120.0,200.0,50.0,Snapdragon,Premium,12.47
Samsung Galaxy S23 Plus (8Gb Ram + 512Gb),75000,89,"Dual Sim, 3G, 4G, 5G, VoLTE, Vo5G, Wi-Fi, NFC",4700 mAh Battery with 45W Fast Charging,"8 GB RAM, 512 GB inbuilt","6.6 inches, 1080 x 2340 px, 120 Hz Display with Punch Hole",50 MP + 12 MP + 10 MP Triple Rear & 12 MP Front Camera,"Snapdragon 8 Gen 2, Octa Core, 3.36 GHz Processor",Memory Card Not Supported,Android v13,Samsung,8.0,512.0,4700.0,45.0,6.6,120.0,50.0,12.0,Snapdragon,Premium,11.87
Google Pixel 9,74999,89,"Dual Sim, 3G, 4G, 5G, VoLTE, Vo5G, Wi-Fi, NFC",4700 mAh Battery with 27W Fast Charging,"12 GB RAM, 256 GB inbuilt","6.3 inches, 1080 x 2424 px, 120 Hz Display with Punch Hole",50 MP + 48 MP Dual Rear & 10.5 MP Front Camera,"Tensor G4, Octa Core, 3.1 GHz Processor",Memory Card Not Supported,Android v13,Google,12.0,256.0,4700.0,27.0,6.3,120.0,50.0,,Tensor,Premium,11.87
Samsung Galaxy S25 (12Gb Ram + 128Gb),74998,89,"Dual Sim, 3G, 4G, 5G, VoLTE, Vo5G, Wi-Fi, NFC",4000 mAh Battery with 25W Fast Charging,"12 GB RAM, 128 GB inbuilt","6.2 inches, 1080 x 2340 px, 120 Hz Display with Punch Hole",50 MP + 12 MP + 10 MP Triple Rear & 12 MP Front Camera,"Snapdragon 8Elite, Octa Core, 4.47 GHz Processor",Memory Card Not Supported,Android v14,Samsung,12.0,128.0,4000.0,25.0,6.2,120.0,50.0,12.0,Snapdragon,Premium,11.87
Xiaomi 15S Pro,74990,86,"Dual Sim, 3G, 4G, 5G, VoLTE, Wi-Fi, NFC, IR Blaster",6000 mAh Battery with 120W Fast Charging,"12 GB RAM, 256 GB inbuilt","6.76 inches, 1440 x 3200 px, 165 Hz Display with Punch Hole",50 MP Quad Rear & 50 MP Front Camera,"Snapdragon 8+ Gen4, Octa Core Processor",Memory Card Not Supported,Android v14,Xiaomi,12.0,256.0,6000.0,120.0,6.76,165.0,50.0,50.0,Snapdragon,Premium,11.47
Xiaomi 14T Pro 5G,74990,91,"Dual Sim, 3G, 4G, 5G, VoLTE, Wi-Fi, NFC, IR Blaster",5000 mAh Battery with 120W Fast Charging,"12 GB RAM, 256 GB inbuilt","6.67 inches, 1220 x 2712 px, 144 Hz Display with Punch Hole",50 MP + 50 MP + 12 MP Triple Rear & 32 MP Front Camera,"Dimensity 9300 Plus, Octa Core, 3.25 GHz Processor",Memory Card Not Supported,Android v14,Xiaomi,12.0,256.0,5000.0,120.0,6.67,144.0,50.0,32.0,Dimensity,Premium,12.13
Huawei Pura 70 Pro,74990,83,"Dual Sim, 3G, 4G, 5G, VoLTE, Wi-Fi, NFC, IR Blaster",5050 mAh Battery with 100W Fast Charging,"12 GB RAM, 256 GB inbuilt","6.8 inches, 1260 x 2844 px, 120 Hz Display with Punch Hole",50 MP + 48 MP + 12.5 MP Triple Rear & 13 MP Front Camera,"Kirin 9010, Octa Core Processor",Memory Card Not Supported,Android v13,Huawei,12.0,256.0,5050.0,100.0,6.8,120.0,50.0,13.0,Kirin,Premium,11.07
Iqoo 13 Pro,72990,86,"Dual Sim, 3G, 4G, 5G, VoLTE, Wi-Fi, NFC",5000 mAh Battery with 250W Fast Charging,"12 GB RAM, 512 GB inbuilt","6.8 inches, 1440 x 3200 px, 165 Hz Display with Punch Hole",200 MP + 50 MP + 50 MP Triple Rear & 60 MP Front Camera,"Snapdragon 8 Gen4, Octa Core Processor",Memory Card Not Supported,Android v11,Iqoo,12.0,512.0,5000.0,250.0,6.8,165.0,200.0,60.0,Snapdragon,Premium,11.78
Vivo X200 (16Gb Ram + 512Gb),71999,93,"Dual Sim, 3G, 4G, 5G, VoLTE, Wi-Fi, NFC, IR Blaster",5800 mAh Battery with 90W Fast Charging,"16 GB RAM, 512 GB inbuilt","6.67 inches, 1260 x 2800 px, 120 Hz Display with Punch Hole",50 MP + 50 MP + 50 MP Triple Rear & 32 MP Front Camera,"Dimensity 9400, Octa Core, 3.63 GHz Processor",Memory Card Not Supported,Android v15,Vivo,16.0,512.0,5800.0,90.0,6.67,120.0,50.0,32.0,Dimensity,Premium,12.92
Oppo Find X6 Pro,71990,91,"Dual Sim, 3G, 4G, 5G, VoLTE, Wi-Fi, NFC, IR Blaster",5000 mAh Battery with 100W Fast Charging,"12 GB RAM, 256 GB inbuilt","6.82 inches, 1440 x 3168 px, 120 Hz Display with Punch Hole",50 MP + 50 MP + 50 MP Triple Rear & 32 MP Front Camera,"Snapdragon 8 Gen2, Octa Core, 3.2 GHz Processor",Memory Card Not Supported,Android v12,Oppo,12.0,256.0,5000.0,100.0,6.82,120.0,50.0,32.0,Snapdragon,Premium,12.64
Apple Iphone 15 Plus,71490,84,"Dual Sim, 3G, 4G, 5G, VoLTE, Wi-Fi, NFC",4383 mAh Battery with Fast Charging,"6 GB RAM, 128 GB inbuilt","6.7 inches, 1290 x 2796 px Display with Dynamic Island",48 MP + 12 MP Dual Rear & 12 MP Front Camera,"Bionic A16, Hexa Core, 3.46 GHz Processor",Memory Card Not Supported,iOS v17,Apple,6.0,128.0,4383.0,0.0,6.7,60.0,48.0,12.0,Bionic,Premium,11.75
Apple Iphone 15 (256Gb),71400,84,"Dual Sim, 3G, 4G, 5G, VoLTE, Wi-Fi, NFC",3349 mAh Battery with Fast Charging,"6 GB RAM, 256 GB inbuilt","6.1 inches, 1179 x 2556 px Display with Dynamic Island",48 MP + 12 MP Dual Rear & 12 MP Front Camera,"Bionic A16, Hexa Core, 3.46 GHz Processor",Memory Card Not Supported,iOS v17,Apple,6.0,256.0,3349.0,0.0,6.1,60.0,48.0,12.0,Bionic,Premium,11.76
Apple Iphone 16,71290,87,"Dual Sim, 3G, 4G, 5G, VoLTE, Wi-Fi, NFC",3561 mAh Battery with Fast Charging,"8 GB RAM, 128 GB inbuilt","6.1 inches, 1179 x 2556 px Display with Dynamic Island Display",48 MP + 12 MP Dual Rear & 12 MP Front Camera,"Bionic A18, Hexa Core, 4.04 GHz Processor",Memory Card Not Supported,iOS v18,Apple,8.0,128.0,3561.0,0.0,6.1,60.0,48.0,12.0,Bionic,Premium,12.2
Oneplus 13 Pro,70990,86,"Dual Sim, 3G, 4G, 5G, VoLTE, Vo5G, Wi-Fi, NFC",4800 mAh Battery with 200W Fast Charging,"12 GB RAM, 256 GB inbuilt","6.78 inches, 1440 x 3412 px, 165 Hz Display with Punch Hole",200 MP + 50 MP + 48 MP Triple Rear & 32 MP Front Camera,"Snapdragon 8 Gen4, Octa Core Processor",Memory Card Not Supported,Android v13,Oneplus,12.0,256.0,4800.0,200.0,6.78,165.0,200.0,32.0,Snapdragon,Premium,12.11
Tesla Pi Phone,69999,84,"Dual Sim, 3G, 4G, 5G, VoLTE, Wi-Fi, NFC",5000 mAh Battery with 120W Fast Charging,"16 GB RAM, 512 GB inbuilt","6.73 inches, 1080 x 2448 px, 165 Hz Display",50 MP + 50 MP + 50 MP Triple Rear & 32 MP Front Camera,Octa Core Processor,Memory Card Not Supported,Android v13,Tesla,16.0,512.0,5000.0,120.0,6.73,165.0,50.0,32.0,Octa,Premium,12.0
Oneplus 12 Pro,69999,93,"Dual Sim, 3G, 4G, 5G, VoLTE, Vo5G, Wi-Fi, NFC",4800 mAh Battery with 100W Fast Charging,"12 GB RAM, 256 GB inbuilt","6.73 inches, 1440 x 3412 px, 144 Hz Display with Punch Hole",108 MP + 50 MP + 48 MP Triple Rear & 32 MP Front Camera,"Snapdragon 8 Gen3, Octa Core, 3.3 GHz Processor",Memory Card Not Supported,Android v12,Oneplus,12.0,256.0,4800.0,100.0,6.73,144.0,108.0,32.0,Snapdragon,Premium,13.29
Oneplus 13,69998,93,"Dual Sim, 3G, 4G, 5G, VoLTE, Vo5G, Wi-Fi, NFC, IR Blaster",6000 mAh Battery with 100W Fast Charging,"12 GB RAM, 256 GB inbuilt","6.82 inches, 1440 x 3168 px, 120 Hz Display with Punch Hole",50 MP + 50 MP + 50 MP Triple Rear & 32 MP Front Camera,"Snapdragon 8 Elite, Octa Core, 4.32 GHz Processor",Memory Card Not Supported,Android v15,Oneplus,12.0,256.0,6000.0,100.0,6.82,120.0,50.0,32.0,Snapdragon,Premium,13.29
Iqoo 14 5G,69990,86,"Dual Sim, 3G, 4G, 5G, VoLTE, Wi-Fi, NFC",6000 mAh Battery with 150W Fast Charging,"12 GB RAM, 512 GB inbuilt","6.84 inches, 1260 x 2880 px, 165 Hz Display with Punch Hole",50 MP Quad Rear & 50 MP Front Camera,Octa Core Processor,Memory Card Not Supported,Android v14,Iqoo,12.0,512.0,6000.0,150.0,6.84,165.0,50.0,50.0,Octa,Premium,12.29
Motorola Edge 60 Ultra,69990,94,"Dual Sim, 3G, 4G, 5G, VoLTE, Vo5G, Wi-Fi, NFC",4600 mAh Battery with 150W Fast Charging,"12 GB RAM, 512 GB inbuilt","6.82 inches, 1200 x 2780 px, 165 Hz Display with Punch Hole",200 MP + 50 MP + 50 MP Triple Rear & 60 MP Front Camera,"Snapdragon 8 Elite, Octa Core, 4.32 GHz Processor",Memory Card Not Supported,Android v14,Motorola,12.0,512.0,4600.0,150.0,6.82,165.0,200.0,60.0,Snapdragon,Premium,13.43
Oneplus 14,69990,85,"Dual Sim, 3G, 4G, 5G, VoLTE, Vo5G, Wi-Fi, NFC, IR Blaster",6500 mAh Battery with 120W Fast Charging,"12 GB RAM, 256 GB inbuilt","6.82 inches, 1440 x 3168 px, 144 Hz Display with Punch Hole",50 MP Quad Rear & 50 MP Front Camera,Octa Core Processor,Memory Card Not Supported,Android v15,Oneplus,12.0,256.0,6500.0,120.0,6.82,144.0,50.0,50.0,Octa,Premium,12.14
Vivo X300 Pro 5G,69990,87,"Dual Sim, 3G, 4G, 5G, VoLTE, Wi-Fi, NFC, IR Blaster",6500 mAh Battery with 120W Fast Charging,"12 GB RAM, 256 GB inbuilt","6.82 inches, 1260 x 2800 px, 120 Hz Display with Punch Hole",200 MP + 50 MP + 50 MP Triple Rear & 50 MP Front Camera,"Dimensity 9500, Octa Core Processor",Memory Card Not Supported,Android v15,Vivo,12.0,256.0,6500.0,120.0,6.82,120.0,200.0,50.0,Dimensity,Premium,12.43
Nubia Red Magic 10 Pro Plus 5G,69990,90,"Dual Sim, 3G, 4G, 5G, VoLTE, Wi-Fi, NFC, IR Blaster",7050 mAh Battery with 120W Fast Charging,"16 GB RAM, 512 GB inbuilt","6.85 inches, 1216 x 2688 px, 144 Hz Display",50 MP + 50 MP + 2 MP Triple Rear & 16 MP Front Camera,"Snapdragon 8 Elite, Octa Core, 4.32 GHz Processor",Memory Card Not Supported,Android v14,Nubia,16.0,512.0,7050.0,120.0,6.85,144.0,50.0,16.0,Snapdragon,Premium,12.86
Xiaomi 16 Pro,69990,85,"Dual Sim, 3G, 4G, 5G, VoLTE, Wi-Fi, NFC, IR Blaster",6500 mAh Battery with 120W Fast Charging,"12 GB RAM, 256 GB inbuilt","6.78 inches, 1440 x 3200 px, 144 Hz Display with Punch Hole",50 MP Quad Rear & 50 MP Front Camera,Octa Core Processor,Memory Card Not Supported,Android v15,Xiaomi,12.0,256.0,6500.0,120.0,6.78,144.0,50.0,50.0,Octa,Premium,12.14
Google Pixel 10,69990,77,"Dual Sim, 3G, 4G, 5G, VoLTE, Vo5G, Wi-Fi, NFC",5100 mAh Battery with 45W Fast Charging,"8 GB RAM, 256 GB inbuilt","6.2 inches, 1080 x 2400 px, 120 Hz Display with Punch Hole",50 MP + 13 MP + 11 MP Triple Rear & 11 MP Front Camera,"Tensor G5, Octa Core Processor",Memory Card Not Supported,Android v16,Google,8.0,256.0,5100.0,45.0,6.2,120.0,50.0,11.0,Tensor,Premium,11.0
Nubia Red Magic 10 Ultra 5G,69990,89,"Dual Sim, 3G, 4G, 5G, VoLTE, Wi-Fi, NFC",7000 mAh Battery with 180W Fast Charging,"12 GB RAM, 256 GB inbuilt","7 inches, 1116 x 2480 px, 144 Hz Display",50 MP + 50 MP + 5 MP Triple Rear & 32 MP Front Camera,"Snapdragon 8 Elite, Octa Core, 4.32 GHz Processor",Memory Card Not Supported,Android v14,Nubia,12.0,256.0,7000.0,180.0,7.0,144.0,50.0,32.0,Snapdragon,Premium,12.72
Oppo Find X7 Ultra,69990,94,"Dual Sim, 3G, 4G, 5G, VoLTE, Wi-Fi, NFC, IR Blaster",5000 mAh Battery with 100W Fast Charging,"12 GB RAM, 256 GB inbuilt","6.82 inches, 1440 x 3168 px, 120 Hz Display with Punch Hole",50 MP Quad Rear & 32 MP Front Camera,"Snapdragon 8 Gen3, Octa Core, 3.3 GHz Processor",Memory Card Not Supported,Android v14,Oppo,12.0,256.0,5000.0,100.0,6.82,120.0,50.0,32.0,Snapdragon,Premium,13.43
Iqoo 15,69990,84,"Dual Sim, 3G, 4G, 5G, VoLTE, Wi-Fi, NFC, IR Blaster",6700 mAh Battery with 150W Fast Charging,"12 GB RAM, 256 GB inbuilt","6.84 inches, 1440 x 3168 px, 165 Hz Display with Punch Hole",50 MP Quad Rear & 50 MP Front Camera,"Snapdragon 8 Elite 2, Octa Core Processor",Memory Card Not Supported,Android v14,Iqoo,12.0,256.0,6700.0,150.0,6.84,165.0,50.0,50.0,Snapdragon,Premium,12.0
Oppo Find X9 Pro 5G,69990,84,"Dual Sim, 3G, 4G, 5G, VoLTE, Wi-Fi, NFC, IR Blaster",6500 mAh Battery with 120W Fast Charging,"12 GB RAM, 256 GB inbuilt","6.82 inches, 1264 x 2780 px, 120 Hz Display with Punch Hole",50 MP Quad Rear & 50 MP Front Camera,"Dimensity 9500, Octa Core Processor",Memory Card Not Supported,Android v14,Oppo,12.0,256.0,6500.0,120.0,6.82,120.0,50.0,50.0,Dimensity,Premium,12.0
Apple Iphone 14 Plus,69900,82,"Dual Sim, 3G, 4G, 5G, VoLTE, Wi-Fi, NFC",4325 mAh Battery with Fast Charging,"6 GB RAM, 128 GB inbuilt","6.7 inches, 1284 x 2778 px Display with Small Notch",12 MP + 12 MP Dual Rear & 12 MP Front Camera,"Bionic A15, Hexa Core, 3.22 GHz Processor",Memory Card Not Supported,iOS v16,Apple,6.0,128.0,4325.0,0.0,6.7,60.0,12.0,12.0,Bionic,Premium,11.73
Apple Iphone 15 Plus,68499,84,"Dual Sim, 3G, 4G, 5G, VoLTE, Wi-Fi, NFC",4383 mAh Battery with Fast Charging,"6 GB RAM, 128 GB inbuilt","6.7 inches, 1290 x 2796 px Display with Dynamic Island",48 MP + 12 MP Dual Rear & 12 MP Front Camera,"Bionic A16, Hexa Core, 3.46 GHz Processor",Memory Card Not Supported,iOS v17,Apple,6.0,128.0,4383.0,0.0,6.7,60.0,48.0,12.0,Bionic,Premium,12.26
Xiaomi 15T,67990,90,"Dual Sim, 3G, 4G, 5G, VoLTE, Wi-Fi, NFC, IR Blaster",6000 mAh Battery with 80W Fast Charging,"12 GB RAM, 256 GB inbuilt","6.7 inches, 1220 x 2712 px, 144 Hz Display with Punch Hole",50 MP + 50 MP + 50 MP Triple Rear & 32 MP Front Camera,"Dimensity 8400, Octa Core, 3.25 GHz Processor",Memory Card Not Supported,Android v16,Xiaomi,12.0,256.0,6000.0,80.0,6.7,144.0,50.0,32.0,Dimensity,Premium,13.24
Honor Magic 7 Pro,66990,95,"Dual Sim, 3G, 4G, 5G, VoLTE, Wi-Fi, NFC, IR Blaster",5850 mAh Battery with 100W Fast Charging,"12 GB RAM, 256 GB inbuilt","6.8 inches, 1280 x 2800 px, 120 Hz Display with Punch Hole",200 MP + 50 MP + 50 MP Triple Rear & 50 MP Front Camera,"Snapdragon 8 Elite, Octa Core, 4.32 GHz Processor",Memory Card Not Supported,Android v15,Honor,12.0,256.0,5850.0,100.0,6.8,120.0,200.0,50.0,Snapdragon,Premium,14.18
Apple Iphone 16E (256Gb),66190,86,"Dual Sim, 3G, 4G, 5G, VoLTE, Wi-Fi, NFC",4005 mAh Battery with Fast Charging,"8 GB RAM, 256 GB inbuilt","6.1 inches, 1170 x 2532 px Display with Small Notch",48 MP Rear & 12 MP Front Camera,"Bionic A18, Hexa Core, 4.04 GHz Processor",Memory Card Not Supported,iOS v18,Apple,8.0,256.0,4005.0,0.0,6.1,60.0,48.0,12.0,Bionic,Premium,12.99
Vivo X200 5G,65999,91,"Dual Sim, 3G, 4G, 5G, VoLTE, Wi-Fi, NFC, IR Blaster",5800 mAh Battery with 90W Fast Charging,"12 GB RAM, 256 GB inbuilt","6.67 inches, 1260 x 2800 px, 120 Hz Display with Punch Hole",50 MP + 50 MP + 50 MP Triple Rear & 32 MP Front Camera,"Dimensity 9400, Octa Core, 3.63 GHz Processor",Memory Card Not Supported,Android v15,Vivo,12.0,256.0,5800.0,90.0,6.67,120.0,50.0,32.0,Dimensity,Premium,13.79
Black Shark 7 Pro,65990,83,"Dual Sim, 3G, 4G, 5G, VoLTE, Wi-Fi, NFC",5000 mAh Battery with 200W Fast Charging,"16 GB RAM, 256 GB inbuilt","6.8 inches, 1080 x 2400 px, 165 Hz Display with Punch Hole",200 MP + 12 MP + 8 MP Triple Rear & 32 MP Front Camera,"Snapdragon 8 Gen4, Octa Core Processor",Memory Card Not Supported,Android v14,Black,16.0,256.0,5000.0,200.0,6.8,165.0,200.0,32.0,Snapdragon,Premium,12.58
Samsung Galaxy S24 Plus (12Gb Ram + 512Gb),65000,90,"Dual Sim, 3G, 4G, 5G, VoLTE, Vo5G, Wi-Fi, NFC",4900 mAh Battery with 45W Fast Charging,"12 GB RAM, 512 GB inbuilt","6.7 inches, 1440 x 3120 px, 120 Hz Display with Punch Hole",50 MP + 12 MP + 10 MP Triple Rear & 12 MP Front Camera,"Exynos 2400, Deca Core, 3.2 GHz Processor",Memory Card Not Supported,Android v14,Samsung,12.0,512.0,4900.0,45.0,6.7,120.0,50.0,12.0,Exynos,Premium,13.85
Xiaomi 15,64999,92,"Dual Sim, 3G, 4G, 5G, VoLTE, Vo5G, Wi-Fi, NFC, IR Blaster",5240 mAh Battery with 90W Fast Charging,"12 GB RAM, 512 GB inbuilt","6.36 inches, 1200 x 2670 px, 120 Hz Display with Punch Hole",50 MP + 50 MP + 50 MP Triple Rear & 32 MP Front Camera,"Snapdragon 8 Elite, Octa Core, 4.32 GHz Processor",Memory Card Not Supported,Android v15,Xiaomi,12.0,512.0,5240.0,90.0,6.36,120.0,50.0,32.0,Snapdragon,Premium,14.15
Iqoo 13 5G (16Gb Ram + 1Tb),64999,93,"Dual Sim, 3G, 4G, 5G, VoLTE, Wi-Fi, NFC, IR Blaster",6000 mAh Battery with 120W Fast Charging,"16 GB RAM, 1 TB inbuilt","6.82 inches, 1440 x 3168 px, 144 Hz Display with Punch Hole",50 MP + 50 MP + 50 MP Triple Rear & 32 MP Front Camera,"Snapdragon 8 Elite, Octa Core, 4.32 GHz Processor",Memory Card Not Supported,Android v15,Iqoo,16.0,,6000.0,120.0,6.82,144.0,50.0,32.0,Snapdragon,Premium,14.31
Iqoo 12 Pro,64990,93,"Dual Sim, 3G, 4G, 5G, VoLTE, Wi-Fi, NFC, IR Blaster",5100 mAh Battery with 120W Fast Charging,"16 GB RAM, 256 GB inbuilt","6.78 inches, 1440 x 3200 px, 144 Hz Display with Punch Hole",64 MP + 50 MP + 50 MP Triple Rear & 16 MP Front Camera,"Snapdragon 8 Gen3, Octa Core, 3.3 GHz Processor",Memory Card Not Supported,Android v13,Iqoo,16.0,256.0,5100.0,120.0,6.78,144.0,64.0,16.0,Snapdragon,Premium,14.31
Apple Iphone 14 (256Gb),64900,82,"Dual Sim, 3G, 4G, 5G, VoLTE, Wi-Fi, NFC",3279 mAh Battery with Fast Charging,"6 GB RAM, 256 GB inbuilt","6.1 inches, 1170 x 2532 px Display with Small Notch",12 MP + 12 MP Dual Rear & 12 MP Front Camera,"Bionic A15, Hexa Core, 3.22 GHz Processor",Memory Card Not Supported,iOS v16,Apple,6.0,256.0,3279.0,0.0,6.1,60.0,12.0,12.0,Bionic,Premium,12.63
Google Pixel 8 5G,63999,77,"Dual Sim, 3G, 4G, 5G, VoLTE, Wi-Fi, NFC",4575 mAh Battery with 30W Fast Charging,"8 GB RAM, 128 GB inbuilt","6.2 inches, 1080 x 2400 px, 120 Hz Display with Punch Hole",50 MP + 12 MP Dual Rear & 10.5 MP Front Camera,"Tensor G3, Nine Core, 3 GHz Processor",Memory Card Not Supported,Android v15,Google,8.0,128.0,4575.0,30.0,6.2,120.0,50.0,,Tensor,Premium,12.03
Samsung Galaxy S25 Fe,62990,80,"Dual Sim, 3G, 4G, 5G, VoLTE, Vo5G, Wi-Fi, NFC",5500 mAh Battery with Fast Charging,"12 GB RAM, 256 GB inbuilt","6.67 inches, 1080 x 2400 px, 120 Hz Display with Punch Hole",50 MP + 50 MP + 50 MP Triple Rear & 50 MP Front Camera,"Snapdragon 8 Gen4, Octa Core Processor",Memory Card Not Supported,Android v14,Samsung,12.0,256.0,5500.0,0.0,6.67,120.0,50.0,50.0,Snapdragon,Premium,12.7
Oppo Find X8 5G,61999,92,"Dual Sim, 3G, 4G, 5G, VoLTE, Wi-Fi, NFC, IR Blaster",5630 mAh Battery with 80W Fast Charging,"12 GB RAM, 256 GB inbuilt","6.59 inches, 1256 x 2760 px, 120 Hz Display with Punch Hole",50 MP + 50 MP + 50 MP Triple Rear & 32 MP Front Camera,"Dimensity 9400, Octa Core, 3.63 GHz Processor",Memory Card Not Supported,Android v15,Oppo,12.0,256.0,5630.0,80.0,6.59,120.0,50.0,32.0,Dimensity,Premium,14.84
Oneplus 11 (16Gb Ram + 256Gb),61999,90,"Dual Sim, 3G, 4G, 5G, VoLTE, Wi-Fi, NFC",5000 mAh Battery with 100W Fast Charging,"16 GB RAM, 256 GB inbuilt","6.7 inches, 1440 x 3216 px, 120 Hz Display with Punch Hole",50 MP + 48 MP + 32 MP Triple Rear & 16 MP Front Camera,"Snapdragon 8 Gen2, Octa Core, 3.2 GHz Processor",Memory Card Not Supported,Android v13,Oneplus,16.0,256.0,5000.0,100.0,6.7,120.0,50.0,16.0,Snapdragon,Premium,14.52
Xiaomi 14T,60990,89,"Dual Sim, 3G, 4G, 5G, VoLTE, Wi-Fi, NFC, IR Blaster",5000 mAh Battery with 67W Fast Charging,"12 GB RAM, 256 GB inbuilt","6.67 inches, 1220 x 2712 px, 144 Hz Display with Punch Hole",50 MP + 50 MP + 12 MP Triple Rear & 32 MP Front Camera,"Dimensity 8300 Ultra, Octa Core, 3.35 GHz Processor",Memory Card Not Supported,Android v14,Xiaomi,12.0,256.0,5000.0,67.0,6.67,144.0,50.0,32.0,Dimensity,Premium,14.59
Iqoo 13 (16Gb Ram + 512Gb),59999,92,"Dual Sim, 3G, 4G, 5G, VoLTE, Wi-Fi, NFC, IR Blaster",6000 mAh Battery with 120W Fast Charging,"16 GB RAM, 512 GB inbuilt","6.82 inches, 1440 x 3168 px, 144 Hz Display with Punch Hole",50 MP + 50 MP + 50 MP Triple Rear & 32 MP Front Camera,"Snapdragon 8 Elite, Octa Core, 4.32 GHz Processor",Memory Card Not Supported,Android v15,Iqoo,16.0,512.0,6000.0,120.0,6.82,144.0,50.0,32.0,Snapdragon,Premium,15.33
Realme Gt 7 Pro (16Gb Ram + 512Gb),59998,91,"Dual Sim, 3G, 4G, 5G, VoLTE, Wi-Fi, NFC, IR Blaster",5800 mAh Battery with 120W Fast Charging,"16 GB RAM, 512 GB inbuilt","6.78 inches, 1264 x 2780 px, 120 Hz Display with Punch Hole",50 MP + 50 MP + 8 MP Triple Rear & 16 MP Front Camera,"Snapdragon 8 Elite, Octa Core, 4.32 GHz Processor",Memory Card Not Supported,Android v15,Realme,16.0,512.0,5800.0,120.0,6.78,120.0,50.0,16.0,Snapdragon,Premium,15.17
Realme Gt 8 Pro,59990,88,"Dual Sim, 3G, 4G, 5G, VoLTE, Wi-Fi, NFC, IR Blaster",8000 mAh Battery with 320W Fast Charging,"12 GB RAM, 512 GB inbuilt","6.82 inches, 1864 x 3820 px, 144 Hz Display with Punch Hole",200 MP Quad Rear & 50 MP Front Camera,"Snapdragon 8 Elite 2, Octa Core Processor",Memory Card Not Supported,Android v15,Realme,12.0,512.0,8000.0,320.0,6.82,144.0,200.0,50.0,Snapdragon,Premium,14.67
Motorola Edge 60 Pro,59990,80,"Dual Sim, 3G, 4G, 5G, VoLTE, Vo5G, Wi-Fi, NFC",6000 mAh Battery with 90W Fast Charging,"12 GB RAM, 512 GB inbuilt","6.67 inches, 1220 x 2780 px, 165 Hz Display with Punch Hole",50 MP + 13 MP Dual Rear & 32 MP Front Camera,"Snapdragon 8 Gen4, Octa Core Processor",Memory Card Not Supported,Android v15,Motorola,12.0,512.0,6000.0,90.0,6.67,165.0,50.0,32.0,Snapdragon,Premium,13.34
Oppo Reno 14 Pro 5G,59990,82,"Dual Sim, 3G, 4G, 5G, VoLTE, Wi-Fi, NFC, IR Blaster",6500 mAh Battery with 100W Fast Charging,"12 GB RAM, 256 GB inbuilt","6.8 inches, 1440 x 3200 px, 144 Hz Display with Punch Hole",50 MP + 50 MP + 8 MP Triple Rear & 50 MP Front Camera,"Dimensity 9300 Plus, Octa Core Processor",Memory Card Not Supported,iOS v18,Oppo,12.0,256.0,6500.0,100.0,6.8,144.0,50.0,50.0,Dimensity,Premium,13.67
Nokia Oxygen Ultra 5G,59990,93,"Dual Sim, 3G, 4G, 5G, VoLTE, Wi-Fi",5000 mAh Battery with 67W Fast Charging,"12 GB RAM, 256 GB inbuilt","6.9 inches, 1400 x 3200 px, 120 Hz Display with Punch Hole",200 MP Penta Rear & 32 MP Front Camera,"Snapdragon 8 Gen2, Octa Core, 3.2 GHz Processor",Memory Card Supported,Android v13,Nokia,12.0,256.0,5000.0,67.0,6.9,120.0,200.0,32.0,Snapdragon,Premium,15.5
Nubia Red Magic 10 Pro 5G,59990,89,"Dual Sim, 3G, 4G, 5G, VoLTE, Wi-Fi, NFC, IR Blaster",6500 mAh Battery with 80W Fast Charging,"12 GB RAM, 256 GB inbuilt","6.85 inches, 1216 x 2688 px, 144 Hz Display",50 MP + 50 MP + 2 MP Triple Rear & 16 MP Front Camera,"Snapdragon 8 Elite, Octa Core, 4.32 GHz Processor",Memory Card Not Supported,Android v14,Nubia,12.0,256.0,6500.0,80.0,6.85,144.0,50.0,16.0,Snapdragon,Premium,14.84
Oneplus 13S,59990,91,"Dual Sim, 3G, 4G, 5G, VoLTE, Vo5G, Wi-Fi, NFC, IR Blaster",6000 mAh Battery with 80W Fast Charging,"12 GB RAM, 256 GB inbuilt","6.67 inches, 1440 x 3168 px, 120 Hz Display with Punch Hole",50 MP + 50 MP Dual Rear & 32 MP Front Camera,"Snapdragon 8 Elite, Octa Core, 4.32 GHz Processor",Memory Card Not Supported,Android v15,Oneplus,12.0,256.0,6000.0,80.0,6.67,120.0,50.0,32.0,Snapdragon,Premium,15.17
Nubia Z70S Ultra,59990,82,"Dual Sim, 3G, 4G, 5G, VoLTE, Wi-Fi, NFC, IR Blaster",6500 mAh Battery with 100W Fast Charging,"12 GB RAM, 256 GB inbuilt","6.88 inches, 1216 x 2688 px, 144 Hz Display",64 MP + 50 MP + 50 MP Triple Rear & 16 MP Front Camera,Octa Core Processor,Memory Card Not Supported,HarmonyOS v5.0,Nubia,12.0,256.0,6500.0,100.0,6.88,144.0,64.0,16.0,Octa,Premium,13.67
Xiaomi 16,59990,86,"Dual Sim, 3G, 4G, 5G, VoLTE, Vo5G, Wi-Fi, NFC, IR Blaster",5700 mAh Battery with 120W Fast Charging,"12 GB RAM, 256 GB inbuilt","6.67 inches, 1200 x 2670 px, 144 Hz Display with Punch Hole",200 MP + 50 MP + 50 MP Triple Rear & 50 MP Front Camera,"Snapdragon 8 Elite 2, Octa Core Processor",Memory Card Not Supported,Android v14,Xiaomi,12.0,256.0,5700.0,120.0,6.67,144.0,200.0,50.0,Snapdragon,Premium,14.34
Redmi K80 Ultra,59990,82,"Dual Sim, 3G, 4G, 5G, VoLTE, Wi-Fi, NFC, IR Blaster",7000 mAh Battery with 120W Fast Charging,"12 GB RAM, 256 GB inbuilt","6.78 inches, 1440 x 3200 px, 144 Hz Display with Punch Hole",50 MP + 50 MP + 50 MP Triple Rear & 50 MP Front Camera,"Dimensity 9400 Plus, Octa Core Processor",Memory Card Not Supported,Android v14,Redmi,12.0,256.0,7000.0,120.0,6.78,144.0,50.0,50.0,Dimensity,Premium,13.67
Samsung Galaxy S24 (8Gb Ram + 128Gb),58494,88,"Dual Sim, 3G, 4G, 5G, VoLTE, Vo5G, Wi-Fi, NFC",4000 mAh Battery with 25W Fast Charging,"8 GB RAM, 128 GB inbuilt","6.2 inches, 1080 x 2340 px, 120 Hz Display with Punch Hole",50 MP + 12 MP + 10 MP Triple Rear & 12 MP Front Camera,"Exynos 2400, Deca Core, 3.2 GHz Processor",Memory Card Not Supported,Android v14,Samsung,8.0,128.0,4000.0,25.0,6.2,120.0,50.0,12.0,Exynos,Premium,15.04
Meizu 21 Pro,57999,89,"Dual Sim, 3G, 4G, 5G, VoLTE, Vo5G, Wi-Fi, NFC, IR Blaster",5050 mAh Battery with 80W Fast Charging,"12 GB RAM, 256 GB inbuilt","6.79 inches, 1368 x 3192 px, 120 Hz Display with Punch Hole",50 MP + 13 MP + 10 MP Triple Rear & 32 MP Front Camera,"Snapdragon 8 Gen3, Octa Core, 3.3 GHz Processor",Memory Card Not Supported,Android v14,Meizu,12.0,256.0,5050.0,80.0,6.79,120.0,50.0,32.0,Snapdragon,Premium,15.35
Samsung Galaxy S24 Plus,57200,89,"Dual Sim, 3G, 4G, 5G, VoLTE, Vo5G, Wi-Fi, NFC",4900 mAh Battery with 45W Fast Charging,"12 GB RAM, 256 GB inbuilt","6.7 inches, 1440 x 3120 px, 120 Hz Display with Punch Hole",50 MP + 12 MP + 10 MP Triple Rear & 12 MP Front Camera,"Exynos 2400, Deca Core, 3.2 GHz Processor",Memory Card Not Supported,Android v14,Samsung,12.0,256.0,4900.0,45.0,6.7,120.0,50.0,12.0,Exynos,Premium,15.56
Oneplus 12 (16Gb Ram + 512Gb),56998,94,"Dual Sim, 3G, 4G, 5G, VoLTE, Vo5G, Wi-Fi, NFC, IR Blaster",5400 mAh Battery with 100W Fast Charging,"16 GB RAM, 512 GB inbuilt","6.82 inches, 1440 x 3168 px, 120 Hz Display with Punch Hole",64 MP + 50 MP + 48 MP Triple Rear & 32 MP Front Camera,"Snapdragon 8 Gen3, Octa Core, 3.3 GHz Processor",Memory Card Not Supported,Android v14,Oneplus,16.0,512.0,5400.0,100.0,6.82,120.0,64.0,32.0,Snapdragon,Premium,16.49
Nubia Red Magic 9 Pro 5G,56990,87,"Dual Sim, 3G, 4G, 5G, VoLTE, Wi-Fi, NFC",6500 mAh Battery with 80W Fast Charging,"16 GB RAM, 256 GB inbuilt","6.8 inches, 1116 x 2480 px, 120 Hz Display",50 MP + 50 MP + 2 MP Triple Rear & 16 MP Front Camera,"Snapdragon 8 Gen3, Octa Core, 3.3 GHz Processor",Memory Card Not Supported,Android v13,Nubia,16.0,256.0,6500.0,80.0,6.8,120.0,50.0,16.0,Snapdragon,Premium,15.27
Xiaomi 14 Pro,56990,93,"Dual Sim, 3G, 4G, 5G, VoLTE, Wi-Fi, NFC, IR Blaster",4880 mAh Battery with 120W Fast Charging,"12 GB RAM, 256 GB inbuilt","6.73 inches, 1440 x 3200 px, 120 Hz Display with Punch Hole",50 MP + 50 MP + 50 MP Triple Rear & 32 MP Front Camera,"Snapdragon 8 Gen3, Octa Core, 3.3 GHz Processor",Memory Card Not Supported,Android v14,Xiaomi,12.0,256.0,4880.0,120.0,6.73,120.0,50.0,32.0,Snapdragon,Premium,16.32
Apple Iphone 16E,56790,85,"Dual Sim, 3G, 4G, 5G, VoLTE, Wi-Fi, NFC",4005 mAh Battery with Fast Charging,"8 GB RAM, 128 GB inbuilt","6.1 inches, 1170 x 2532 px Display with Small Notch",48 MP Rear & 12 MP Front Camera,"Bionic A18, Hexa Core, 4.04 GHz Processor",Memory Card Not Supported,iOS v18,Apple,8.0,128.0,4005.0,0.0,6.1,60.0,48.0,12.0,Bionic,Premium,14.97
Vivo X200 Pro Mini,55990,92,"Dual Sim, 3G, 4G, 5G, VoLTE, Wi-Fi, NFC, IR Blaster",5700 mAh Battery with 90W Fast Charging,"12 GB RAM, 256 GB inbuilt","6.31 inches, 1216 x 2640 px, 120 Hz Display with Punch Hole",50 MP + 50 MP + 50 MP Triple Rear & 32 MP Front Camera,"Dimensity 9400, Octa Core, 3.63 GHz Processor",Memory Card Not Supported,Android v15,Vivo,12.0,256.0,5700.0,90.0,6.31,120.0,50.0,32.0,Dimensity,Premium,16.43
Nokia Play 2 Max,55990,90,"Dual Sim, 3G, 4G, 5G, VoLTE, Wi-Fi, NFC",5000 mAh Battery with 67W Fast Charging,"16 GB RAM, 256 GB inbuilt","6.6 inches, 1080 x 2400 px, 120 Hz Display with Punch Hole",108 MP + 13 MP Dual Rear & 32 MP Front Camera,"Snapdragon 8+ Gen1, Octa Core, 3.2 GHz Processor",Memory Card Not Supported,Android v13,Nokia,16.0,256.0,5000.0,67.0,6.6,120.0,108.0,32.0,Snapdragon,Premium,16.07
Samsung Galaxy S24 5G,55850,89,"Dual Sim, 3G, 4G, 5G, VoLTE, Vo5G, Wi-Fi, NFC",4000 mAh Battery with 25W Fast Charging,"8 GB RAM, 256 GB inbuilt","6.2 inches, 1080 x 2340 px, 120 Hz Display with Punch Hole",50 MP + 12 MP + 10 MP Triple Rear & 12 MP Front Camera,"Exynos 2400, Deca Core, 3.2 GHz Processor",Memory Card Not Supported,Android v13,Samsung,8.0,256.0,4000.0,25.0,6.2,120.0,50.0,12.0,Exynos,Premium,15.94
Samsung Galaxy S24 Plus,55390,89,"Dual Sim, 3G, 4G, 5G, VoLTE, Vo5G, Wi-Fi, NFC",4900 mAh Battery with 45W Fast Charging,"12 GB RAM, 256 GB inbuilt","6.7 inches, 1440 x 3120 px, 120 Hz Display with Punch Hole",50 MP + 12 MP + 10 MP Triple Rear & 12 MP Front Camera,"Exynos 2400, Deca Core, 3.2 GHz Processor",Memory Card Not Supported,Android v15,Samsung,12.0,256.0,4900.0,45.0,6.7,120.0,50.0,12.0,Exynos,Premium,16.07
Oppo Reno 13 Pro 5G (12Gb Ram + 512Gb),54999,91,"Dual Sim, 3G, 4G, 5G, VoLTE, Wi-Fi, NFC, IR Blaster",5800 mAh Battery with 80W Fast Charging,"12 GB RAM, 512 GB inbuilt","6.83 inches, 1272 x 2800 px, 120 Hz Display with Punch Hole",50 MP + 50 MP + 8 MP Triple Rear & 50 MP Front Camera,"Dimensity 8350, Octa Core, 3.35 GHz Processor",Memory Card Not Supported,Android v15,Oppo,12.0,512.0,5800.0,80.0,6.83,120.0,50.0,50.0,Dimensity,Premium,16.55
Iqoo 13 5G,54998,91,"Dual Sim, 3G, 4G, 5G, VoLTE, Wi-Fi, NFC, IR Blaster",6000 mAh Battery with 120W Fast Charging,"12 GB RAM, 256 GB inbuilt","6.82 inches, 1440 x 3168 px, 144 Hz Display with Punch Hole",50 MP + 50 MP + 50 MP Triple Rear & 32 MP Front Camera,"Snapdragon 8 Elite, Octa Core, 4.32 GHz Processor",Memory Card Not Supported,Android v14,Iqoo,12.0,256.0,6000.0,120.0,6.82,144.0,50.0,32.0,Snapdragon,Premium,16.55
Realme Gt 7 Pro 5G,54998,90,"Dual Sim, 3G, 4G, 5G, VoLTE, Wi-Fi, NFC, IR Blaster",5800 mAh Battery with 120W Fast Charging,"12 GB RAM, 256 GB inbuilt","6.78 inches, 1264 x 2780 px, 120 Hz Display with Punch Hole",50 MP + 50 MP + 8 MP Triple Rear & 16 MP Front Camera,"Snapdragon 8 Elite, Octa Core, 4.32 GHz Processor",Memory Card Not Supported,Android v15,Realme,12.0,256.0,5800.0,120.0,6.78,120.0,50.0,16.0,Snapdragon,Premium,16.36
Oneplus 13T,54990,90,"Dual Sim, 3G, 4G, 5G, VoLTE, Vo5G, Wi-Fi, NFC, IR Blaster",6200 mAh Battery with 80W Fast Charging,"12 GB RAM, 256 GB inbuilt","6.31 inches, 1440 x 3168 px, 120 Hz Display with Punch Hole",50 MP + 50 MP Dual Rear & 32 MP Front Camera,"Snapdragon 8 Elite, Octa Core, 4.32 GHz Processor",Memory Card Not Supported,Android v15,Oneplus,12.0,256.0,6200.0,80.0,6.31,120.0,50.0,32.0,Snapdragon,Premium,16.37
Vivo V50 Pro 5G,54990,89,"Dual Sim, 3G, 4G, 5G, VoLTE, Wi-Fi",5700 mAh Battery with 100W Fast Charging,"8 GB RAM, 256 GB inbuilt","6.8 inches, 1260 x 2800 px, 144 Hz Display with Punch Hole",50 MP Quad Rear & 50 MP Front Camera,"Dimensity 9300, Octa Core, 3.25 GHz Processor",Memory Card Not Supported,Android v15,Vivo,8.0,256.0,5700.0,100.0,6.8,144.0,50.0,50.0,Dimensity,Premium,16.18
Poco F7 Ultra,54990,91,"Dual Sim, 3G, 4G, 5G, VoLTE, Wi-Fi, NFC, IR Blaster",5300 mAh Battery with 120W Fast Charging,"12 GB RAM, 256 GB inbuilt","6.67 inches, 1440 x 3200 px, 120 Hz Display with Punch Hole",50 MP + 50 MP + 32 MP Triple Rear & 32 MP Front Camera,"Snapdragon 8 Elite, Octa Core, 4.32 GHz Processor",Memory Card Not Supported,Android v15,Poco,12.0,256.0,5300.0,120.0,6.67,120.0,50.0,32.0,Snapdragon,Premium,16.55
Vivo X300,54990,81,"Dual Sim, 3G, 4G, 5G, VoLTE, Wi-Fi, NFC, IR Blaster",6000 mAh Battery with 120W Fast Charging,"12 GB RAM, 256 GB inbuilt","6.67 inches, 1260 x 2800 px, 120 Hz Display with Punch Hole",50 MP + 50 MP Dual Rear & 50 MP Front Camera,"Dimensity 9500, Octa Core Processor",Memory Card Not Supported,Android v15,Vivo,12.0,256.0,6000.0,120.0,6.67,120.0,50.0,50.0,Dimensity,Premium,14.73
Xiaomi 13 Pro 5G,54990,92,"Dual Sim, 3G, 4G, 5G, VoLTE, Wi-Fi, NFC, IR Blaster",4820 mAh Battery with 120W Fast Charging,"12 GB RAM, 256 GB inbuilt","6.73 inches, 1440 x 3200 px, 120 Hz Display with Punch Hole",50 MP + 50 MP + 50 MP Triple Rear & 32 MP Front Camera,"Snapdragon 8 Gen2, Octa Core, 3.2 GHz Processor",Memory Card Not Supported,Android v13,Xiaomi,12.0,256.0,4820.0,120.0,6.73,120.0,50.0,32.0,Snapdragon,Premium,16.73
Motorola Moto X60,54990,93,"Dual Sim, 3G, 4G, 5G, VoLTE, Wi-Fi, NFC",5000 mAh Battery with 150W Fast Charging,"12 GB RAM, 256 GB inbuilt","6.82 inches, 1080 x 2400 px, 165 Hz Display",100 MP + 50 MP + 50 MP Triple Rear & 50 MP Front Camera,"Snapdragon 8 Gen3, Octa Core, 3.3 GHz Processor",Memory Card Not Supported,Android v13,Motorola,12.0,256.0,5000.0,150.0,6.82,165.0,100.0,50.0,Snapdragon,Premium,16.91
Samsung Galaxy S23 (8Gb Ram + 256Gb),54800,88,"Dual Sim, 3G, 4G, 5G, VoLTE, Vo5G, Wi-Fi, NFC",3900 mAh Battery with 25W Fast Charging,"8 GB RAM, 256 GB inbuilt","6.1 inches, 1080 x 2340 px, 120 Hz Display with Punch Hole",50 MP + 12 MP + 10 MP Triple Rear & 12 MP Front Camera,"Snapdragon 8 Gen 2, Octa Core, 3.36 GHz Processor",Memory Card Not Supported,Android v12,Samsung,8.0,256.0,3900.0,25.0,6.1,120.0,50.0,12.0,Snapdragon,Premium,16.06
Samsung Galaxy Note 20 Ultra 5G,53999,92,"Dual Sim, 3G, 4G, 5G, VoLTE, Wi-Fi, NFC",4500 mAh Battery with 25W Fast Charging,"12 GB RAM, 256 GB inbuilt","6.9 inches, 1440 x 3088 px, 120 Hz Display with Punch Hole",108 MP + 12 MP + 12 MP Triple Rear & 10 MP Front Camera,"Exynos 990, Octa Core, 2.73 GHz Processor","Memory Card (Hybrid), upto 1 TB",Android v10,Samsung,12.0,256.0,4500.0,25.0,6.9,120.0,108.0,10.0,Exynos,Premium,17.04
Nubia Z70 Ultra,53990,91,"Dual Sim, 3G, 4G, 5G, VoLTE, Wi-Fi, NFC, IR Blaster",6150 mAh Battery with 80W Fast Charging,"12 GB RAM, 256 GB inbuilt","6.85 inches, 1216 x 2688 px, 144 Hz Display",64 MP + 50 MP + 50 MP Triple Rear & 16 MP Front Camera,"Snapdragon 8 Elite, Octa Core, 4.32 GHz Processor",Memory Card Not Supported,Android v14,Nubia,12.0,256.0,6150.0,80.0,6.85,144.0,64.0,16.0,Snapdragon,Premium,16.85
Nubia Z60 Ultra,52990,89,"Dual Sim, 3G, 4G, 5G, VoLTE, Wi-Fi, NFC, IR Blaster",6000 mAh Battery with 80W Fast Charging,"8 GB RAM, 256 GB inbuilt","6.8 inches, 1116 x 2480 px, 120 Hz Display",64 MP + 50 MP + 50 MP Triple Rear & 16 MP Front Camera,"Snapdragon 8 Gen3, Octa Core, 3.3 GHz Processor",Memory Card Not Supported,iOS v17,Nubia,8.0,256.0,6000.0,80.0,6.8,120.0,64.0,16.0,Snapdragon,Premium,16.8
Nokia 7610 5G,52990,90,"Dual Sim, 3G, 4G, 5G, VoLTE, Wi-Fi, NFC",4500 mAh Battery with 44W Fast Charging,"12 GB RAM, 256 GB inbuilt","6.67 inches, 1080 x 2400 px, 120 Hz Display with Punch Hole",108 MP + 13 MP + 2 MP Triple Rear & 32 MP Front Camera,"Snapdragon 7+ Gen2, Octa Core, 2.91 GHz Processor",Memory Card Not Supported,Android v15,Nokia,12.0,256.0,4500.0,44.0,6.67,120.0,108.0,32.0,Snapdragon,Premium,16.98
Apple Iphone 14,50990,81,"Dual Sim, 3G, 4G, 5G, VoLTE, Wi-Fi, NFC",3279 mAh Battery with Fast Charging,"6 GB RAM, 128 GB inbuilt","6.1 inches, 1170 x 2532 px Display with Small Notch",12 MP + 12 MP Dual Rear & 12 MP Front Camera,"Bionic A15, Hexa Core, 3.22 GHz Processor",Memory Card Not Supported,iOS v16,Apple,6.0,128.0,3279.0,0.0,6.1,60.0,12.0,12.0,Bionic,Premium,15.89
Google Pixel 9A,49999,86,"Dual Sim, 3G, 4G, 5G, VoLTE, Wi-Fi, NFC",5100 mAh Battery with 23W Fast Charging,"8 GB RAM, 256 GB inbuilt","6.3 inches, 1080 x 2424 px, 120 Hz Display with Punch Hole",48 MP + 13 MP Dual Rear & 13 MP Front Camera,"Tensor G4, Octa Core, 3.1 GHz Processor",Memory Card Not Supported,Android v15,Google,8.0,256.0,5100.0,23.0,6.3,120.0,48.0,13.0,Tensor,Premium,17.2
Oppo Reno 13 Pro 5G,49999,91,"Dual Sim, 3G, 4G, 5G, VoLTE, Wi-Fi, NFC, IR Blaster",5800 mAh Battery with 80W Fast Charging,"12 GB RAM, 256 GB inbuilt","6.83 inches, 1272 x 2800 px, 120 Hz Display with Punch Hole",50 MP + 50 MP + 8 MP Triple Rear & 50 MP Front Camera,"Dimensity 8350, Octa Core, 3.35 GHz Processor",Memory Card Not Supported,Android v15,Oppo,12.0,256.0,5800.0,80.0,6.83,120.0,50.0,50.0,Dimensity,Premium,18.2
Xiaomi 14,49999,92,"Dual Sim, 3G, 4G, 5G, VoLTE, Vo5G, Wi-Fi, NFC, IR Blaster",4610 mAh Battery with 90W Fast Charging,"12 GB RAM, 512 GB inbuilt","6.36 inches, 1200 x 2670 px, 120 Hz Display with Punch Hole",50 MP + 50 MP + 50 MP Triple Rear & 32 MP Front Camera,"Snapdragon 8 Gen3, Octa Core, 3.3 GHz Processor",Memory Card Not Supported,Android v14,Xiaomi,12.0,512.0,4610.0,90.0,6.36,120.0,50.0,32.0,Snapdragon,Premium,18.4
Motorola Edge Plus,49999,89,"Single Sim, 3G, 4G, 5G, VoLTE, Wi-Fi, NFC",5000 mAh Battery with 18W Fast Charging,"12 GB RAM, 256 GB inbuilt","6.7 inches, 1080 x 2340 px, 90 Hz Display with Punch Hole",108 MP + 16 MP + 8 MP Triple Rear & 25 MP Front Camera,"Snapdragon  865 , Octa Core, 2.84 GHz Processor",Memory Card Not Supported,Android v16,Motorola,12.0,256.0,5000.0,18.0,6.7,90.0,108.0,25.0,Snapdragon,Premium,17.8
Oneplus 13 Mini,49990,89,"Dual Sim, 3G, 4G, 5G, VoLTE, Vo5G, Wi-Fi, NFC, IR Blaster",6200 mAh Battery with 80W Fast Charging,"8 GB RAM, 256 GB inbuilt","6.31 inches, 1440 x 3168 px, 120 Hz Display with Punch Hole",50 MP + 50 MP Dual Rear & 32 MP Front Camera,"Snapdragon 8 Elite, Octa Core, 4.32 GHz Processor",Memory Card Not Supported,Android v15,Oneplus,8.0,256.0,6200.0,80.0,6.31,120.0,50.0,32.0,Snapdragon,Premium,17.8
Samsung Galaxy S25 Edge,49990,89,"Dual Sim, 3G, 4G, 5G, VoLTE, Vo5G, Wi-Fi, NFC",3900 mAh Battery with 25W Fast Charging,"8 GB RAM, 128 GB inbuilt","6.7 inches, 1080 x 2400 px, 120 Hz Display with Punch Hole",200 MP + 50 MP Dual Rear & 12 MP Front Camera,"Snapdragon 8 Elite, Octa Core, 4.32 GHz Processor",Memory Card Not Supported,Android v14,Samsung,8.0,128.0,3900.0,25.0,6.7,120.0,200.0,12.0,Snapdragon,Premium,17.8
Oneplus 14R,49990,90,"Dual Sim, 3G, 4G, 5G, VoLTE, Vo5G, Wi-Fi, NFC, IR Blaster",6700 mAh Battery with 80W Fast Charging,"12 GB RAM, 256 GB inbuilt","6.78 inches, 1264 x 2780 px, 120 Hz Display with Punch Hole",50 MP + 50 MP + 50 MP Triple Rear & 32 MP Front Camera,"Snapdragon 8 Elite, Octa Core, 4.32 GHz Processor",Memory Card Not Supported,Android v16,Oneplus,12.0,256.0,6700.0,80.0,6.78,120.0,50.0,32.0,Snapdragon,Premium,18.0
Samsung Galaxy S25 Slim,49990,82,"Dual Sim, 3G, 4G, 5G, VoLTE, Vo5G, Wi-Fi, NFC",4500 mAh Battery with 25W Fast Charging,"8 GB RAM, 256 GB inbuilt","6.3 inches, 1800 x 3200 px, 120 Hz Display with Punch Hole",200 MP + 12 MP + 12 MP Triple Rear & 12 MP Front Camera,"Exynos, Octa Core Processor",Memory Card Not Supported,Android v14,Samsung,8.0,256.0,4500.0,25.0,6.3,120.0,200.0,12.0,"Exynos,",Premium,16.4
Oppo Find X8S,49990,91,"Dual Sim, 3G, 4G, 5G, VoLTE, Wi-Fi, NFC, IR Blaster",5700 mAh Battery with 80W Fast Charging,"12 GB RAM, 256 GB inbuilt","6.32 inches, 1216 x 2640 px, 120 Hz Display with Punch Hole",50 MP + 50 MP + 50 MP Triple Rear & 32 MP Front Camera,"Dimensity 9400 Plus, Octa Core, 3.63 GHz Processor",Memory Card Not Supported,Android v15,Oppo,12.0,256.0,5700.0,80.0,6.32,120.0,50.0,32.0,Dimensity,Premium,18.2
Nothing Phone 4,49990,81,"Dual Sim, 3G, 4G, 5G, VoLTE, Wi-Fi, NFC",5000 mAh Battery with 150W Fast Charging,"8 GB RAM, 256 GB inbuilt","6.73 inches, 1800 x 3440 px, 144 Hz Display with Punch Hole",108 MP + 50 MP + 32 MP Triple Rear & 32 MP Front Camera,Octa Core Processor,Memory Card Not Supported,Android v14,Nothing,8.0,256.0,5000.0,150.0,6.73,144.0,108.0,32.0,Octa,Premium,16.2
Nokia Magic Max,49990,90,"Dual Sim, 3G, 4G, 5G, VoLTE, Wi-Fi, NFC",5000 mAh Battery with 67W Fast Charging,"16 GB RAM, 256 GB inbuilt","6.7 inches, 1080 x 2400 px, 120 Hz Display with Punch Hole",108 MP + 13 MP Dual Rear & 32 MP Front Camera,"Snapdragon 8+ Gen1, Octa Core, 3.2 GHz Processor",Memory Card Not Supported,Android v13,Nokia,16.0,256.0,5000.0,67.0,6.7,120.0,108.0,32.0,Snapdragon,Premium,18.0
Realme Gt 8,49990,83,"Dual Sim, 3G, 4G, 5G, VoLTE, Vo5G, Wi-Fi, NFC, IR Blaster",6000 mAh Battery with 200W Fast Charging,"12 GB RAM, 256 GB inbuilt","6.8 inches, 1264 x 3200 px, 144 Hz Display with Punch Hole",64 MP + 50 MP + 50 MP Triple Rear & 50 MP Front Camera,Octa Core Processor,Memory Card Not Supported,Android v15,Realme,12.0,256.0,6000.0,200.0,6.8,144.0,64.0,50.0,Octa,Premium,16.6
Realme Gt 6 Pro 5G,49990,83,"Dual Sim, 3G, 4G, 5G, VoLTE, Wi-Fi, NFC, IR Blaster",6000 mAh Battery with 120W Fast Charging,"12 GB RAM, 512 GB inbuilt","6.78 inches, 1864 x 3820 px, 165 Hz Display with Punch Hole",50 MP + 50 MP + 50 MP Triple Rear & 50 MP Front Camera,"Snapdragon 8 Gen4, Octa Core Processor",Memory Card Not Supported,Android v15,Realme,12.0,512.0,6000.0,120.0,6.78,165.0,50.0,50.0,Snapdragon,Premium,16.6
Oppo Find X8 Mini,49990,89,"Dual Sim, 3G, 4G, 5G, VoLTE, Wi-Fi, NFC, IR Blaster",5600 mAh Battery with Fast Charging,"8 GB RAM, 256 GB inbuilt","6.3 inches, 1216 x 2640 px, 120 Hz Display with Punch Hole",50 MP + 50 MP + 50 MP Triple Rear & 32 MP Front Camera,"Dimensity 9400, Octa Core, 3.63 GHz Processor",Memory Card Not Supported,Android v14,Oppo,8.0,256.0,5600.0,0.0,6.3,120.0,50.0,32.0,Dimensity,Premium,17.8
Oneplus 12T,49990,85,"Dual Sim, 3G, 4G, 5G, VoLTE, Vo5G, Wi-Fi, NFC",5000 mAh Battery with 150W Fast Charging,"8 GB RAM, 128 GB inbuilt","6.72 inches, 1080 x 2412 px, 120 Hz Display with Punch Hole",50 MP + 13 MP + 5 MP Triple Rear & 16 MP Front Camera,"Snapdragon 8 Gen3, Octa Core, 3.3 GHz Processor",Memory Card Not Supported,Android v12,Oneplus,8.0,128.0,5000.0,150.0,6.72,120.0,50.0,16.0,Snapdragon,Premium,17.0
Oppo Find X8S Plus,49990,91,"Dual Sim, 3G, 4G, 5G, VoLTE, Wi-Fi, NFC, IR Blaster",6000 mAh Battery with 80W Fast Charging,"12 GB RAM, 256 GB inbuilt","6.59 inches, 1256 x 2760 px, 120 Hz Display with Punch Hole",50 MP + 50 MP + 50 MP Triple Rear & 32 MP Front Camera,"Dimensity 9400 Plus, Octa Core, 3.63 GHz Processor",Memory Card Not Supported,Android v15,Oppo,12.0,256.0,6000.0,80.0,6.59,120.0,50.0,32.0,Dimensity,Premium,18.2
Google Pixel 10A,49990,76,"Dual Sim, 3G, 4G, 5G, VoLTE, Wi-Fi, NFC",5200 mAh Battery with 20W Fast Charging,"8 GB RAM, 128 GB inbuilt","6.36 inches, 1080 x 2424 px, 120 Hz Display with Punch Hole",50 MP + 13 MP Dual Rear & 12 MP Front Camera,"Tensor G5, Octa Core Processor",Memory Card Not Supported,Android v16,Google,8.0,128.0,5200.0,20.0,6.36,120.0,50.0,12.0,Tensor,Premium,15.2
Apple Iphone Se 4,49990,78,"Dual Sim, 3G, 4G, 5G, VoLTE, Wi-Fi, NFC",3279 mAh Battery with 18W Fast Charging,64 GB inbuilt,"6.06 inches, 1170 x 2532 px Display",48 MP Rear & 24 MP Front Camera,"Bionic A18, Hexa Core, 4.04 GHz Processor",Memory Card Not Supported,iOS v18,Apple,,64.0,3279.0,18.0,6.06,60.0,48.0,24.0,Bionic,Premium,15.6
Vivo V40 Pro 5G (12Gb Ram + 512Gb),49489,90,"Dual Sim, 3G, 4G, 5G, VoLTE, Wi-Fi",5500 mAh Battery with 80W Fast Charging,"12 GB RAM, 512 GB inbuilt","6.78 inches, 1260 x 2800 px, 120 Hz Display with Punch Hole",50 MP + 50 MP + 50 MP Triple Rear & 50 MP Front Camera,"Dimensity 9200 Plus, Octa Core, 3.35 GHz Processor",Memory Card Not Supported,Android v14,Vivo,12.0,512.0,5500.0,80.0,6.78,120.0,50.0,50.0,Dimensity,Premium,18.19
Honor 300 Ultra,48999,93,"Dual Sim, 3G, 4G, 5G, VoLTE, Wi-Fi, NFC, IR Blaster",5300 mAh Battery with 100W Fast Charging,"12 GB RAM, 512 GB inbuilt","6.78 inches, 1224 x 2700 px, 120 Hz Display with Punch Hole",50 MP + 50 MP + 12 MP Triple Rear & 50 MP + 2 MP Dual Front Camera,"Snapdragon 8 Gen3, Octa Core, 3.3 GHz Processor",Memory Card Not Supported,Android v15,Honor,12.0,512.0,5300.0,100.0,6.78,120.0,50.0,,Snapdragon,Premium,18.98
Vivo X200S,48990,84,"Dual Sim, 3G, 4G, 5G, VoLTE, Wi-Fi, NFC, IR Blaster",6200 mAh Battery with 90W Fast Charging,"12 GB RAM, 256 GB inbuilt","6.67 inches, 1260 x 2800 px, 120 Hz Display with Punch Hole",50 MP + 50 MP + 50 MP Triple Rear & 50 MP Front Camera,"Dimensity 9400 Plus, Octa Core Processor",Memory Card Not Supported,Android v15,Vivo,12.0,256.0,6200.0,90.0,6.67,120.0,50.0,50.0,Dimensity,Premium,17.15
Vivo X200 Fe,48990,84,"Dual Sim, 3G, 4G, 5G, VoLTE, Wi-Fi, NFC, IR Blaster",6200 mAh Battery with 90W Fast Charging,"12 GB RAM, 256 GB inbuilt","6.67 inches, 1260 x 2800 px, 120 Hz Display with Punch Hole",50 MP + 50 MP + 50 MP Triple Rear & 50 MP Front Camera,"Dimensity 9400 Plus, Octa Core Processor",Memory Card Not Supported,Android v15,Vivo,12.0,256.0,6200.0,90.0,6.67,120.0,50.0,50.0,Dimensity,Premium,17.15
Samsung Galaxy S20 Fe 5G,47999,88,"Dual Sim, 3G, 4G, 5G, VoLTE, Wi-Fi, NFC",4500 mAh Battery with Fast Charging,"8 GB RAM, 128 GB inbuilt","6.5 inches, 1080 x 2400 px, 120 Hz Display with Punch Hole",12 MP + 12 MP + 8 MP Triple Rear & 32 MP Front Camera,"Snapdragon 865, Octa Core, 2.84 GHz Processor",Memory Card (Hybrid),Android v10,Samsung,8.0,128.0,4500.0,0.0,6.5,120.0,12.0,32.0,Snapdragon,Premium,18.33
Motorola Edge 50 Ultra 5G,47787,92,"Dual Sim, 3G, 4G, 5G, VoLTE, Vo5G, Wi-Fi, NFC",4500 mAh Battery with 125W Fast Charging,"12 GB RAM, 512 GB inbuilt","6.7 inches, 1220 x 2712 px, 144 Hz Display with Punch Hole",64 MP + 50 MP + 50 MP Triple Rear & 50 MP Front Camera,"Snapdragon 8s Gen3, Octa Core, 3 GHz Processor",Memory Card Not Supported,Android v14,Motorola,12.0,512.0,4500.0,125.0,6.7,144.0,64.0,50.0,Snapdragon,Premium,19.25
Iqoo 12 5G (16Gb Ram + 512Gb),46999,89,"Dual Sim, 3G, 4G, 5G, VoLTE, Wi-Fi, NFC, IR Blaster",5000 mAh Battery with 120W Fast Charging,"16 GB RAM, 512 GB inbuilt","6.78 inches, 1260 x 2800 px, 144 Hz Display with Punch Hole",64 MP + 50 MP + 50 MP Triple Rear & 16 MP Front Camera,"Snapdragon 8 Gen3, Octa Core, 3.3 GHz Processor",Memory Card Not Supported,Android v16,Iqoo,16.0,512.0,5000.0,120.0,6.78,144.0,64.0,16.0,Snapdragon,Premium,18.94
Google Pixel 9A (8Gb Ram + 128Gb),46999,86,"Dual Sim, 3G, 4G, 5G, VoLTE, Wi-Fi, NFC",5100 mAh Battery with 23W Fast Charging,"8 GB RAM, 128 GB inbuilt","6.3 inches, 1080 x 2424 px, 120 Hz Display with Punch Hole",48 MP + 13 MP Dual Rear & 13 MP Front Camera,"Tensor G4, Octa Core, 3.1 GHz Processor",Memory Card Not Supported,Android v15,Google,8.0,128.0,5100.0,23.0,6.3,120.0,48.0,13.0,Tensor,Premium,18.3
Nokia N73 5G,46999,92,"Dual Sim, 3G, 4G, 5G, VoLTE, Wi-Fi",6000 mAh Battery with 65W Fast Charging,"12 GB RAM, 256 GB inbuilt","6.9 inches, 1400 x 3200 px, 120 Hz Display with Punch Hole",200 MP Penta Rear & 32 MP Front Camera,"Snapdragon  8 Gen1, Octa Core, 3 GHz Processor",Memory Card Supported,Android v12.1,Nokia,12.0,256.0,6000.0,65.0,6.9,120.0,200.0,32.0,Snapdragon,Premium,19.57
Vivo V40 Pro,46990,89,"Dual Sim, 3G, 4G, 5G, VoLTE, Wi-Fi",5500 mAh Battery with 80W Fast Charging,"8 GB RAM, 256 GB inbuilt","6.78 inches, 1260 x 2800 px, 120 Hz Display with Punch Hole",50 MP + 50 MP + 50 MP Triple Rear & 50 MP Front Camera,"Dimensity 9200 Plus, Octa Core, 3.35 GHz Processor",Memory Card Not Supported,Android v14,Vivo,8.0,256.0,5500.0,80.0,6.78,120.0,50.0,50.0,Dimensity,Premium,18.94
Xiaomi Redmi K90,46990,79,"Dual Sim, 3G, 4G, 5G, VoLTE, Wi-Fi, NFC, IR Blaster",5500 mAh Battery with 150W Fast Charging,"12 GB RAM, 256 GB inbuilt","6.8 inches, 1440 x 3200 px, 144 Hz Display with Punch Hole",50 MP + 13 MP + 2 MP Triple Rear & 32 MP Front Camera,"Snapdragon 8 Gen4, Octa Core Processor",Memory Card Not Supported,Android v14,Xiaomi,12.0,256.0,5500.0,150.0,6.8,144.0,50.0,32.0,Snapdragon,Premium,16.81
Oneplus 13R (16Gb Ram + 512Gb),46689,90,"Dual Sim, 3G, 4G, 5G, VoLTE, Wi-Fi, NFC, IR Blaster",6000 mAh Battery with 80W Fast Charging,"16 GB RAM, 512 GB inbuilt","6.78 inches, 1264 x 2780 px, 120 Hz Display with Punch Hole",50 MP + 50 MP + 8 MP Triple Rear & 16 MP Front Camera,"Snapdragon 8 Gen3, Octa Core, 3.3 GHz Processor",Memory Card Not Supported,Android v14,Oneplus,16.0,512.0,6000.0,80.0,6.78,120.0,50.0,16.0,Snapdragon,Premium,19.28
Samsung Galaxy S24 Fe (256Gb),46460,88,"Dual Sim, 3G, 4G, 5G, VoLTE, Vo5G, Wi-Fi, NFC",4700 mAh Battery with 25W Fast Charging,"8 GB RAM, 256 GB inbuilt","6.7 inches, 1080 x 2340 px, 120 Hz Display with Punch Hole",50 MP + 12 MP + 8 MP Triple Rear & 10 MP Front Camera,"Exynos 2400e, Deca Core, 3.11 GHz Processor",Memory Card Not Supported,Android v14,Samsung,8.0,256.0,4700.0,25.0,6.7,120.0,50.0,10.0,Exynos,Premium,18.94
Iqoo 12 5G,45999,89,"Dual Sim, 3G, 4G, 5G, VoLTE, Wi-Fi, NFC, IR Blaster",5000 mAh Battery with 120W Fast Charging,"12 GB RAM, 256 GB inbuilt","6.78 inches, 1260 x 2800 px, 144 Hz Display with Punch Hole",64 MP + 50 MP + 50 MP Triple Rear & 16 MP Front Camera,"Snapdragon 8 Gen3, Octa Core, 3.3 GHz Processor",Memory Card Not Supported,Android v13,Iqoo,12.0,256.0,5000.0,120.0,6.78,144.0,64.0,16.0,Snapdragon,Premium,19.35
Samsung Galaxy A57,45990,81,"Dual Sim, 3G, 4G, 5G, VoLTE, Wi-Fi, NFC",5000 mAh Battery with 45W Fast Charging,"8 GB RAM, 128 GB inbuilt","6.72 inches, 1080 x 2340 px, 120 Hz Display with Punch Hole",50 MP + 13 MP + 5 MP Triple Rear & 50 MP Front Camera,"Exynos, Octa Core Processor","Memory Card (Hybrid), upto 1 TB",Android v15,Samsung,8.0,128.0,5000.0,45.0,6.72,120.0,50.0,50.0,"Exynos,",Premium,17.61
Realme Gt 7,45990,79,"Dual Sim, 3G, 4G, 5G, VoLTE, Vo5G, Wi-Fi, NFC, IR Blaster",7200 mAh Battery with 100W Fast Charging,"12 GB RAM, 256 GB inbuilt","6.78 inches, 1264 x 2780 px, 144 Hz Display with Punch Hole",50 MP + 8 MP + Ultra Wide Triple Rear & 16 MP Front Camera,"Dimensity 9400 Plus, Octa Core Processor",Memory Card Not Supported,Android v15,Realme,12.0,256.0,7200.0,100.0,6.78,144.0,50.0,16.0,Dimensity,Premium,17.18
Nubia Redmagic 8S Pro,45990,85,"Dual Sim, 3G, 4G, 5G, VoLTE, Wi-Fi, NFC",6000 mAh Battery with 165W Fast Charging,"8 GB RAM, 128 GB inbuilt","6.8 inches, 1116 x 2480 px, 120 Hz Display",50 MP + 8 MP + 2 MP Triple Rear & 16 MP Front Camera,"Snapdragon 8+ Gen2, Octa Core, 3.36 GHz Processor",Memory Card Not Supported,Android v14,Nubia,8.0,128.0,6000.0,165.0,6.8,120.0,50.0,16.0,Snapdragon,Premium,18.48
Poco F6 Pro,45990,86,"Dual Sim, 3G, 4G, 5G, VoLTE, Wi-Fi, NFC, IR Blaster",5000 mAh Battery with 120W Fast Charging,"12 GB RAM, 256 GB inbuilt","6.67 inches, 1440 x 3200 px, 120 Hz Display with Punch Hole",50 MP + 8 MP + 2 MP Triple Rear & 16 MP Front Camera,"Snapdragon 8 Gen2, Octa Core, 3.2 GHz Processor",Memory Card Not Supported,Android v14,Poco,12.0,256.0,5000.0,120.0,6.67,120.0,50.0,16.0,Snapdragon,Premium,18.7
Samsung Galaxy S24 Fe 5G,44999,88,"Dual Sim, 3G, 4G, 5G, VoLTE, Vo5G, Wi-Fi, NFC",4700 mAh Battery with 25W Fast Charging,"8 GB RAM, 128 GB inbuilt","6.7 inches, 1080 x 2340 px, 120 Hz Display with Punch Hole",50 MP + 12 MP + 8 MP Triple Rear & 10 MP Front Camera,"Exynos 2400e, Deca Core, 3.11 GHz Processor",Memory Card Not Supported,Android v14,Samsung,8.0,128.0,4700.0,25.0,6.7,120.0,50.0,10.0,Exynos,Premium,19.56
Samsung Galaxy A56 5G (12Gb Ram + 256Gb),44999,86,"Dual Sim, 3G, 4G, 5G, VoLTE, Wi-Fi, NFC",5000 mAh Battery with 45W Fast Charging,"12 GB RAM, 256 GB inbuilt","6.7 inches, 1080 x 2340 px, 120 Hz Display with Punch Hole",50 MP + 12 MP + 5 MP Triple Rear & 12 MP Front Camera,"Exynos 1580, Octa Core, 2.9 GHz Processor",Memory Card Not Supported,Android v14,Samsung,12.0,256.0,5000.0,45.0,6.7,120.0,50.0,12.0,Exynos,Premium,19.11
Samsung Galaxy A75 5G,44999,83,"Dual Sim, 3G, 4G, 5G, VoLTE, Wi-Fi, NFC",5000 mAh Battery with 67W Fast Charging,"8 GB RAM, 128 GB inbuilt","6.7 inches, 1080 x 2412 px, 120 Hz Display with Punch Hole",108 MP Quad Rear & 32 MP Front Camera,"Snapdragon 778G+, Octa Core Processor","Memory Card (Hybrid), upto 1 TB",Android v12,Samsung,8.0,128.0,5000.0,67.0,6.7,120.0,108.0,32.0,Snapdragon,Premium,18.44
Samsung Galaxy S22 Plus 5G,44999,87,"Dual Sim, 3G, 4G, 5G, VoLTE, Vo5G, Wi-Fi, NFC",4500 mAh Battery with 45W Fast Charging,"8 GB RAM, 128 GB inbuilt","6.6 inches, 1080 x 2340 px, 120 Hz Display with Punch Hole",50 MP + 12 MP + 10 MP Triple Rear & 10 MP Front Camera,"Snapdragon  8 Gen1, Octa Core, 3 GHz Processor",Memory Card Not Supported,Android v15,Samsung,8.0,128.0,4500.0,45.0,6.6,120.0,50.0,10.0,Snapdragon,Premium,19.33
Xiaomi 14 Civi Limited Edition,44999,90,"Dual Sim, 3G, 4G, 5G, VoLTE, Vo5G, Wi-Fi, NFC, IR Blaster",4700 mAh Battery with 67W Fast Charging,"12 GB RAM, 512 GB inbuilt","6.55 inches, 1236 x 2750 px, 120 Hz Display with Punch Hole",50 MP + 50 MP + 12 MP Triple Rear & 32 MP + 32 MP Dual Front Camera,"Snapdragon 8s Gen3, Octa Core, 3 GHz Processor",Memory Card Not Supported,Android v14,Xiaomi,12.0,512.0,4700.0,67.0,6.55,120.0,50.0,,Snapdragon,Premium,20.0
Vivo V40 Pro,44993,89,"Dual Sim, 3G, 4G, 5G, VoLTE, Wi-Fi",5500 mAh Battery with 80W Fast Charging,"8 GB RAM, 256 GB inbuilt","6.78 inches, 1260 x 2800 px, 120 Hz Display with Punch Hole",50 MP + 50 MP + 50 MP Triple Rear & 50 MP Front Camera,"Dimensity 9200 Plus, Octa Core, 3.35 GHz Processor",Memory Card Not Supported,Android v14,Vivo,8.0,256.0,5500.0,80.0,6.78,120.0,50.0,50.0,Dimensity,Premium,19.78
Iqoo Z10 Turbo Pro,44990,88,"Dual Sim, 3G, 4G, 5G, VoLTE, Wi-Fi, NFC, IR Blaster",7000 mAh Battery with 120W Fast Charging,"12 GB RAM, 256 GB inbuilt","6.82 inches, 1260 x 2800 px, 120 Hz Display with Punch Hole",50 MP + 32 MP Dual Rear & 32 MP Front Camera,"Snapdragon 8s Gen4, Octa Core, 3.2 GHz Processor",Memory Card Not Supported,Android v15,Iqoo,12.0,256.0,7000.0,120.0,6.82,120.0,50.0,32.0,Snapdragon,Premium,19.56
Apple Iphone 13,44990,78,"Dual Sim, 3G, 4G, 5G, VoLTE, Wi-Fi, NFC",3240 mAh Battery with Fast Charging,"4 GB RAM, 128 GB inbuilt","6.1 inches, 1170 x 2532 px Display with Small Notch",12 MP + 12 MP Dual Rear & 12 MP Front Camera,"Bionic A15, Hexa Core, 3.22 GHz Processor",Memory Card Not Supported,iOS v15,Apple,4.0,128.0,3240.0,0.0,6.1,60.0,12.0,12.0,Bionic,Premium,17.34
Vivo X200 Mini,44990,89,"Dual Sim, 3G, 4G, 5G, VoLTE, Wi-Fi, NFC, IR Blaster",5000 mAh Battery with 80W Fast Charging,"8 GB RAM, 256 GB inbuilt","6.31 inches, 1260 x 2400 px, 120 Hz Display with Punch Hole",50 MP + 50 MP + 50 MP Triple Rear & 50 MP Front Camera,"Dimensity 9400, Octa Core, 3.63 GHz Processor",Memory Card Not Supported,Android v15,Vivo,8.0,256.0,5000.0,80.0,6.31,120.0,50.0,50.0,Dimensity,Premium,19.78
Vivo S21 Pro,44990,90,"Dual Sim, 3G, 4G, 5G, VoLTE, Wi-Fi, NFC, IR Blaster",6500 mAh Battery with 100W Fast Charging,"12 GB RAM, 256 GB inbuilt","6.74 inches, 1260 x 2800 px, 120 Hz Display with Punch Hole",50 MP Quad Rear & 50 MP Front Camera,"Dimensity 9400, Octa Core, 3.63 GHz Processor",Memory Card Not Supported,Android v14,Vivo,12.0,256.0,6500.0,100.0,6.74,120.0,50.0,50.0,Dimensity,Premium,20.0
Xiaomi Redmi K80 Pro,44990,91,"Dual Sim, 3G, 4G, 5G, VoLTE, Wi-Fi, NFC, IR Blaster",6000 mAh Battery with 120W Fast Charging,"12 GB RAM, 256 GB inbuilt","6.67 inches, 1440 x 3200 px, 120 Hz Display with Punch Hole",50 MP + 50 MP + 32 MP Triple Rear & 20 MP Front Camera,"Snapdragon 8 Elite, Octa Core, 4.32 GHz Processor",Memory Card Not Supported,Android v13,Xiaomi,12.0,256.0,6000.0,120.0,6.67,120.0,50.0,20.0,Snapdragon,Premium,20.23
Vivo V50 Lite 4G,44990,84,"Single Sim, 3G, 4G, VoLTE, Wi-Fi, NFC",6500 mAh Battery with 90W Fast Charging,"8 GB RAM, 256 GB inbuilt","6.77 inches, 1080 x 2392 px, 120 Hz Display with Punch Hole",50 MP + 2 MP Dual Rear & 32 MP Front Camera,"Snapdragon 685, Octa Core, 2.8 GHz Processor",Memory Card (Hybrid),Android v15,Vivo,8.0,256.0,6500.0,90.0,6.77,120.0,50.0,32.0,Snapdragon,Premium,18.67
Apple Iphone 13,44490,78,"Dual Sim, 3G, 4G, 5G, VoLTE, Wi-Fi, NFC",3240 mAh Battery with Fast Charging,"4 GB RAM, 128 GB inbuilt","6.1 inches, 1170 x 2532 px Display with Small Notch",12 MP + 12 MP Dual Rear & 12 MP Front Camera,"Bionic A15, Hexa Core, 3.22 GHz Processor",Memory Card Not Supported,iOS v15,Apple,4.0,128.0,3240.0,0.0,6.1,60.0,12.0,12.0,Bionic,Premium,17.53
Oppo Reno 13 5G (12Gb Ram + 512Gb),43999,89,"Dual Sim, 3G, 4G, 5G, VoLTE, Wi-Fi, NFC, IR Blaster",5600 mAh Battery with 80W Fast Charging,"12 GB RAM, 512 GB inbuilt","6.59 inches, 1256 x 2760 px, 120 Hz Display with Punch Hole",50 MP + 8 MP + 2 MP Triple Rear & 50 MP Front Camera,"Dimensity 8350, Octa Core, 3.35 GHz Processor",Memory Card Not Supported,Android v14,Oppo,12.0,512.0,5600.0,80.0,6.59,120.0,50.0,50.0,Dimensity,Premium,20.23
Apple Iphone 13 (256Gb),43994,79,"Dual Sim, 3G, 4G, 5G, VoLTE, Wi-Fi, NFC",3240 mAh Battery with Fast Charging,"4 GB RAM, 256 GB inbuilt","6.1 inches, 1170 x 2532 px Display with Small Notch",12 MP + 12 MP Dual Rear & 12 MP Front Camera,"Bionic A15, Hexa Core, 3.22 GHz Processor",Memory Card Not Supported,iOS v15,Apple,4.0,256.0,3240.0,0.0,6.1,60.0,12.0,12.0,Bionic,Premium,17.96
Xiaomi Civi 5 Pro,43990,91,"Dual Sim, 3G, 4G, 5G, VoLTE, Wi-Fi, NFC, IR Blaster",4700 mAh Battery with 67W Fast Charging,"12 GB RAM, 256 GB inbuilt","6.55 inches, 1236 x 2750 px, 120 Hz Display with Punch Hole",50 MP + 50 MP + 50 MP Triple Rear & 50 MP + 50 MP Dual Front Camera,"Snapdragon 8s Gen4, Octa Core, 3.2 GHz Processor",Memory Card Not Supported,Android v14,Xiaomi,12.0,256.0,4700.0,67.0,6.55,120.0,50.0,,Snapdragon,Premium,20.69
Samsung Galaxy S23 Fe 5G (8Gb Ram + 256Gb),43500,84,"Dual Sim, 3G, 4G, 5G, VoLTE, Vo5G, Wi-Fi, NFC",4500 mAh Battery with 25W Fast Charging,"8 GB RAM, 256 GB inbuilt","6.4 inches, 1080 x 2340 px, 120 Hz Display with Punch Hole",50 MP + 12 MP + 8 MP Triple Rear & 10 MP Front Camera,"Exynos 2200, Octa Core, 2.8 GHz Processor",Memory Card Not Supported,Android v13,Samsung,8.0,256.0,4500.0,25.0,6.4,120.0,50.0,10.0,Exynos,Premium,19.31
Oneplus 10 Pro 5G,43194,88,"Dual Sim, 3G, 4G, 5G, VoLTE, Wi-Fi, NFC",5000 mAh Battery with 80W Fast Charging,"8 GB RAM, 128 GB inbuilt","6.7 inches, 1440 x 3216 px, 120 Hz Display with Punch Hole",50 MP + 48 MP + 8 MP Triple Rear & 32 MP Front Camera,"Snapdragon 8 Gen1, Octa Core, 3 GHz Processor",Memory Card Not Supported,Android v11,Oneplus,8.0,128.0,5000.0,80.0,6.7,120.0,50.0,32.0,Snapdragon,Premium,20.37
Samsung Galaxy A74 5G,42999,90,"Dual Sim, 3G, 4G, 5G, VoLTE, Wi-Fi, NFC",5000 mAh Battery with 33W Fast Charging,"8 GB RAM, 128 GB inbuilt","6.7 inches, 1080 x 2412 px, 120 Hz Display with Punch Hole",108 MP Quad Rear & 32 MP Front Camera,"Snapdragon 7 Gen1, Octa Core, 2.4 GHz Processor","Memory Card (Hybrid), upto 1 TB",Android v12,Samsung,8.0,128.0,5000.0,33.0,6.7,120.0,108.0,32.0,Snapdragon,Premium,20.93
Xiaomi 14 Civi (12Gb Ram + 512Gb),42999,90,"Dual Sim, 3G, 4G, 5G, VoLTE, Vo5G, Wi-Fi, NFC, IR Blaster",4700 mAh Battery with 67W Fast Charging,"12 GB RAM, 512 GB inbuilt","6.55 inches, 1236 x 2750 px, 120 Hz Display with Punch Hole",50 MP + 50 MP + 12 MP Triple Rear & 32 MP + 32 MP Dual Front Camera,"Snapdragon 8s Gen3, Octa Core, 3 GHz Processor",Memory Card Not Supported,Android v14,Xiaomi,12.0,512.0,4700.0,67.0,6.55,120.0,50.0,,Snapdragon,Premium,20.93
Samsung Galaxy A73 5G,42999,89,"Dual Sim, 3G, 4G, 5G, VoLTE, Wi-Fi, NFC",5000 mAh Battery with 25W Fast Charging,"8 GB RAM, 128 GB inbuilt","6.7 inches, 1080 x 2400 px, 120 Hz Display with Punch Hole",108 MP Quad Rear & 32 MP Front Camera,"Snapdragon 778G, Octa Core, 2.4 GHz Processor","Memory Card (Hybrid), upto 1 TB",Android v12,Samsung,8.0,128.0,5000.0,25.0,6.7,120.0,108.0,32.0,Snapdragon,Premium,20.7
Infinix Gt 10 Pro Plus,42999,91,"Dual Sim, 3G, 4G, 5G, VoLTE, Wi-Fi",5000 mAh Battery with 260W Fast Charging,"12 GB RAM, 256 GB inbuilt","6.82 inches, 1080 x 2460 px, 144 Hz Display with Punch Hole",200 MP + 13 MP + 2 MP Triple Rear & 32 MP Front Camera,"Dimensity 8050, Octa Core, 3 GHz Processor","Memory Card Supported, upto 1 TB",Android v13,Infinix,12.0,256.0,5000.0,260.0,6.82,144.0,200.0,32.0,Dimensity,Premium,21.16
Oneplus 13R 5G,42998,89,"Dual Sim, 3G, 4G, 5G, VoLTE, Wi-Fi, NFC, IR Blaster",6000 mAh Battery with 80W Fast Charging,"12 GB RAM, 256 GB inbuilt","6.78 inches, 1264 x 2780 px, 120 Hz Display with Punch Hole",50 MP + 50 MP + 8 MP Triple Rear & 16 MP Front Camera,"Snapdragon 8 Gen3, Octa Core, 3.3 GHz Processor",Memory Card Not Supported,Android v15,Oneplus,12.0,256.0,6000.0,80.0,6.78,120.0,50.0,16.0,Snapdragon,Premium,20.7
Poco F7 Pro 5G,42990,86,"Dual Sim, 3G, 4G, 5G, VoLTE, Wi-Fi, NFC, IR Blaster",6000 mAh Battery with 90W Fast Charging,"12 GB RAM, 256 GB inbuilt","6.67 inches, 1440 x 3200 px, 120 Hz Display with Punch Hole",50 MP + 8 MP Dual Rear & 20 MP Front Camera,"Snapdragon 8 Gen3, Octa Core, 3.3 GHz Processor",Memory Card Not Supported,Android v14,Poco,12.0,256.0,6000.0,90.0,6.67,120.0,50.0,20.0,Snapdragon,Premium,20.0
Samsung Galaxy A76,42990,91,"Dual Sim, 3G, 4G, 5G, VoLTE, Wi-Fi, NFC",5000 mAh Battery with 45W Fast Charging,"8 GB RAM, 128 GB inbuilt","6.78 inches, 1080 x 2412 px, 120 Hz Display with Punch Hole",108 MP Quad Rear & 32 MP Front Camera,"Snapdragon 7+ Gen2, Octa Core, 2.91 GHz Processor","Memory Card (Hybrid), upto 1 TB",Android v14,Samsung,8.0,128.0,5000.0,45.0,6.78,120.0,108.0,32.0,Snapdragon,Premium,21.17
Realme Gt 5 (240W),42990,89,"Dual Sim, 3G, 4G, 5G, VoLTE, Vo5G, Wi-Fi, NFC, IR Blaster",4600 mAh Battery with 240W Fast Charging,"24 GB RAM, 1 TB inbuilt","6.74 inches, 1240 x 2772 px, 144 Hz Display with Punch Hole",50 MP + 8 MP + 2 MP Triple Rear & 16 MP Front Camera,"Snapdragon 8 Gen2, Octa Core, 3.2 GHz Processor",Memory Card Not Supported,Android v13,Realme,24.0,,4600.0,240.0,6.74,144.0,50.0,16.0,Snapdragon,Premium,20.7
Vivo V31 Pro 5G,42990,88,"Dual Sim, 3G, 4G, 5G, VoLTE, Wi-Fi",5000 mAh Battery with 100W Fast Charging,"12 GB RAM, 256 GB inbuilt","6.8 inches, 1260 x 2800 px, 120 Hz Display with Punch Hole",64 MP + 50 MP + 50 MP Triple Rear & 50 MP Front Camera,"Dimensity 9300, Octa Core, 3.25 GHz Processor",Memory Card Not Supported,Android v14,Vivo,12.0,256.0,5000.0,100.0,6.8,120.0,64.0,50.0,Dimensity,Premium,20.47
Iqoo 12 5G,41999,89,"Dual Sim, 3G, 4G, 5G, VoLTE, Wi-Fi, NFC, IR Blaster",5000 mAh Battery with 120W Fast Charging,"12 GB RAM, 256 GB inbuilt","6.78 inches, 1260 x 2800 px, 144 Hz Display with Punch Hole",64 MP + 50 MP + 50 MP Triple Rear & 16 MP Front Camera,"Snapdragon 8 Gen3, Octa Core, 3.3 GHz Processor",Memory Card Not Supported,Android v14,Iqoo,12.0,256.0,5000.0,120.0,6.78,144.0,64.0,16.0,Snapdragon,Premium,21.19
Samsung Galaxy A56 5G (8Gb Ram + 256Gb),41999,85,"Dual Sim, 3G, 4G, 5G, VoLTE, Wi-Fi, NFC",5000 mAh Battery with 45W Fast Charging,"8 GB RAM, 256 GB inbuilt","6.7 inches, 1080 x 2340 px, 120 Hz Display with Punch Hole",50 MP + 12 MP + 5 MP Triple Rear & 12 MP Front Camera,"Exynos 1580, Octa Core, 2.9 GHz Processor",Memory Card Not Supported,Android v16,Samsung,8.0,256.0,5000.0,45.0,6.7,120.0,50.0,12.0,Exynos,Premium,20.24
Vivo V40 5G (12Gb Ram + 512Gb),41999,88,"Dual Sim, 3G, 4G, 5G, VoLTE, Wi-Fi",5500 mAh Battery with 80W Fast Charging,"12 GB RAM, 512 GB inbuilt","6.78 inches, 1260 x 2800 px, 120 Hz Display with Punch Hole",50 MP + 50 MP Dual Rear & 50 MP Front Camera,"Snapdragon 7 Gen3, Octa Core, 2.63 GHz Processor",Memory Card Not Supported,Android v14,Vivo,12.0,512.0,5500.0,80.0,6.78,120.0,50.0,50.0,Snapdragon,Premium,20.95
Oneplus 11R (16Gb Ram + 256Gb),41999,87,"Dual Sim, 3G, 4G, 5G, VoLTE, Wi-Fi, NFC, IR Blaster",5000 mAh Battery with 100W Fast Charging,"16 GB RAM, 256 GB inbuilt","6.74 inches, 1240 x 2772 px, 120 Hz Display with Punch Hole",50 MP + 8 MP + 2 MP Triple Rear & 16 MP Front Camera,"Snapdragon 8+ Gen1, Octa Core, 3.2 GHz Processor",Memory Card Not Supported,Android v13,Oneplus,16.0,256.0,5000.0,100.0,6.74,120.0,50.0,16.0,Snapdragon,Premium,20.71
Vivo X80 Pro 5G,41599,90,"Dual Sim, 3G, 4G, 5G, VoLTE, Wi-Fi, NFC, IR Blaster",4700 mAh Battery with 80W Fast Charging,"12 GB RAM, 256 GB inbuilt","6.78 inches, 1440 x 3200 px, 120 Hz Display with Punch Hole",50 MP Quad Rear & 32 MP Front Camera,"Snapdragon 8 Gen1, Octa Core, 3 GHz Processor",Memory Card Not Supported,Android v12,Vivo,12.0,256.0,4700.0,80.0,6.78,120.0,50.0,32.0,Snapdragon,Premium,21.64
Vivo V50 5G (12Gb Ram + 512Gb),40999,88,"Dual Sim, 3G, 4G, 5G, VoLTE, Wi-Fi",6000 mAh Battery with 90W Fast Charging,"12 GB RAM, 512 GB inbuilt","6.77 inches, 1080 x 2392 px, 120 Hz Display with Punch Hole",50 MP + 50 MP Dual Rear & 50 MP Front Camera,"Snapdragon 7 Gen3, Octa Core, 2.63 GHz Processor",Memory Card Not Supported,Android v15,Vivo,12.0,512.0,6000.0,90.0,6.77,120.0,50.0,50.0,Snapdragon,Premium,21.46
Nubia Red Magic 10 Air,40999,88,"Dual Sim, 3G, 4G, 5G, VoLTE, Wi-Fi, NFC, IR Blaster",6000 mAh Battery with 80W Fast Charging,"12 GB RAM, 256 GB inbuilt","6.8 inches, 1116 x 2480 px, 120 Hz Display",50 MP + 50 MP Dual Rear & 16 MP Front Camera,"Snapdragon 8 Gen3, Octa Core, 3.3 GHz Processor",Memory Card Not Supported,HarmonyOS v4.2,Nubia,12.0,256.0,6000.0,80.0,6.8,120.0,50.0,16.0,Snapdragon,Premium,21.46
Vivo S20 Pro,40990,89,"Dual Sim, 3G, 4G, 5G, VoLTE, Wi-Fi, NFC, IR Blaster",5500 mAh Battery with 90W Fast Charging,"12 GB RAM, 256 GB inbuilt","6.67 inches, 1260 x 2800 px, 120 Hz Display with Punch Hole",50 MP + 50 MP + 50 MP Triple Rear & 50 MP Front Camera,"Dimensity 9300 Plus, Octa Core, 3.25 GHz Processor",Memory Card Not Supported,Android v15,Vivo,12.0,256.0,5500.0,90.0,6.67,120.0,50.0,50.0,Dimensity,Premium,21.71
Realme Gt 6 5G (16Gb Ram + 512Gb),39999,90,"Dual Sim, 3G, 4G, 5G, VoLTE, Vo5G, Wi-Fi, NFC, IR Blaster",5500 mAh Battery with 120W Fast Charging,"16 GB RAM, 512 GB inbuilt","6.78 inches, 1264 x 2780 px, 120 Hz Display with Punch Hole",50 MP + 50 MP + 8 MP Triple Rear & 32 MP Front Camera,"Snapdragon 8s Gen3, Octa Core, 3 GHz Processor",Memory Card Not Supported,Android v14,Realme,16.0,512.0,5500.0,120.0,6.78,120.0,50.0,32.0,Snapdragon,Premium,22.5
Xiaomi Redmi Turbo 4 Pro,39990,88,"Dual Sim, 3G, 4G, 5G, VoLTE, Wi-Fi, NFC, IR Blaster",7500 mAh Battery with 90W Fast Charging,"12 GB RAM, 256 GB inbuilt","6.83 inches, 1220 x 2712 px, 144 Hz Display with Punch Hole",50 MP + 50 MP + 8 MP Triple Rear & 32 MP Front Camera,"Snapdragon 8s Gen4, Octa Core, 3.2 GHz Processor",Memory Card Not Supported,Android v15,Xiaomi,12.0,256.0,7500.0,90.0,6.83,144.0,50.0,32.0,Snapdragon,Premium,22.01
Iqoo Z10 Turbo,39990,86,"Dual Sim, 3G, 4G, 5G, VoLTE, Wi-Fi, NFC, IR Blaster",7000 mAh Battery with 100W Fast Charging,"12 GB RAM, 256 GB inbuilt","6.78 inches, 1260 x 2800 px, 120 Hz Display with Punch Hole",50 MP + 2 MP Dual Rear & 16 MP Front Camera,"Dimensity 8400, Octa Core, 3.25 GHz Processor",Memory Card Not Supported,Android v15,Iqoo,12.0,256.0,7000.0,100.0,6.78,120.0,50.0,16.0,Dimensity,Premium,21.51
Oppo Reno 14 5G,39990,89,"Dual Sim, 3G, 4G, 5G, VoLTE, Wi-Fi, NFC, IR Blaster",6000 mAh Battery with 100W Fast Charging,"12 GB RAM, 256 GB inbuilt","6.8 inches, 1080 x 2732 px, 144 Hz Display with Punch Hole",50 MP Quad Rear & 32 MP Front Camera,"Dimensity 9200, Octa Core, 3.05 GHz Processor",Memory Card Not Supported,HarmonyOS v4.2,Oppo,12.0,256.0,6000.0,100.0,6.8,144.0,50.0,32.0,Dimensity,Premium,22.26
Tecno Camon 40 Premier,39990,92,"Dual Sim, 3G, 4G, 5G, VoLTE, Wi-Fi, NFC, IR Blaster",5100 mAh Battery with 70W Fast Charging,"12 GB RAM, 256 GB inbuilt","6.67 inches, 1260 x 2800 px, 120 Hz Display with Punch Hole",50 MP + 50 MP + 50 MP Triple Rear & 50 MP Front Camera,"Dimensity 8350, Octa Core, 3.35 GHz Processor",Memory Card Not Supported,Android v15,Tecno,12.0,256.0,5100.0,70.0,6.67,120.0,50.0,50.0,Dimensity,Premium,23.01
Honor 300 Pro,39990,90,"Dual Sim, 3G, 4G, 5G, VoLTE, Wi-Fi, NFC, IR Blaster",5300 mAh Battery with 100W Fast Charging,"12 GB RAM, 256 GB inbuilt","6.78 inches, 1224 x 2700 px, 120 Hz Display with Punch Hole",50 MP + 50 MP + 12 MP Triple Rear & 50 MP + 2 MP Dual Front Camera,"Snapdragon 8 Gen3, Octa Core, 3.3 GHz Processor",Memory Card Not Supported,Android v14,Honor,12.0,256.0,5300.0,100.0,6.78,120.0,50.0,,Snapdragon,Premium,22.51
Iqoo Neo 10S Pro Plus 5G,39990,86,"Dual Sim, 3G, 4G, 5G, VoLTE, Wi-Fi, NFC, IR Blaster",6000 mAh Battery with 120W Fast Charging,"12 GB RAM, 256 GB inbuilt","6.82 inches, 1260 x 2800 px, 144 Hz Display with Punch Hole",50 MP + 50 MP Dual Rear & 16 MP Front Camera,"Snapdragon 8 Elite, Octa Core, 4.32 GHz Processor",Memory Card Not Supported,Android v15,Iqoo,12.0,256.0,6000.0,120.0,6.82,144.0,50.0,16.0,Snapdragon,Premium,21.51
Samsung Galaxy A82 5G,39990,86,"Dual Sim, 3G, 4G, 5G, VoLTE, Wi-Fi, NFC",4500 mAh Battery with 25W Fast Charging,"6 GB RAM, 128 GB inbuilt","6.71 inches, 1440 x 3200 px, 120 Hz Display with Punch Hole",64 MP + 12 MP + 5 MP Triple Rear & 10 MP Front Camera,"Snapdragon 855+, Octa Core, 2.96 GHz Processor","Memory Card Supported, upto 1 TB",Android v11,Samsung,6.0,128.0,4500.0,25.0,6.71,120.0,64.0,10.0,Snapdragon,Premium,21.51
Oneplus Ace 5 Pro,39990,88,"Dual Sim, 3G, 4G, 5G, VoLTE, Vo5G, Wi-Fi, NFC, IR Blaster",6100 mAh Battery with 100W Fast Charging,"12 GB RAM, 256 GB inbuilt","6.78 inches, 1264 x 2780 px, 120 Hz Display with Punch Hole",50 MP + 8 MP + 2 MP Triple Rear & 16 MP Front Camera,"Snapdragon 8 Elite, Octa Core, 4.32 GHz Processor",Memory Card Not Supported,Android v15,Oneplus,12.0,256.0,6100.0,100.0,6.78,120.0,50.0,16.0,Snapdragon,Premium,22.01
Samsung Galaxy A83 5G,39990,86,"Dual Sim, 3G, 4G, 5G, VoLTE, Wi-Fi, NFC",4500 mAh Battery with 25W Fast Charging,"6 GB RAM, 128 GB inbuilt","6.71 inches, 1440 x 3200 px, 120 Hz Display with Punch Hole",64 MP + 12 MP + 5 MP Triple Rear & 10 MP Front Camera,"Snapdragon 870, Octa Core, 3.2 GHz Processor","Memory Card Supported, upto 1 TB",Android v11,Samsung,6.0,128.0,4500.0,25.0,6.71,120.0,64.0,10.0,Snapdragon,Premium,21.51
Iqoo Neo 9 Pro 5G (12Gb Ram + 256Gb),39390,84,"Dual Sim, 3G, 4G, 5G, VoLTE, Wi-Fi, IR Blaster",5160 mAh Battery with 120W Fast Charging,"12 GB RAM, 256 GB inbuilt","6.78 inches, 1260 x 2800 px, 144 Hz Display with Punch Hole",50 MP + 8 MP Dual Rear & 16 MP Front Camera,"Snapdragon 8 Gen2, Octa Core, 3.2 GHz Processor",Memory Card Not Supported,Android v14,Iqoo,12.0,256.0,5160.0,120.0,6.78,144.0,50.0,16.0,Snapdragon,Premium,21.33
Samsung Galaxy A56 5G,38999,85,"Dual Sim, 3G, 4G, 5G, VoLTE, Wi-Fi, NFC",5000 mAh Battery with 45W Fast Charging,"8 GB RAM, 128 GB inbuilt","6.7 inches, 1080 x 2340 px, 120 Hz Display with Punch Hole",50 MP + 12 MP + 5 MP Triple Rear & 12 MP Front Camera,"Exynos 1580, Octa Core, 2.9 GHz Processor",Memory Card Not Supported,Android v15,Samsung,8.0,128.0,5000.0,45.0,6.7,120.0,50.0,12.0,Exynos,Premium,21.8
Realme Gt 5 Pro,38990,89,"Dual Sim, 3G, 4G, 5G, VoLTE, Wi-Fi, NFC, IR Blaster",5400 mAh Battery with 100W Fast Charging,"12 GB RAM, 256 GB inbuilt","6.78 inches, 1264 x 2780 px, 144 Hz Display with Punch Hole",50 MP + 50 MP + 8 MP Triple Rear & 32 MP Front Camera,"Snapdragon 8 Gen3, Octa Core, 3.3 GHz Processor",Memory Card Not Supported,Android v14,Realme,12.0,256.0,5400.0,100.0,6.78,144.0,50.0,32.0,Snapdragon,Premium,22.83
Meizu 21,38990,89,"Dual Sim, 3G, 4G, 5G, VoLTE, Vo5G, Wi-Fi, NFC, IR Blaster",4800 mAh Battery with 80W Fast Charging,"8 GB RAM, 256 GB inbuilt","6.55 inches, 1080 x 2340 px, 120 Hz Display with Punch Hole",200 MP + 13 MP + 5 MP Triple Rear & 32 MP Front Camera,"Snapdragon 8 Gen3, Octa Core, 3.3 GHz Processor",Memory Card Not Supported,Android v13,Meizu,8.0,256.0,4800.0,80.0,6.55,120.0,200.0,32.0,Snapdragon,Premium,22.83
Oppo Reno 10 Pro Plus,38349,88,"Dual Sim, 3G, 4G, 5G, VoLTE, Wi-Fi, NFC, IR Blaster",4700 mAh Battery with 100W Fast Charging,"12 GB RAM, 256 GB inbuilt","6.74 inches, 1240 x 2772 px, 120 Hz Display with Punch Hole",64 MP + 50 MP + 8 MP Triple Rear & 32 MP Front Camera,"Snapdragon 8+ Gen1, Octa Core, 3.2 GHz Processor",Memory Card Not Supported,Android v13,Oppo,12.0,256.0,4700.0,100.0,6.74,120.0,64.0,32.0,Snapdragon,Premium,22.95
Oppo Reno 13 5G,37999,87,"Dual Sim, 3G, 4G, 5G, VoLTE, Wi-Fi, NFC, IR Blaster",5600 mAh Battery with 80W Fast Charging,"8 GB RAM, 128 GB inbuilt","6.59 inches, 1256 x 2760 px, 120 Hz Display with Punch Hole",50 MP + 8 MP + 2 MP Triple Rear & 50 MP Front Camera,"Dimensity 8350, Octa Core, 3.35 GHz Processor",Memory Card Not Supported,Android v14,Oppo,8.0,128.0,5600.0,80.0,6.59,120.0,50.0,50.0,Dimensity,Premium,22.9
Samsung Galaxy S23 Fe 5G,37999,83,"Dual Sim, 3G, 4G, 5G, VoLTE, Vo5G, Wi-Fi, NFC",4500 mAh Battery with 25W Fast Charging,"8 GB RAM, 128 GB inbuilt","6.4 inches, 1080 x 2340 px, 120 Hz Display with Punch Hole",50 MP + 12 MP + 8 MP Triple Rear & 10 MP Front Camera,"Exynos 2200, Octa Core, 2.8 GHz Processor",Memory Card Not Supported,Android v13,Samsung,8.0,128.0,4500.0,25.0,6.4,120.0,50.0,10.0,Exynos,Premium,21.84
Honor 90 5G,37999,88,"Dual Sim, 3G, 4G, 5G, VoLTE, Wi-Fi, NFC",5000 mAh Battery with 66W Fast Charging,"8 GB RAM, 256 GB inbuilt","6.7 inches, 1200 x 2664 px, 120 Hz Display with Punch Hole",200 MP + 12 MP + 2 MP Triple Rear & 50 MP Front Camera,"Snapdragon 7 Gen 1 Accelerated Edition, Octa Core, 2.36 GHz Processor",Memory Card Not Supported,Android v14,Honor,8.0,256.0,5000.0,66.0,6.7,120.0,200.0,50.0,Snapdragon,Premium,23.16
Honor 200 Pro,37998,91,"Dual Sim, 3G, 4G, 5G, VoLTE, Wi-Fi, NFC",5200 mAh Battery with 100W Fast Charging,"12 GB RAM, 512 GB inbuilt","6.78 inches, 1224 x 2700 px, 120 Hz Display with Punch Hole",50 MP + 50 MP + 12 MP Triple Rear & 50 MP + 2 MP Dual Front Camera,"Snapdragon 8s Gen3, Octa Core, 3 GHz Processor",Memory Card Not Supported,Android v13,Honor,12.0,512.0,5200.0,100.0,6.78,120.0,50.0,,Snapdragon,Premium,23.95
Realme 15 Pro Plus,37990,81,"Dual Sim, 3G, 4G, 5G, VoLTE, Wi-Fi",5700 mAh Battery with 120W Fast Charging,"12 GB RAM, 256 GB inbuilt","6.7 inches, 1080 x 2412 px, 144 Hz Display with Punch Hole",50 MP Quad Rear & 50 MP Front Camera,Octa Core Processor,Memory Card Not Supported,Android v15,Realme,12.0,256.0,5700.0,120.0,6.7,144.0,50.0,50.0,Octa,Premium,21.32
Vivo V50 Lite 5G,37990,83,"Dual Sim, 3G, 4G, 5G, VoLTE, Wi-Fi, NFC",6500 mAh Battery with 90W Fast Charging,"12 GB RAM, 512 GB inbuilt","6.77 inches, 1080 x 2392 px, 120 Hz Display with Punch Hole",50 MP + 2 MP Dual Rear Camera,"Dimensity 6300, Octa Core, 2.4 GHz Processor",Memory Card Not Supported,Android v16,Vivo,12.0,512.0,6500.0,90.0,6.77,120.0,50.0,,Dimensity,Premium,21.85
Oneplus 11R 5G,37990,84,"Dual Sim, 3G, 4G, 5G, VoLTE, Wi-Fi, NFC, IR Blaster",5000 mAh Battery with 100W Fast Charging,"8 GB RAM, 128 GB inbuilt","6.74 inches, 1240 x 2772 px, 120 Hz Display with Punch Hole",50 MP + 8 MP + 2 MP Triple Rear & 16 MP Front Camera,"Snapdragon 8+ Gen1, Octa Core, 3.2 GHz Processor",Memory Card Not Supported,Android v11,Oneplus,8.0,128.0,5000.0,100.0,6.74,120.0,50.0,16.0,Snapdragon,Premium,22.11
Poco F8,37990,78,"Dual Sim, 3G, 4G, 5G, VoLTE, Wi-Fi, NFC, IR Blaster",7700 mAh Battery with 100W Fast Charging,"12 GB RAM, 256 GB inbuilt","6.78 inches, 1220 x 2712 px, 144 Hz Display with Punch Hole",50 MP + 50 MP + 8 MP Triple Rear & 32 MP Front Camera,Octa Core Processor,Memory Card Not Supported,Android v16,Poco,12.0,256.0,7700.0,100.0,6.78,144.0,50.0,32.0,Octa,Premium,20.53
Oneplus Ace 3 Pro,37990,87,"Dual Sim, 3G, 4G, 5G, VoLTE, Vo5G, Wi-Fi, NFC, IR Blaster",6100 mAh Battery with 100W Fast Charging,"12 GB RAM, 256 GB inbuilt","6.78 inches, 1264 x 2780 px, 120 Hz Display with Punch Hole",50 MP + 8 MP + 2 MP Triple Rear & 16 MP Front Camera,"Snapdragon 8 Gen3, Octa Core, 3.3 GHz Processor",Memory Card Not Supported,Android v14,Oneplus,12.0,256.0,6100.0,100.0,6.78,120.0,50.0,16.0,Snapdragon,Premium,22.9
Samsung Galaxy A55 5G (12Gb Ram + 256Gb),37930,89,"Dual Sim, 3G, 4G, 5G, VoLTE, Wi-Fi, NFC",5000 mAh Battery with 25W Fast Charging,"12 GB RAM, 256 GB inbuilt","6.6 inches, 1080 x 2340 px, 120 Hz Display with Punch Hole",50 MP + 12 MP + 5 MP Triple Rear & 32 MP Front Camera,"Exynos 1480, Octa Core, 2.7 GHz Processor","Memory Card (Hybrid), upto 1 TB",Android v14,Samsung,12.0,256.0,5000.0,25.0,6.6,120.0,50.0,32.0,Exynos,Premium,23.46
Nothing Phone 2 (12Gb Ram + 256Gb),37900,89,"Dual Sim, 3G, 4G, 5G, VoLTE, Wi-Fi, NFC",4700 mAh Battery with 45W Fast Charging,"12 GB RAM, 256 GB inbuilt","6.7 inches, 1080 x 2412 px, 120 Hz Display with Punch Hole",50 MP + 50 MP Dual Rear & 32 MP Front Camera,"Snapdragon 8+ Gen1, Octa Core, 3.2 GHz Processor",Memory Card Not Supported,Android v13,Nothing,12.0,256.0,4700.0,45.0,6.7,120.0,50.0,32.0,Snapdragon,Premium,23.48
Nothing Phone 2 (12Gb Ram + 512Gb),37500,89,"Dual Sim, 3G, 4G, 5G, VoLTE, Wi-Fi, NFC",4700 mAh Battery with 45W Fast Charging,"12 GB RAM, 512 GB inbuilt","6.7 inches, 1080 x 2412 px, 120 Hz Display with Punch Hole",50 MP + 50 MP Dual Rear & 32 MP Front Camera,"Snapdragon 8+ Gen1, Octa Core, 3.2 GHz Processor",Memory Card Not Supported,Android v13,Nothing,12.0,512.0,4700.0,45.0,6.7,120.0,50.0,32.0,Snapdragon,Premium,23.73
Samsung Galaxy A36 5G (12Gb Ram + 256Gb),36999,85,"Dual Sim, 3G, 4G, 5G, VoLTE, Wi-Fi, NFC",5000 mAh Battery with 45W Fast Charging,"12 GB RAM, 256 GB inbuilt","6.7 inches, 1080 x 2340 px, 120 Hz Display with Punch Hole",50 MP + 8 MP + 5 MP Triple Rear & 12 MP Front Camera,"Snapdragon 6 Gen3, Octa Core, 2.4 GHz Processor",Memory Card Not Supported,Android v15,Samsung,12.0,256.0,5000.0,45.0,6.7,120.0,50.0,12.0,Snapdragon,Premium,22.97
Vivo V30 Pro 5G,36999,87,"Dual Sim, 3G, 4G, 5G, VoLTE, Wi-Fi",5000 mAh Battery with 80W Fast Charging,"8 GB RAM, 256 GB inbuilt","6.78 inches, 1260 x 2800 px, 120 Hz Display with Punch Hole",50 MP + 50 MP + 50 MP Triple Rear & 50 MP Front Camera,"Dimensity 8200, Octa Core, 3.1 GHz Processor",Memory Card Not Supported,Android v14,Vivo,8.0,256.0,5000.0,80.0,6.78,120.0,50.0,50.0,Dimensity,Premium,23.51
Vivo V30 Pro (12Gb Ram + 512Gb),36999,88,"Dual Sim, 3G, 4G, 5G, VoLTE, Wi-Fi",5000 mAh Battery with 80W Fast Charging,"12 GB RAM, 512 GB inbuilt","6.78 inches, 1260 x 2800 px, 120 Hz Display with Punch Hole",50 MP + 50 MP + 50 MP Triple Rear & 50 MP Front Camera,"Dimensity 8200, Octa Core, 3.1 GHz Processor",Memory Card Not Supported,Android v14,Vivo,12.0,512.0,5000.0,80.0,6.78,120.0,50.0,50.0,Dimensity,Premium,23.78
Realme Gt 7 Pro Racing Edition,36999,87,"Dual Sim, 3G, 4G, 5G, VoLTE, Wi-Fi, NFC, IR Blaster",6500 mAh Battery with 120W Fast Charging,"12 GB RAM, 256 GB inbuilt","6.78 inches, 1264 x 2780 px, 120 Hz Display with Punch Hole",50 MP + 8 MP Dual Rear & 16 MP Front Camera,"Snapdragon 8 Elite, Octa Core, 4.32 GHz Processor",Memory Card Not Supported,Android v15,Realme,12.0,256.0,6500.0,120.0,6.78,120.0,50.0,16.0,Snapdragon,Premium,23.51
Xiaomi 14 Civi,36969,89,"Dual Sim, 3G, 4G, 5G, VoLTE, Vo5G, Wi-Fi, NFC, IR Blaster",4700 mAh Battery with 67W Fast Charging,"8 GB RAM, 256 GB inbuilt","6.55 inches, 1236 x 2750 px, 120 Hz Display with Punch Hole",50 MP + 50 MP + 12 MP Triple Rear & 32 MP + 32 MP Dual Front Camera,"Snapdragon 8s Gen3, Octa Core, 3 GHz Processor",Memory Card Not Supported,Android v13,Xiaomi,8.0,256.0,4700.0,67.0,6.55,120.0,50.0,,Snapdragon,Premium,24.07
Oneplus Nord 5,35999,86,"Dual Sim, 3G, 4G, 5G, VoLTE, Wi-Fi, NFC",5000 mAh Battery with 120W Fast Charging,"8 GB RAM, 128 GB inbuilt","6.57 inches, 1080 x 2400 px, 120 Hz Display with Punch Hole",64 MP + 12 MP + 5 MP Triple Rear & 32 MP Front Camera,"Dimensity 8200, Octa Core, 3.1 GHz Processor",Memory Card Not Supported,Android v15,Oneplus,8.0,128.0,5000.0,120.0,6.57,120.0,64.0,32.0,Dimensity,Premium,23.89
Oneplus 12R (16Gb Ram + 256Gb),35999,87,"Dual Sim, 3G, 4G, 5G, VoLTE, Wi-Fi, NFC, IR Blaster",5500 mAh Battery with 100W Fast Charging,"16 GB RAM, 256 GB inbuilt","6.78 inches, 1264 x 2780 px, 120 Hz Display with Punch Hole",50 MP + 8 MP + 2 MP Triple Rear & 16 MP Front Camera,"Snapdragon 8 Gen2, Octa Core, 3.2 GHz Processor",Memory Card Not Supported,Android v15,Oneplus,16.0,256.0,5500.0,100.0,6.78,120.0,50.0,16.0,Snapdragon,Premium,24.17
Xiaomi 12 Pro 5G,35999,88,"Dual Sim, 3G, 4G, 5G, VoLTE, Wi-Fi, NFC, IR Blaster",4600 mAh Battery with 120W Fast Charging,"8 GB RAM, 256 GB inbuilt","6.73 inches, 1440 x 3200 px, 120 Hz Display with Punch Hole",50 MP + 50 MP + 50 MP Triple Rear & 32 MP Front Camera,"Snapdragon 8 Gen1, Octa Core, 3 GHz Processor",Memory Card Not Supported,Android v12,Xiaomi,8.0,256.0,4600.0,120.0,6.73,120.0,50.0,32.0,Snapdragon,Premium,24.45
Realme Gt 6 5G (12Gb Ram + 256Gb),35999,89,"Dual Sim, 3G, 4G, 5G, VoLTE, Vo5G, Wi-Fi, NFC, IR Blaster",5500 mAh Battery with 120W Fast Charging,"12 GB RAM, 256 GB inbuilt","6.78 inches, 1264 x 2780 px, 120 Hz Display with Punch Hole",50 MP + 50 MP + 8 MP Triple Rear & 32 MP Front Camera,"Snapdragon 8s Gen3, Octa Core, 3 GHz Processor",Memory Card Not Supported,Android v14,Realme,12.0,256.0,5500.0,120.0,6.78,120.0,50.0,32.0,Snapdragon,Premium,24.72
Hmd Skyline 5G,35999,89,"Dual Sim, 3G, 4G, 5G, VoLTE, Wi-Fi, NFC",4600 mAh Battery with 33W Fast Charging,"12 GB RAM, 256 GB inbuilt","6.55 inches, 1080 x 2400 px, 144 Hz Display with Punch Hole",108 MP + 50 MP + 13 MP Triple Rear & 50 MP Front Camera,"Snapdragon 7s Gen2, Octa Core, 2.4 GHz Processor","Memory Card Supported, upto 512 GB",Android v14,Hmd,12.0,256.0,4600.0,33.0,6.55,144.0,108.0,50.0,Snapdragon,Premium,24.72
Xiaomi Redmi Note 15 Pro Plus,35990,80,"Dual Sim, 3G, 4G, 5G, VoLTE, Wi-Fi, IR Blaster",5000 mAh Battery with 240W Fast Charging,"8 GB RAM, 256 GB inbuilt","6.78 inches, 1080 x 2400 px, 165 Hz Display with Punch Hole",200 MP + 13 MP + 2 MP Triple Rear & 60 MP Front Camera,"Dimensity 8020, Octa Core Processor",Memory Card Not Supported,Android v15,Xiaomi,8.0,256.0,5000.0,240.0,6.78,165.0,200.0,60.0,Dimensity,Premium,22.23
Sony Xperia 10 Vi,35990,84,"Dual Sim, 3G, 4G, 5G, VoLTE, Wi-Fi, NFC",5000 mAh Battery with Fast Charging,"8 GB RAM, 128 GB inbuilt","6.1 inches, 1080 x 2520 px Display",48 MP + 8 MP Dual Rear & 8 MP Front Camera,"Snapdragon 6 Gen1, Octa Core, 2.2 GHz Processor","Memory Card (Hybrid), upto 1 TB",Android v14,Sony,8.0,128.0,5000.0,0.0,6.1,60.0,48.0,8.0,Snapdragon,Premium,23.34
Vivo V40 5G (8Gb Ram + 256Gb),35910,86,"Dual Sim, 3G, 4G, 5G, VoLTE, Wi-Fi",5500 mAh Battery with 80W Fast Charging,"8 GB RAM, 256 GB inbuilt","6.78 inches, 1260 x 2800 px, 120 Hz Display with Punch Hole",50 MP + 50 MP Dual Rear & 50 MP Front Camera,"Snapdragon 7 Gen3, Octa Core, 2.63 GHz Processor",Memory Card Not Supported,Android v14,Vivo,8.0,256.0,5500.0,80.0,6.78,120.0,50.0,50.0,Snapdragon,Premium,23.95
Oneplus 12R (8Gb Ram + 256Gb),35470,86,"Dual Sim, 3G, 4G, 5G, VoLTE, Wi-Fi, NFC, IR Blaster",5500 mAh Battery with 100W Fast Charging,"8 GB RAM, 256 GB inbuilt","6.78 inches, 1264 x 2780 px, 120 Hz Display with Punch Hole",50 MP + 8 MP + 2 MP Triple Rear & 16 MP Front Camera,"Snapdragon 8 Gen2, Octa Core, 3.2 GHz Processor",Memory Card Not Supported,Android v15,Oneplus,8.0,256.0,5500.0,100.0,6.78,120.0,50.0,16.0,Snapdragon,Premium,24.25
Iqoo Neo 7 Pro,35391,83,"Dual Sim, 3G, 4G, 5G, VoLTE, Wi-Fi, IR Blaster",5000 mAh Battery with 120W Fast Charging,"8 GB RAM, 128 GB inbuilt","6.78 inches, 1080 x 2400 px, 120 Hz Display with Punch Hole",50 MP + 8 MP + 2 MP Triple Rear & 16 MP Front Camera,"Snapdragon 8+ Gen1, Octa Core, 3.2 GHz Processor",Memory Card Not Supported,Android v14,Iqoo,8.0,128.0,5000.0,120.0,6.78,120.0,50.0,16.0,Snapdragon,Premium,23.45
Vivo V50 5G,34999,85,"Dual Sim, 3G, 4G, 5G, VoLTE, Wi-Fi",6000 mAh Battery with 90W Fast Charging,"8 GB RAM, 128 GB inbuilt","6.77 inches, 1080 x 2392 px, 120 Hz Display with Punch Hole",50 MP + 50 MP Dual Rear & 50 MP Front Camera,"Snapdragon 7 Gen3, Octa Core, 2.63 GHz Processor",Memory Card Not Supported,Android v15,Vivo,8.0,128.0,6000.0,90.0,6.77,120.0,50.0,50.0,Snapdragon,Mid-Range,24.29
Xiaomi Redmi Note 13 Pro Plus World Champions Edition,34998,87,"Dual Sim, 3G, 4G, 5G, VoLTE, Wi-Fi, NFC, IR Blaster",5000 mAh Battery with 120W Fast Charging,"12 GB RAM, 512 GB inbuilt","6.67 inches, 1220 x 2712 px, 120 Hz Display with Punch Hole",200 MP + 8 MP + 2 MP Triple Rear & 16 MP Front Camera,"Dimensity 7200 Ultra, Octa Core, 2.8 GHz Processor",Memory Card Not Supported,Android v13,Xiaomi,12.0,512.0,5000.0,120.0,6.67,120.0,200.0,16.0,Dimensity,Mid-Range,24.86
Vivo T4 Ultra,34990,86,"Dual Sim, 3G, 4G, 5G, VoLTE, Wi-Fi",6000 mAh Battery with 100W Fast Charging,"8 GB RAM, 256 GB inbuilt","6.78 inches, 1460 x 3200 px, 144 Hz Display with Punch Hole",50 MP + 32 MP Dual Rear & 50 MP Front Camera,"Dimensity 9300, Octa Core, 3.25 GHz Processor",Memory Card Not Supported,Android v15,Vivo,8.0,256.0,6000.0,100.0,6.78,144.0,50.0,50.0,Dimensity,Mid-Range,24.58
Vivo T4 Pro 5G,34990,80,"Dual Sim, 3G, 4G, 5G, VoLTE, Vo5G, Wi-Fi",5700 mAh Battery with 120W Fast Charging,"8 GB RAM, 256 GB inbuilt","6.74 inches, 1080 x 2408 px, 144 Hz Display with Water Drop Notch",50 MP + 50 MP + 10 MP Triple Rear & 50 MP Front Camera,Octa Core Processor,"Memory Card (Hybrid), upto 1 TB",Android v15,Vivo,8.0,256.0,5700.0,120.0,6.74,144.0,50.0,50.0,Octa,Mid-Range,22.86
Oppo Reno 13 5G (8Gb+256Gb),34990,87,"Dual Sim, 3G, 4G, 5G, VoLTE, Wi-Fi, NFC, IR Blaster",5600 mAh Battery with 80W Fast Charging,"8 GB RAM, 256 GB inbuilt","6.59 inches, 1256 x 2760 px, 120 Hz Display with Punch Hole",50 MP + 8 MP + 2 MP Triple Rear & 50 MP Front Camera,"Dimensity 8350, Octa Core, 3.35 GHz Processor",Memory Card Not Supported,iOS v17,Oppo,8.0,256.0,5600.0,80.0,6.59,120.0,50.0,50.0,Dimensity,Mid-Range,24.86
Realme Gt 7T,34990,77,"Dual Sim, 3G, 4G, 5G, VoLTE, Vo5G, Wi-Fi, NFC, IR Blaster",6000 mAh Battery with 120W Fast Charging,"8 GB RAM, 256 GB inbuilt","6.8 inches, 1264 x 2780 px, 144 Hz Display with Punch Hole",50 MP + 50 MP Dual Rear & 32 MP Front Camera,Octa Core Processor,Memory Card Not Supported,Android v15,Realme,8.0,256.0,6000.0,120.0,6.8,144.0,50.0,32.0,Octa,Mid-Range,22.01
Honor 400,34990,89,"Dual Sim, 3G, 4G, 5G, VoLTE, Wi-Fi, NFC, IR Blaster",5300 mAh Battery with 66W Fast Charging,"8 GB RAM, 256 GB inbuilt","6.55 inches, 1200 x 2664 px, 120 Hz Display with Punch Hole",200 MP + 12 MP Dual Rear & 50 MP Front Camera,"Snapdragon 7 Gen3, Octa Core, 2.63 GHz Processor",Memory Card Not Supported,Android v16,Honor,8.0,256.0,5300.0,66.0,6.55,120.0,200.0,50.0,Snapdragon,Mid-Range,25.44
Infinix Zero 50 5G,34990,91,"Dual Sim, 3G, 4G, 5G, VoLTE, Wi-Fi, NFC",5500 mAh Battery with 67W Fast Charging,"12 GB RAM, 256 GB inbuilt","6.82 inches, 1080 x 2400 px, 144 Hz Display with Punch Hole",50 MP + 50 MP + Depth Sensor Triple Rear & 50 MP Front Camera,"Dimensity 8300, Octa Core, 3.35 GHz Processor","Memory Card Supported, upto 2 TB",Android v15,Infinix,12.0,256.0,5500.0,67.0,6.82,144.0,50.0,50.0,Dimensity,Mid-Range,26.01
Realme Neo 7 Pro,34990,88,"Dual Sim, 3G, 4G, 5G, VoLTE, Vo5G, Wi-Fi, NFC, IR Blaster",6700 mAh Battery with 100W Fast Charging,"12 GB RAM, 256 GB inbuilt","6.78 inches, 1264 x 2780 px, 120 Hz Display with Punch Hole",50 MP + 50 MP + 8 MP Triple Rear & 16 MP Front Camera,"Snapdragon 8 Elite, Octa Core, 4.32 GHz Processor",Memory Card Not Supported,Android v15,Realme,12.0,256.0,6700.0,100.0,6.78,120.0,50.0,16.0,Snapdragon,Mid-Range,25.15
Samsung Galaxy A37 5G,34990,84,"Dual Sim, 3G, 4G, 5G, VoLTE, Wi-Fi, NFC",5500 mAh Battery with 45W Fast Charging,"8 GB RAM, 128 GB inbuilt","6.74 inches, 1080 x 2340 px, 120 Hz Display with Punch Hole",50 MP + 12 MP + 8 MP Triple Rear & 16 MP Front Camera,"Snapdragon 6 Gen4, Octa Core, 2.3 GHz Processor",Memory Card Not Supported,Android v14,Samsung,8.0,128.0,5500.0,45.0,6.74,120.0,50.0,16.0,Snapdragon,Mid-Range,24.01
Poco X7 Pro Iron Man Edition,34990,87,"Dual Sim, 3G, 4G, 5G, VoLTE, Wi-Fi, NFC, IR Blaster",6550 mAh Battery with 90W Fast Charging,"12 GB RAM, 512 GB inbuilt","6.67 inches, 1220 x 2712 px, 120 Hz Display with Punch Hole",50 MP + 8 MP Dual Rear & 20 MP Front Camera,"Dimensity 8400 Ultra, Octa Core, 3.25 GHz Processor",Memory Card Not Supported,Android v14,Poco,12.0,512.0,6550.0,90.0,6.67,120.0,50.0,20.0,Dimensity,Mid-Range,24.86
Oneplus Ace 5S,34990,88,"Dual Sim, 3G, 4G, 5G, VoLTE, Vo5G, Wi-Fi, NFC, IR Blaster",7000 mAh Battery with 80W Fast Charging,"12 GB RAM, 256 GB inbuilt","6.78 inches, 1264 x 2780 px, 120 Hz Display with Punch Hole",50 MP + 8 MP + 2 MP Triple Rear & 32 MP Front Camera,"Dimensity 9300, Octa Core, 3.25 GHz Processor",Memory Card Not Supported,Android v15,Oneplus,12.0,256.0,7000.0,80.0,6.78,120.0,50.0,32.0,Dimensity,Mid-Range,25.15
Ulefone Armor 34 Pro,34990,93,"Dual Sim, 3G, 4G, 5G, VoLTE, Wi-Fi, NFC, IR Blaster",25500 mAh Battery with 66W Fast Charging,"12 GB RAM, 512 GB inbuilt","6.95 inches, 1080 x 2460 px, 144 Hz Display with Punch Hole",64 MP + 50 MP + 50 MP Triple Rear & 32 MP Front Camera,"Dimensity 7300, Octa Core, 2.5 GHz Processor",Memory Card Supported,Android v15,Ulefone,12.0,512.0,25500.0,66.0,6.95,144.0,64.0,32.0,Dimensity,Mid-Range,26.58
Motorola Moto G Stylus 5G 2025,34990,89,"Dual Sim, 3G, 4G, 5G, VoLTE, Wi-Fi, NFC",5000 mAh Battery with 68W Fast Charging,"8 GB RAM, 256 GB inbuilt","6.7 inches, 1220 x 2712 px, 120 Hz Display with Punch Hole",50 MP + 13 MP Dual Rear & 32 MP Front Camera,"Snapdragon 6 Gen3, Octa Core, 2.4 GHz Processor",Memory Card Supported,Android v15,Motorola,8.0,256.0,5000.0,68.0,6.7,120.0,50.0,32.0,Snapdragon,Mid-Range,25.44
Xiaomi Redmi Turbo 5,34990,78,"Dual Sim, 3G, 4G, 5G, VoLTE, Wi-Fi, NFC, IR Blaster",6880 mAh Battery with 100W Fast Charging,"12 GB RAM, 256 GB inbuilt","6.74 inches, 1220 x 2712 px, 120 Hz Display with Punch Hole",50 MP + 50 MP Dual Rear & 32 MP Front Camera,Octa Core Processor,Memory Card Not Supported,Android v14,Xiaomi,12.0,256.0,6880.0,100.0,6.74,120.0,50.0,32.0,Octa,Mid-Range,22.29
Nokia 6600 Max 5G,34990,85,"Dual Sim, 3G, 4G, 5G, VoLTE, Wi-Fi",7100 mAh Battery with 20W Fast Charging,"8 GB RAM, 128 GB inbuilt","6.56 inches, 1200 x 2400 px, 90 Hz Display with Water Drop Notch",108 MP + 2 MP + 2 MP Triple Rear & 16 MP Front Camera,"Snapdragon 8+ Gen1, Octa Core, 3.2 GHz Processor","Memory Card Supported, upto 1 TB",Android v13,Nokia,8.0,128.0,7100.0,20.0,6.56,90.0,108.0,16.0,Snapdragon,Mid-Range,24.29
Samsung Galaxy M55S 5G (12Gb Ram + 256Gb),34990,87,"Dual Sim, 3G, 4G, 5G, VoLTE, Wi-Fi, NFC",5000 mAh Battery with 45W Fast Charging,"12 GB RAM, 256 GB inbuilt","6.7 inches, 1080 x 2400 px, 120 Hz Display with Punch Hole",50 MP + 8 MP + 2 MP Triple Rear & 50 MP Front Camera,"Snapdragon 7 Gen1, Octa Core, 2.4 GHz Processor","Memory Card (Hybrid), upto 1 TB",Android v14,Samsung,12.0,256.0,5000.0,45.0,6.7,120.0,50.0,50.0,Snapdragon,Mid-Range,24.86
Motorola Edge 40 5G,34989,87,"Dual Sim, 3G, 4G, 5G, VoLTE, Wi-Fi, NFC",4400 mAh Battery with 68W Fast Charging,"8 GB RAM, 256 GB inbuilt","6.55 inches, 1080 x 2400 px, 144 Hz Display",50 MP + 13 MP Dual Rear & 32 MP Front Camera,"Dimensity 8020, Octa Core, 2.6 GHz Processor",Memory Card Not Supported,Android v12,Motorola,8.0,256.0,4400.0,68.0,6.55,144.0,50.0,32.0,Dimensity,Mid-Range,24.86
Nothing Phone 2,34799,88,"Dual Sim, 3G, 4G, 5G, VoLTE, Wi-Fi, NFC",4700 mAh Battery with 45W Fast Charging,"8 GB RAM, 128 GB inbuilt","6.7 inches, 1080 x 2412 px, 120 Hz Display with Punch Hole",50 MP + 50 MP Dual Rear & 32 MP Front Camera,"Snapdragon 8+ Gen1, Octa Core, 3.2 GHz Processor",Memory Card Not Supported,Android v15,Nothing,8.0,128.0,4700.0,45.0,6.7,120.0,50.0,32.0,Snapdragon,Mid-Range,25.29
Oneplus 11 5G,34697,87,"Dual Sim, 3G, 4G, 5G, VoLTE, Wi-Fi, NFC",5000 mAh Battery with 100W Fast Charging,"8 GB RAM, 128 GB inbuilt","6.7 inches, 1440 x 3216 px, 120 Hz Display with Punch Hole",50 MP + 48 MP + 32 MP Triple Rear & 16 MP Front Camera,"Snapdragon 8 Gen2, Octa Core, 3.2 GHz Processor",Memory Card Not Supported,Android v13,Oneplus,8.0,128.0,5000.0,100.0,6.7,120.0,50.0,16.0,Snapdragon,Mid-Range,25.07
Samsung Galaxy A55 5G (8Gb Ram + 256Gb),34430,89,"Dual Sim, 3G, 4G, 5G, VoLTE, Wi-Fi, NFC",5000 mAh Battery with 25W Fast Charging,"8 GB RAM, 256 GB inbuilt","6.6 inches, 1080 x 2340 px, 120 Hz Display with Punch Hole",50 MP + 12 MP + 5 MP Triple Rear & 32 MP Front Camera,"Exynos 1480, Octa Core, 2.7 GHz Processor","Memory Card (Hybrid), upto 1 TB",Android v14,Samsung,8.0,256.0,5000.0,25.0,6.6,120.0,50.0,32.0,Exynos,Mid-Range,25.85
Realme Gt 6,33999,89,"Dual Sim, 3G, 4G, 5G, VoLTE, Vo5G, Wi-Fi, NFC, IR Blaster",5500 mAh Battery with 120W Fast Charging,"8 GB RAM, 256 GB inbuilt","6.78 inches, 1264 x 2780 px, 120 Hz Display with Punch Hole",50 MP + 50 MP + 8 MP Triple Rear & 32 MP Front Camera,"Snapdragon 8s Gen3, Octa Core, 3 GHz Processor",Memory Card Not Supported,Android v14,Realme,8.0,256.0,5500.0,120.0,6.78,120.0,50.0,32.0,Snapdragon,Mid-Range,26.18
Nothing Phone 3A Pro (12Gb Ram + 256Gb),33999,89,"Dual Sim, 3G, 4G, 5G, VoLTE, Wi-Fi, NFC",5000 mAh Battery with 50W Fast Charging,"12 GB RAM, 256 GB inbuilt","6.77 inches, 1080 x 2392 px, 120 Hz Display with Punch Hole",50 MP + 50 MP + 8 MP Triple Rear & 50 MP Front Camera,"Snapdragon 7s Gen 3, Octa Core, 2.5 GHz Processor",Memory Card Not Supported,Android v15,Nothing,12.0,256.0,5000.0,50.0,6.77,120.0,50.0,50.0,Snapdragon,Mid-Range,26.18
Samsung Galaxy A36 5G (8Gb Ram + 256Gb),33999,84,"Dual Sim, 3G, 4G, 5G, VoLTE, Wi-Fi, NFC",5000 mAh Battery with 45W Fast Charging,"8 GB RAM, 256 GB inbuilt","6.7 inches, 1080 x 2340 px, 120 Hz Display with Punch Hole",50 MP + 8 MP + 5 MP Triple Rear & 12 MP Front Camera,"Snapdragon 6 Gen3, Octa Core, 2.4 GHz Processor",Memory Card Not Supported,Android v14,Samsung,8.0,256.0,5000.0,45.0,6.7,120.0,50.0,12.0,Snapdragon,Mid-Range,24.71
Iqoo Neo 9 Pro 5G,33999,83,"Dual Sim, 3G, 4G, 5G, VoLTE, Wi-Fi, IR Blaster",5160 mAh Battery with 120W Fast Charging,"8 GB RAM, 256 GB inbuilt","6.78 inches, 1260 x 2800 px, 144 Hz Display with Punch Hole",50 MP + 8 MP Dual Rear & 16 MP Front Camera,"Snapdragon 8 Gen2, Octa Core, 3.2 GHz Processor",Memory Card Not Supported,Android v15,Iqoo,8.0,256.0,5160.0,120.0,6.78,144.0,50.0,16.0,Snapdragon,Mid-Range,24.41
Samsung Galaxy S21 Fe 5G,33999,86,"Dual Sim, 3G, 4G, 5G, VoLTE, Wi-Fi, NFC",4500 mAh Battery with 25W Fast Charging,"8 GB RAM, 128 GB inbuilt","6.4 inches, 1080 x 2340 px, 120 Hz Display with Punch Hole",12 MP + 12 MP + 8 MP Triple Rear & 32 MP Front Camera,"Exynos 2100, Octa Core, 2.9 GHz Processor",Memory Card Not Supported,Android v12,Samsung,8.0,128.0,4500.0,25.0,6.4,120.0,12.0,32.0,Exynos,Mid-Range,25.29
Asus Rog Phone 5S 5G (12Gb Ram + 256Gb),33990,88,"Dual Sim, 3G, 4G, 5G, VoLTE, Wi-Fi, NFC",6000 mAh Battery with 65W Fast Charging,"12 GB RAM, 256 GB inbuilt","6.78 inches, 1080 x 2448 px, 144 Hz Display",64 MP + 13 MP + 5 MP Triple Rear & 24 MP Front Camera,"Snapdragon  888+, Octa Core, 2.9 GHz Processor",Memory Card Not Supported,Android v12,Asus,12.0,256.0,6000.0,65.0,6.78,144.0,64.0,24.0,Snapdragon,Mid-Range,25.89
Motorola Moto G Stylus 5G 2024,33499,87,"Single Sim, 3G, 4G, 5G, VoLTE, Wi-Fi, NFC",5000 mAh Battery with 30W Fast Charging,"8 GB RAM, 256 GB inbuilt","6.7 inches, 1080 x 2400 px, 120 Hz Display with Punch Hole",50 MP + 13 MP Dual Rear & 32 MP Front Camera,"Snapdragon 6 Gen1, Octa Core, 2.2 GHz Processor","Memory Card Supported, upto 2 TB",Android v14,Motorola,8.0,256.0,5000.0,30.0,6.7,120.0,50.0,32.0,Snapdragon,Mid-Range,25.97
Samsung Galaxy S21 Fe (Snapdragon),33490,87,"Dual Sim, 3G, 4G, 5G, VoLTE, Wi-Fi, NFC",4500 mAh Battery with 25W Fast Charging,"8 GB RAM, 256 GB inbuilt","6.4 inches, 1080 x 2340 px, 120 Hz Display with Punch Hole",12 MP + 12 MP + 8 MP Triple Rear & 32 MP Front Camera,"Snapdragon 888, Octa Core, 2.84 GHz Processor",Memory Card Not Supported,Android v13,Samsung,8.0,256.0,4500.0,25.0,6.4,120.0,12.0,32.0,Snapdragon,Mid-Range,25.98
Realme 14 Pro Plus (12Gb Ram + 256Gb),33488,87,"Dual Sim, 3G, 4G, 5G, VoLTE, Wi-Fi",6000 mAh Battery with 80W Fast Charging,"12 GB RAM, 256 GB inbuilt","6.83 inches, 1272 x 2800 px, 120 Hz Display with Punch Hole",50 MP + 50 MP + 8 MP Triple Rear & 32 MP Front Camera,"Snapdragon 7s Gen3, Octa Core, 2.5 GHz Processor",Memory Card Not Supported,Android v15,Realme,12.0,256.0,6000.0,80.0,6.83,120.0,50.0,32.0,Snapdragon,Mid-Range,25.98
Oneplus Nord 3 5G (16Gb Ram + 256Gb),32999,87,"Dual Sim, 3G, 4G, 5G, VoLTE, Wi-Fi, NFC, IR Blaster",5000 mAh Battery with 80W Fast Charging,"16 GB RAM, 256 GB inbuilt","6.74 inches, 1240 x 2772 px, 120 Hz Display with Punch Hole",50 MP + 8 MP + 2 MP Triple Rear & 16 MP Front Camera,"Dimensity 9000, Octa Core, 3.05 GHz Processor",Memory Card Not Supported,Android v13,Oneplus,16.0,256.0,5000.0,80.0,6.74,120.0,50.0,16.0,Dimensity,Mid-Range,26.36
Oneplus Nord 4 5G (12Gb Ram + 256Gb),32998,86,"Dual Sim, 3G, 4G, 5G, VoLTE, Wi-Fi, NFC, IR Blaster",5500 mAh Battery with 100W Fast Charging,"12 GB RAM, 256 GB inbuilt","6.74 inches, 1240 x 2772 px, 120 Hz Display with Punch Hole",50 MP + 8 MP Dual Rear & 16 MP Front Camera,"Snapdragon 7+ Gen3, Octa Core, 2.8 GHz Processor",Memory Card Not Supported,Android v14,Oneplus,12.0,256.0,5500.0,100.0,6.74,120.0,50.0,16.0,Snapdragon,Mid-Range,26.06
Light Phone 3,32990,67,"Dual Sim, 3G, 4G, 5G, Wi-Fi, NFC",1800 mAh Battery,"6 GB RAM, 128 GB inbuilt","3.92 inches, 1240 x 1080 px Display",50 MP Rear & 8 MP Front Camera,"Snapdragon 4 Gen2, Octa Core, 2.2 GHz Processor",Memory Card Not Supported,Android v14,Light,6.0,128.0,1800.0,0.0,3.92,60.0,50.0,8.0,Snapdragon,Mid-Range,20.31
Motorola Edge 60 5G,32990,89,"Dual Sim, 3G, 4G, 5G, VoLTE, Vo5G, Wi-Fi, NFC",5000 mAh Battery with 80W Fast Charging,"8 GB RAM, 256 GB inbuilt","6.7 inches, 1220 x 2712 px, 144 Hz Display",50 MP + 32 MP + 13 MP Triple Rear & 50 MP Front Camera,"Snapdragon 7 Gen3, Octa Core, 2.63 GHz Processor",Memory Card Not Supported,Android v15,Motorola,8.0,256.0,5000.0,80.0,6.7,144.0,50.0,50.0,Snapdragon,Mid-Range,26.98
Oppo F29 Pro Plus 5G,32990,82,"Dual Sim, 3G, 4G, 5G, VoLTE, Wi-Fi",5500 mAh Battery with 100W Fast Charging,"8 GB RAM, 256 GB inbuilt","6.74 inches, 1080 x 2412 px, 120 Hz Display with Punch Hole",50 MP + 8 MP + 2 MP Triple Rear & 16 MP Front Camera,"Dimensity 7200, Octa Core, 2.8 GHz Processor",Memory Card Not Supported,iOS v18,Oppo,8.0,256.0,5500.0,100.0,6.74,120.0,50.0,16.0,Dimensity,Mid-Range,24.86
Oppo Reno 13F,32990,86,"Dual Sim, 3G, 4G, 5G, VoLTE, Wi-Fi, NFC, IR Blaster",5800 mAh Battery with 45W Fast Charging,"8 GB RAM, 128 GB inbuilt","6.67 inches, 1080 x 2400 px, 120 Hz Display with Punch Hole",50 MP + 8 MP + 2 MP Triple Rear & 32 MP Front Camera,"Snapdragon 6 Gen1, Octa Core, 2.2 GHz Processor",Memory Card (Hybrid),Android v15,Oppo,8.0,128.0,5800.0,45.0,6.67,120.0,50.0,32.0,Snapdragon,Mid-Range,26.07
Motorola Moto G75 5G,32990,88,"Dual Sim, 3G, 4G, 5G, VoLTE, Wi-Fi, NFC",5000 mAh Battery with 30W Fast Charging,"8 GB RAM, 256 GB inbuilt","6.78 inches, 1080 x 2388 px, 120 Hz Display with Punch Hole",50 MP + 8 MP Dual Rear & 16 MP Front Camera,"Snapdragon 6 Gen3, Octa Core, 2.4 GHz Processor",Memory Card (Hybrid),Android v14,Motorola,8.0,256.0,5000.0,30.0,6.78,120.0,50.0,16.0,Snapdragon,Mid-Range,26.67
Honor 400 Lite,32990,85,"Dual Sim, 3G, 4G, 5G, VoLTE, Wi-Fi, NFC",5230 mAh Battery with 35W Fast Charging,"8 GB RAM, 256 GB inbuilt","6.7 inches, 1080 x 2412 px, 120 Hz Display with Small Notch",108 MP + 5 MP Dual Rear & 16 MP Front Camera,"Dimensity 7025 Ultra, Octa Core, 2.5 GHz Processor",Memory Card Not Supported,Android v14,Honor,8.0,256.0,5230.0,35.0,6.7,120.0,108.0,16.0,Dimensity,Mid-Range,25.77
Xiaomi Redmi Note 14 Pro Max,32990,81,"Dual Sim, 3G, 4G, 5G, VoLTE, Wi-Fi, IR Blaster",5200 mAh Battery with Fast Charging,"8 GB RAM, 128 GB inbuilt","6.78 inches, 1080 x 2460 px, 144 Hz Display with Punch Hole",200 MP Quad Rear & 32 MP Front Camera,"Dimensity 7350 Pro, Octa Core Processor","Memory Card Supported, upto 1 TB",Android v14,Xiaomi,8.0,128.0,5200.0,0.0,6.78,144.0,200.0,32.0,Dimensity,Mid-Range,24.55
Realme 13 Pro Plus 5G (12Gb Ram + 512Gb),32990,87,"Dual Sim, 3G, 4G, 5G, VoLTE, Wi-Fi",5200 mAh Battery with 80W Fast Charging,"12 GB RAM, 512 GB inbuilt","6.7 inches, 1080 x 2412 px, 120 Hz Display with Punch Hole",50 MP + 50 MP + 8 MP Triple Rear & 32 MP Front Camera,"Snapdragon 7s Gen2, Octa Core, 2.4 GHz Processor",Memory Card Not Supported,Android v14,Realme,12.0,512.0,5200.0,80.0,6.7,120.0,50.0,32.0,Snapdragon,Mid-Range,26.37
Honor Magic 7 Lite,32990,86,"Dual Sim, 3G, 4G, 5G, VoLTE, Wi-Fi, NFC, IR Blaster",6600 mAh Battery with 66W Fast Charging,"8 GB RAM, 256 GB inbuilt","6.78 inches, 1224 x 2700 px, 120 Hz Display with Punch Hole",108 MP + 5 MP Dual Rear & 16 MP Front Camera,"Snapdragon 6 Gen1, Octa Core, 2.2 GHz Processor",Memory Card Not Supported,Android v14,Honor,8.0,256.0,6600.0,66.0,6.78,120.0,108.0,16.0,Snapdragon,Mid-Range,26.07
Iqoo Z9 Turbo,32990,85,"Dual Sim, 3G, 4G, 5G, VoLTE, Wi-Fi, NFC, IR Blaster",6000 mAh Battery with 80W Fast Charging,"12 GB RAM, 256 GB inbuilt","6.78 inches, 1260 x 2800 px, 120 Hz Display with Punch Hole",50 MP + 8 MP Dual Rear & 16 MP Front Camera,"Snapdragon 8s Gen3, Octa Core, 3 GHz Processor",Memory Card Not Supported,Android v14,Iqoo,12.0,256.0,6000.0,80.0,6.78,120.0,50.0,16.0,Snapdragon,Mid-Range,25.77
Realme 14 Pro Plus (12Gb Ram + 512Gb),32900,88,"Dual Sim, 3G, 4G, 5G, VoLTE, Wi-Fi",6000 mAh Battery with 80W Fast Charging,"12 GB RAM, 512 GB inbuilt","6.83 inches, 1272 x 2800 px, 120 Hz Display with Punch Hole",50 MP + 50 MP + 8 MP Triple Rear & 32 MP Front Camera,"Snapdragon 7s Gen3, Octa Core, 2.5 GHz Processor",Memory Card Not Supported,Android v15,Realme,12.0,512.0,6000.0,80.0,6.83,120.0,50.0,32.0,Snapdragon,Mid-Range,26.75
Xiaomi Redmi Note 14 Pro Plus (12Gb Ram + 512Gb),32890,87,"Dual Sim, 3G, 4G, 5G, VoLTE, Wi-Fi, NFC, IR Blaster",6200 mAh Battery with 90W Fast Charging,"12 GB RAM, 512 GB inbuilt","6.67 inches, 1220 x 2712 px, 120 Hz Display with Punch Hole",50 MP + 50 MP + 8 MP Triple Rear & 20 MP Front Camera,"Snapdragon 7s Gen3, Octa Core, 2.5 GHz Processor",Memory Card Not Supported,Android v14,Xiaomi,12.0,512.0,6200.0,90.0,6.67,120.0,50.0,20.0,Snapdragon,Mid-Range,26.45
Samsung Galaxy A54 5G (8Gb Ram + 256Gb),32190,89,"Dual Sim, 3G, 4G, 5G, VoLTE, Wi-Fi, NFC",5000 mAh Battery with 25W Fast Charging,"8 GB RAM, 256 GB inbuilt","6.4 inches, 1080 x 2340 px, 120 Hz Display with Punch Hole",50 MP + 12 MP + 5 MP Triple Rear & 32 MP Front Camera,"Exynos 1380, Octa Core, 2.4 GHz Processor","Memory Card (Hybrid), upto 1 TB",Android v13,Samsung,8.0,256.0,5000.0,25.0,6.4,120.0,50.0,32.0,Exynos,Mid-Range,27.65
Oppo F29 Pro (12Gb Ram + 256Gb),31999,82,"Dual Sim, 3G, 4G, 5G, VoLTE, Wi-Fi",6000 mAh Battery with 80W Fast Charging,"12 GB RAM, 256 GB inbuilt","6.7 inches, 1080 x 2412 px, 120 Hz Display with Punch Hole",50 MP + 2 MP Dual Rear & 16 MP Front Camera,"Dimensity 7300, Octa Core, 2.5 GHz Processor",Memory Card Not Supported,Android v14,Oppo,12.0,256.0,6000.0,80.0,6.7,120.0,50.0,16.0,Dimensity,Mid-Range,25.63
Oppo Reno 12 Pro 5G (12Gb Ram + 512Gb),31999,89,"Dual Sim, 3G, 4G, 5G, VoLTE, Wi-Fi, NFC, IR Blaster",5000 mAh Battery with 80W Fast Charging,"12 GB RAM, 512 GB inbuilt","6.7 inches, 1080 x 2412 px, 120 Hz Display with Punch Hole",50 MP + 50 MP + 8 MP Triple Rear & 50 MP Front Camera,"Dimensity 7300 Energy, Octa Core, 2.5 GHz Processor",Memory Card (Hybrid),Android v14,Oppo,12.0,512.0,5000.0,80.0,6.7,120.0,50.0,50.0,Dimensity,Mid-Range,27.81
Iqoo Neo 9 Pro 5G (8Gb Ram + 128Gb),31999,82,"Dual Sim, 3G, 4G, 5G, VoLTE, Wi-Fi, IR Blaster",5160 mAh Battery with 120W Fast Charging,"8 GB RAM, 128 GB inbuilt","6.78 inches, 1260 x 2800 px, 144 Hz Display with Punch Hole",50 MP + 8 MP Dual Rear & 16 MP Front Camera,"Snapdragon 8 Gen2, Octa Core, 3.2 GHz Processor",Memory Card Not Supported,Android v14,Iqoo,8.0,128.0,5160.0,120.0,6.78,144.0,50.0,16.0,Snapdragon,Mid-Range,25.63
Infinix Note 50 Pro Plus 5G,31990,92,"Dual Sim, 3G, 4G, 5G, VoLTE, Wi-Fi, NFC, IR Blaster",5200 mAh Battery with 100W Fast Charging,"12 GB RAM, 256 GB inbuilt","6.78 inches, 1080 x 2436 px, 144 Hz Display with Punch Hole",50 MP + 50 MP + 8 MP Triple Rear & 32 MP Front Camera,"Dimensity 8350, Octa Core, 3.35 GHz Processor","Memory Card Supported, upto 1 TB",Android v15,Infinix,12.0,256.0,5200.0,100.0,6.78,144.0,50.0,32.0,Dimensity,Mid-Range,28.76
Vivo T3 Ultra (8Gb Ram + 256Gb),31989,85,"Dual Sim, 3G, 4G, 5G, VoLTE, Wi-Fi",5500 mAh Battery with 80W Fast Charging,"8 GB RAM, 256 GB inbuilt","6.78 inches, 1260 x 2800 px, 120 Hz Display with Punch Hole",50 MP + 8 MP Dual Rear & 50 MP Front Camera,"Dimensity 9200 Plus, Octa Core, 3.35 GHz Processor",Memory Card Not Supported,Android v14,Vivo,8.0,256.0,5500.0,80.0,6.78,120.0,50.0,50.0,Dimensity,Mid-Range,26.57
Samsung Galaxy A55 5G,31898,88,"Dual Sim, 3G, 4G, 5G, VoLTE, Wi-Fi, NFC",5000 mAh Battery with 25W Fast Charging,"8 GB RAM, 128 GB inbuilt","6.6 inches, 1080 x 2340 px, 120 Hz Display with Punch Hole",50 MP + 12 MP + 5 MP Triple Rear & 32 MP Front Camera,"Exynos 1480, Octa Core, 2.7 GHz Processor","Memory Card (Hybrid), upto 1 TB",Android v14,Samsung,8.0,128.0,5000.0,25.0,6.6,120.0,50.0,32.0,Exynos,Mid-Range,27.59
Realme 14 Pro Plus (8Gb Ram + 256Gb),31635,86,"Dual Sim, 3G, 4G, 5G, VoLTE, Wi-Fi",6000 mAh Battery with 80W Fast Charging,"8 GB RAM, 256 GB inbuilt","6.83 inches, 1272 x 2800 px, 120 Hz Display with Punch Hole",50 MP + 50 MP + 8 MP Triple Rear & 32 MP Front Camera,"Snapdragon 7s Gen3, Octa Core, 2.5 GHz Processor",Memory Card Not Supported,Android v15,Realme,8.0,256.0,6000.0,80.0,6.83,120.0,50.0,32.0,Snapdragon,Mid-Range,27.19
Vivo T3 Ultra,31490,84,"Dual Sim, 3G, 4G, 5G, VoLTE, Wi-Fi",5500 mAh Battery with 80W Fast Charging,"8 GB RAM, 128 GB inbuilt","6.78 inches, 1260 x 2800 px, 120 Hz Display with Punch Hole",50 MP + 8 MP Dual Rear & 50 MP Front Camera,"Dimensity 9200 Plus, Octa Core, 3.35 GHz Processor",Memory Card Not Supported,Android v15,Vivo,8.0,128.0,5500.0,80.0,6.78,120.0,50.0,50.0,Dimensity,Mid-Range,26.68
Samsung Galaxy A36 5G,30999,83,"Dual Sim, 3G, 4G, 5G, VoLTE, Wi-Fi, NFC",5000 mAh Battery with 45W Fast Charging,"8 GB RAM, 128 GB inbuilt","6.7 inches, 1080 x 2340 px, 120 Hz Display with Punch Hole",50 MP + 8 MP + 5 MP Triple Rear & 12 MP Front Camera,"Snapdragon 6 Gen3, Octa Core, 2.4 GHz Processor",Memory Card Not Supported,Android v14,Samsung,8.0,128.0,5000.0,45.0,6.7,120.0,50.0,12.0,Snapdragon,Mid-Range,26.78
Vivo V50E (8Gb Ram +256Gb),30999,84,"Dual Sim, 3G, 4G, 5G, VoLTE, Wi-Fi",5600 mAh Battery with 90W Fast Charging,"8 GB RAM, 256 GB inbuilt","6.77 inches, 1080 x 2392 px, 120 Hz Display with Punch Hole",50 MP + 8 MP Dual Rear & 50 MP Front Camera,"Dimensity 7300, Octa Core, 2.5 GHz Processor",Memory Card Not Supported,Android v15,Vivo,8.0,256.0,5600.0,90.0,6.77,120.0,50.0,50.0,Dimensity,Mid-Range,27.1
Vivo T3 Ultra (12Gb Ram + 256Gb),30999,86,"Dual Sim, 3G, 4G, 5G, VoLTE, Wi-Fi",5500 mAh Battery with 80W Fast Charging,"12 GB RAM, 256 GB inbuilt","6.78 inches, 1260 x 2800 px, 120 Hz Display with Punch Hole",50 MP + 8 MP Dual Rear & 50 MP Front Camera,"Dimensity 9200 Plus, Octa Core, 3.35 GHz Processor",Memory Card Not Supported,Android v14,Vivo,12.0,256.0,5500.0,80.0,6.78,120.0,50.0,50.0,Dimensity,Mid-Range,27.74
Motorola Edge 50 Pro (12Gb Ram + 256Gb),30999,88,"Dual Sim, 3G, 4G, 5G, VoLTE, Vo5G, Wi-Fi, NFC",4500 mAh Battery with 125W Fast Charging,"12 GB RAM, 256 GB inbuilt","6.7 inches, 1220 x 2712 px, 144 Hz Display with Punch Hole",50 MP + 13 MP + 10 MP Triple Rear & 50 MP Front Camera,"Snapdragon 7 Gen3, Octa Core, 2.63 GHz Processor",Memory Card Not Supported,Android v13,Motorola,12.0,256.0,4500.0,125.0,6.7,144.0,50.0,50.0,Snapdragon,Mid-Range,28.39
Xiaomi Redmi Note 12 Pro Plus (12Gb Ram + 256Gb),30999,87,"Dual Sim, 3G, 4G, 5G, VoLTE, Wi-Fi, IR Blaster",4980 mAh Battery with 120W Fast Charging,"12 GB RAM, 256 GB inbuilt","6.67 inches, 1080 x 2400 px, 120 Hz Display with Punch Hole",200 MP + 8 MP + 2 MP Triple Rear & 16 MP Front Camera,"Dimensity 1080, Octa Core, 2.6 GHz Processor",Memory Card Not Supported,Android v12,Xiaomi,12.0,256.0,4980.0,120.0,6.67,120.0,200.0,16.0,Dimensity,Mid-Range,28.07
Xiaomi Redmi K80,30990,86,"Dual Sim, 3G, 4G, 5G, VoLTE, Wi-Fi, NFC, IR Blaster",6550 mAh Battery with 90W Fast Charging,"12 GB RAM, 256 GB inbuilt","6.67 inches, 1440 x 3200 px, 120 Hz Display with Punch Hole",50 MP + 8 MP Dual Rear & 20 MP Front Camera,"Snapdragon 8 Gen3, Octa Core, 3.3 GHz Processor",Memory Card Not Supported,Android v14,Xiaomi,12.0,256.0,6550.0,90.0,6.67,120.0,50.0,20.0,Snapdragon,Mid-Range,27.75
Realme P4 Pro 5G,30990,77,"Dual Sim, 3G, 4G, 5G, VoLTE, Wi-Fi",6000 mAh Battery with 100W Fast Charging,"8 GB RAM, 256 GB inbuilt","6.82 inches, 1080 x 2400 px, 120 Hz Display with Punch Hole",50 MP + 50 MP + 2 MP Triple Rear & 50 MP Front Camera,Octa Core Processor,Memory Card Not Supported,Android v14,Realme,8.0,256.0,6000.0,100.0,6.82,120.0,50.0,50.0,Octa,Mid-Range,24.85
Realme 12 Pro Plus 5G (12Gb Ram + 256Gb),30490,86,"Dual Sim, 3G, 4G, 5G, VoLTE, Wi-Fi",5000 mAh Battery with 67W Fast Charging,"12 GB RAM, 256 GB inbuilt","6.7 inches, 1080 x 2412 px, 120 Hz Display with Punch Hole",64 MP + 50 MP + 8 MP Triple Rear & 32 MP Front Camera,"Snapdragon 7s Gen2, Octa Core, 2.4 GHz Processor",Memory Card Not Supported,Android v14,Realme,12.0,256.0,5000.0,67.0,6.7,120.0,64.0,32.0,Snapdragon,Mid-Range,28.21
Nothing Phone 3A Pro (8Gb Ram + 256Gb),30475,88,"Dual Sim, 3G, 4G, 5G, VoLTE, Wi-Fi, NFC",5000 mAh Battery with 50W Fast Charging,"8 GB RAM, 256 GB inbuilt","6.77 inches, 1080 x 2392 px, 120 Hz Display with Punch Hole",50 MP + 50 MP + 8 MP Triple Rear & 50 MP Front Camera,"Snapdragon 7s Gen 3, Octa Core, 2.5 GHz Processor",Memory Card Not Supported,Android v15,Nothing,8.0,256.0,5000.0,50.0,6.77,120.0,50.0,50.0,Snapdragon,Mid-Range,28.88
Motorola Edge 50 Pro (12Gb Ram + 256Gb),30336,88,"Dual Sim, 3G, 4G, 5G, VoLTE, Vo5G, Wi-Fi, NFC",4500 mAh Battery with 125W Fast Charging,"12 GB RAM, 256 GB inbuilt","6.7 inches, 1220 x 2712 px, 144 Hz Display with Punch Hole",50 MP + 13 MP + 10 MP Triple Rear & 50 MP Front Camera,"Snapdragon 7 Gen3, Octa Core, 2.63 GHz Processor",Memory Card Not Supported,Android v14,Motorola,12.0,256.0,4500.0,125.0,6.7,144.0,50.0,50.0,Snapdragon,Mid-Range,29.01
Iqoo Z9S Pro (12Gb Ram + 256Gb),30000,85,"Dual Sim, 3G, 4G, 5G, VoLTE, Wi-Fi",5500 mAh Battery with 80W Fast Charging,"12 GB RAM, 256 GB inbuilt","6.77 inches, 1080 x 2392 px, 120 Hz Display with Punch Hole",50 MP + 8 MP Dual Rear & 16 MP Front Camera,"Snapdragon 7 Gen3, Octa Core, 2.63 GHz Processor",Memory Card Not Supported,Android v14,Iqoo,12.0,256.0,5500.0,80.0,6.77,120.0,50.0,16.0,Snapdragon,Mid-Range,28.33
Oppo F29 Pro (8Gb Ram + 256Gb),29999,81,"Dual Sim, 3G, 4G, 5G, VoLTE, Wi-Fi",6000 mAh Battery with 80W Fast Charging,"8 GB RAM, 256 GB inbuilt","6.7 inches, 1080 x 2412 px, 120 Hz Display with Punch Hole",50 MP + 2 MP Dual Rear & 16 MP Front Camera,"Dimensity 7300, Octa Core, 2.5 GHz Processor",Memory Card Not Supported,Android v14,Oppo,8.0,256.0,6000.0,80.0,6.7,120.0,50.0,16.0,Dimensity,Mid-Range,27.0
Nothing Phone 4A,29999,88,"Dual Sim, 3G, 4G, 5G, VoLTE, Wi-Fi, NFC",5500 mAh Battery with 80W Fast Charging,"8 GB RAM, 256 GB inbuilt","6.82 inches, 1084 x 2728 px, 144 Hz Display with Punch Hole",64 MP + 50 MP + 50 MP Triple Rear & 50 MP Front Camera,"Snapdragon 8s Gen3, Octa Core, 3 GHz Processor",Memory Card Not Supported,Android v15,Nothing,8.0,256.0,5500.0,80.0,6.82,144.0,64.0,50.0,Snapdragon,Mid-Range,29.33
Poco X6 Pro 5G (12Gb Ram + 512Gb),29999,86,"Dual Sim, 3G, 4G, 5G, VoLTE, Wi-Fi, NFC, IR Blaster",5000 mAh Battery with 67W Fast Charging,"12 GB RAM, 512 GB inbuilt","6.67 inches, 1220 x 2712 px, 120 Hz Display with Punch Hole",64 MP + 8 MP + 2 MP Triple Rear & 16 MP Front Camera,"Dimensity 8300 Ultra, Octa Core, 3.35 GHz Processor",Memory Card Not Supported,Android v14,Poco,12.0,512.0,5000.0,67.0,6.67,120.0,64.0,16.0,Dimensity,Mid-Range,28.67
Samsung Galaxy A27 5G,29999,75,"Dual Sim, 3G, 4G, 5G, VoLTE, Wi-Fi, NFC",5500 mAh Battery with 25W Fast Charging,"6 GB RAM, 128 GB inbuilt","6.74 inches, 1080 x 2340 px, 120 Hz Display with Water Drop Notch",50 MP + 8 MP + 2 MP Triple Rear & 13 MP Front Camera,Octa Core Processor,"Memory Card (Hybrid), upto 1 TB",Android v16,Samsung,6.0,128.0,5500.0,25.0,6.74,120.0,50.0,13.0,Octa,Mid-Range,25.0
Realme Gt 2 Pro 5G,29999,88,"Dual Sim, 3G, 4G, 5G, VoLTE, Wi-Fi, NFC",5000 mAh Battery with 65W Fast Charging,"8 GB RAM, 128 GB inbuilt","6.7 inches, 1440 x 3216 px, 120 Hz Display with Punch Hole",50 MP + 50 MP + 2 MP Triple Rear & 32 MP Front Camera,"Snapdragon 8 Gen1, Octa Core, 3 GHz Processor",Memory Card Not Supported,Android v11,Realme,8.0,128.0,5000.0,65.0,6.7,120.0,50.0,32.0,Snapdragon,Mid-Range,29.33
Nothing Phone 2A Plus (12Gb Ram + 256Gb),29999,87,"Dual Sim, 3G, 4G, 5G, VoLTE, Wi-Fi, NFC",5000 mAh Battery with 50W Fast Charging,"12 GB RAM, 256 GB inbuilt","6.7 inches, 1084 x 2412 px, 120 Hz Display with Punch Hole",50 MP + 50 MP Dual Rear & 50 MP Front Camera,"Dimensity 7350 Pro 5G, Octa Core, 3 GHz Processor",Memory Card Not Supported,Android v14,Nothing,12.0,256.0,5000.0,50.0,6.7,120.0,50.0,50.0,Dimensity,Mid-Range,29.0
Realme P3 Ultra (12Gb Ram + 256Gb),29998,84,"Dual Sim, 3G, 4G, 5G, VoLTE, Wi-Fi, IR Blaster",6000 mAh Battery with 80W Fast Charging,"12 GB RAM, 256 GB inbuilt","6.83 inches, 1272 x 2800 px, 120 Hz Display with Punch Hole",50 MP + 8 MP Dual Rear & 16 MP Front Camera,"Dimensity 8350 Ultra, Octa Core, 3.35 GHz Processor",Memory Card Not Supported,Android v15,Realme,12.0,256.0,6000.0,80.0,6.83,120.0,50.0,16.0,Dimensity,Mid-Range,28.0
Honor 200 (12Gb Ram + 512Gb),29998,89,"Dual Sim, 3G, 4G, 5G, VoLTE, Wi-Fi, NFC",5200 mAh Battery with 100W Fast Charging,"12 GB RAM, 512 GB inbuilt","6.7 inches, 1200 x 2664 px, 120 Hz Display with Punch Hole",50 MP + 50 MP + 12 MP Triple Rear & 50 MP Front Camera,"Snapdragon 7 Gen3, Octa Core, 2.63 GHz Processor",Memory Card Not Supported,Android v15,Honor,12.0,512.0,5200.0,100.0,6.7,120.0,50.0,50.0,Snapdragon,Mid-Range,29.67
Oppo Reno 11 (8Gb Ram + 256Gb),29994,89,"Dual Sim, 3G, 4G, 5G, VoLTE, Wi-Fi, NFC, IR Blaster",5000 mAh Battery with 67W Fast Charging,"8 GB RAM, 256 GB inbuilt","6.7 inches, 1080 x 2412 px, 120 Hz Display with Punch Hole",50 MP + 32 MP + 8 MP Triple Rear & 32 MP Front Camera,"Dimensity 7050, Octa Core, 2.6 GHz Processor","Memory Card (Hybrid), upto 2 TB",Android v14,Oppo,8.0,256.0,5000.0,67.0,6.7,120.0,50.0,32.0,Dimensity,Mid-Range,29.67
Vivo V29 Pro (12Gb Ram + 256Gb),29994,85,"Dual Sim, 3G, 4G, 5G, VoLTE, Wi-Fi",4600 mAh Battery with 80W Fast Charging,"12 GB RAM, 256 GB inbuilt","6.78 inches, 1260 x 2800 px, 120 Hz Display with Punch Hole",50 MP + 12 MP + 8 MP Triple Rear & 50 MP Front Camera,"Dimensity 8200, Octa Core, 3.1 GHz Processor",Memory Card Not Supported,iOS v17,Vivo,12.0,256.0,4600.0,80.0,6.78,120.0,50.0,50.0,Dimensity,Mid-Range,28.34
Oneplus Nord Ce 5 5G,29990,76,"Dual Sim, 3G, 4G, 5G, VoLTE, Wi-Fi, NFC",7100 mAh Battery with 80W Fast Charging,"8 GB RAM, 256 GB inbuilt","6.7 inches, 1080 x 2412 px, 120 Hz Display with Punch Hole",50 MP + 8 MP Dual Rear & 16 MP Front Camera,"Dimensity 8350, Octa Core Processor","Memory Card Supported, upto 1 TB",Android v15,Oneplus,8.0,256.0,7100.0,80.0,6.7,120.0,50.0,16.0,Dimensity,Mid-Range,25.34
Oppo K13 Pro,29990,88,"Dual Sim, 3G, 4G, 5G, VoLTE, Wi-Fi, NFC, IR Blaster",6500 mAh Battery with 120W Fast Charging,"12 GB RAM, 256 GB inbuilt","6.78 inches, 1080 x 2412 px, 120 Hz Display with Punch Hole",50 MP + 8 MP + 2 MP Triple Rear & 32 MP Front Camera,"Snapdragon 8s Gen4, Octa Core, 3.2 GHz Processor",Memory Card (Hybrid),Android v15,Oppo,12.0,256.0,6500.0,120.0,6.78,120.0,50.0,32.0,Snapdragon,Mid-Range,29.34
Samsung Galaxy M56 (8Gb Ram + 256Gb),29990,82,"Dual Sim, 3G, 4G, 5G, VoLTE, Wi-Fi",5000 mAh Battery with 45W Fast Charging,"8 GB RAM, 256 GB inbuilt","6.74 inches, 1080 x 2340 px, 120 Hz Display with Punch Hole",50 MP + 8 MP + 2 MP Triple Rear & 12 MP Front Camera,"Exynos 1480, Octa Core, 2.7 GHz Processor",Memory Card Not Supported,Android v14,Samsung,8.0,256.0,5000.0,45.0,6.74,120.0,50.0,12.0,Exynos,Mid-Range,27.34
Vivo S19,29990,86,"Dual Sim, 3G, 4G, 5G, VoLTE, Wi-Fi, NFC, IR Blaster",6000 mAh Battery with 80W Fast Charging,"8 GB RAM, 256 GB inbuilt","6.78 inches, 1260 x 2800 px, 120 Hz Display with Punch Hole",50 MP + 8 MP Dual Rear & 50 MP Front Camera,"Snapdragon 7 Gen3, Octa Core, 2.63 GHz Processor",Memory Card Not Supported,Android v13,Vivo,8.0,256.0,6000.0,80.0,6.78,120.0,50.0,50.0,Snapdragon,Mid-Range,28.68
Oppo Reno 11 Pro 5G,29990,88,"Dual Sim, 3G, 4G, 5G, VoLTE, Wi-Fi, NFC, IR Blaster",4600 mAh Battery with 80W Fast Charging,"12 GB RAM, 256 GB inbuilt","6.7 inches, 1080 x 2412 px, 120 Hz Display with Punch Hole",50 MP + 32 MP + 8 MP Triple Rear & 32 MP Front Camera,"Dimensity 8200, Octa Core, 3.1 GHz Processor",Memory Card Not Supported,Android v14,Oppo,12.0,256.0,4600.0,80.0,6.7,120.0,50.0,32.0,Dimensity,Mid-Range,29.34
Honor X60 Gt,29990,86,"Dual Sim, 3G, 4G, 5G, VoLTE, Vo5G, Wi-Fi, NFC",6300 mAh Battery with 90W Fast Charging,"12 GB RAM, 256 GB inbuilt","6.78 inches, 1220 x 2652 px, 120 Hz Display with Punch Hole",200 MP + 2 MP Dual Rear & 8 MP Front Camera,"Snapdragon 8+ Gen1, Octa Core, 3.2 GHz Processor",Memory Card Not Supported,iOS v18,Honor,12.0,256.0,6300.0,90.0,6.78,120.0,200.0,8.0,Snapdragon,Mid-Range,28.68
Oppo Reno 12F 5G,29990,87,"Dual Sim, 3G, 4G, 5G, VoLTE, Wi-Fi, NFC, IR Blaster",5000 mAh Battery with 45W Fast Charging,"12 GB RAM, 256 GB inbuilt","6.67 inches, 1080 x 2400 px, 120 Hz Display with Punch Hole",50 MP + 8 MP + 2 MP Triple Rear & 32 MP Front Camera,"Dimensity 6300, Octa Core, 2.4 GHz Processor",Memory Card (Hybrid),Android v14,Oppo,12.0,256.0,5000.0,45.0,6.67,120.0,50.0,32.0,Dimensity,Mid-Range,29.01
Apple Iphone 9,29990,61,"Single Sim, 3G, 4G, VoLTE, Wi-Fi, NFC",2050 mAh Battery with Fast Charging,"3 GB RAM, 64 GB inbuilt","4.7 inches, 750 x 1334 px Display with Large Notch",12 MP Rear & 7 MP Front Camera,"A13 Bionic, Hexa Core, 2.65 GHz Processor",Memory Card Not Supported,iOS v13.0,Apple,3.0,64.0,2050.0,0.0,4.7,60.0,12.0,7.0,A13,Mid-Range,20.34
Iqoo Neo 11R,29990,77,"Dual Sim, 3G, 4G, 5G, VoLTE, Wi-Fi, NFC, IR Blaster",6700 mAh Battery with 100W Fast Charging,"12 GB RAM, 256 GB inbuilt","6.78 inches, 1260 x 2800 px, 144 Hz Display with Punch Hole",50 MP + 50 MP Dual Rear & 32 MP Front Camera,Octa Core Processor,Memory Card Not Supported,Android v15,Iqoo,12.0,256.0,6700.0,100.0,6.78,144.0,50.0,32.0,Octa,Mid-Range,25.68
Poco X8 5G,29990,76,"Dual Sim, 3G, 4G, 5G, VoLTE, Vo5G, Wi-Fi",5700 mAh Battery with 80W Fast Charging,"8 GB RAM, 256 GB inbuilt","6.74 inches, 1240 x 2740 px, 144 Hz Display with Punch Hole",50 MP + 13 MP + 8 MP Triple Rear & 32 MP Front Camera,Octa Core Processor,"Memory Card Supported, upto 1 TB",Android v16,Poco,8.0,256.0,5700.0,80.0,6.74,144.0,50.0,32.0,Octa,Mid-Range,25.34
Oneplus Ace 5V,29990,76,"Dual Sim, 3G, 4G, 5G, VoLTE, Wi-Fi, NFC, IR Blaster",7000 mAh Battery with 100W Fast Charging,"12 GB RAM, 256 GB inbuilt","6.78 inches, 1240 x 2772 px, 120 Hz Display with Punch Hole",50 MP + 13 MP + 2 MP Triple Rear & 32 MP Front Camera,"Dimensity 9350, Octa Core Processor",Memory Card Not Supported,Android v14,Oneplus,12.0,256.0,7000.0,100.0,6.78,120.0,50.0,32.0,Dimensity,Mid-Range,25.34
Vivo Y400,29990,83,"Dual Sim, 3G, 4G, 5G, VoLTE, Wi-Fi",5500 mAh Battery with 100W Fast Charging,"8 GB RAM, 256 GB inbuilt","6.78 inches, 1080 x 2400 px, 120 Hz Display with Punch Hole",50 MP + 2 MP Dual Rear & 32 MP Front Camera,"Snapdragon 6 Gen1, Octa Core, 2.2 GHz Processor","Memory Card (Hybrid), upto 2 TB",Android v15,Vivo,8.0,256.0,5500.0,100.0,6.78,120.0,50.0,32.0,Snapdragon,Mid-Range,27.68
Realme Neo 7 The Bad Guys Limited Edition,29990,86,"Dual Sim, 3G, 4G, 5G, VoLTE, Vo5G, Wi-Fi, NFC, IR Blaster",7000 mAh Battery with 80W Fast Charging,"12 GB RAM, 256 GB inbuilt","6.78 inches, 1264 x 2780 px, 120 Hz Display with Punch Hole",50 MP + 8 MP Dual Rear & 16 MP Front Camera,"Dimensity 9300 Plus, Octa Core, 3.25 GHz Processor",Memory Card Not Supported,Android v14,Realme,12.0,256.0,7000.0,80.0,6.78,120.0,50.0,16.0,Dimensity,Mid-Range,28.68
Xiaomi Redmi Note 14 Pro Plus,29880,85,"Dual Sim, 3G, 4G, 5G, VoLTE, Wi-Fi, NFC, IR Blaster",6200 mAh Battery with 90W Fast Charging,"8 GB RAM, 128 GB inbuilt","6.67 inches, 1220 x 2712 px, 120 Hz Display with Punch Hole",50 MP + 50 MP + 8 MP Triple Rear & 20 MP Front Camera,"Snapdragon 7s Gen3, Octa Core, 2.5 GHz Processor",Memory Card Not Supported,Android v14,Xiaomi,8.0,128.0,6200.0,90.0,6.67,120.0,50.0,20.0,Snapdragon,Mid-Range,28.45
Nothing Phone 3A Pro,29798,88,"Dual Sim, 3G, 4G, 5G, VoLTE, Wi-Fi, NFC",5000 mAh Battery with 50W Fast Charging,"8 GB RAM, 128 GB inbuilt","6.77 inches, 1080 x 2392 px, 120 Hz Display with Punch Hole",50 MP + 50 MP + 8 MP Triple Rear & 50 MP Front Camera,"Snapdragon 7s Gen 3, Octa Core, 2.5 GHz Processor",Memory Card Not Supported,Android v15,Nothing,8.0,128.0,5000.0,50.0,6.77,120.0,50.0,50.0,Snapdragon,Mid-Range,29.53
Xiaomi Redmi Note 14 Pro Plus (8Gb Ram + 256Gb),29599,86,"Dual Sim, 3G, 4G, 5G, VoLTE, Wi-Fi, NFC, IR Blaster",6200 mAh Battery with 90W Fast Charging,"8 GB RAM, 256 GB inbuilt","6.67 inches, 1220 x 2712 px, 120 Hz Display with Punch Hole",50 MP + 50 MP + 8 MP Triple Rear & 20 MP Front Camera,"Snapdragon 7s Gen3, Octa Core, 2.5 GHz Processor",Memory Card Not Supported,Android v14,Xiaomi,8.0,256.0,6200.0,90.0,6.67,120.0,50.0,20.0,Snapdragon,Mid-Range,29.06
Tecno Camon 30 Premier 5G,29499,89,"Dual Sim, 3G, 4G, 5G, VoLTE, Wi-Fi, NFC, IR Blaster",5000 mAh Battery with 70W Fast Charging,"12 GB RAM, 512 GB inbuilt","6.77 inches, 1264 x 2780 px, 120 Hz Display with Punch Hole",50 MP + 50 MP + 50 MP Triple Rear & 50 MP Front Camera,"Dimensity 8200, Octa Core, 3.1 GHz Processor",Memory Card Not Supported,Android v14,Tecno,12.0,512.0,5000.0,70.0,6.77,120.0,50.0,50.0,Dimensity,Mid-Range,30.17
Samsung Galaxy A54 5G,29499,88,"Dual Sim, 3G, 4G, 5G, VoLTE, Wi-Fi, NFC",5000 mAh Battery with 25W Fast Charging,"8 GB RAM, 128 GB inbuilt","6.4 inches, 1080 x 2340 px, 120 Hz Display with Punch Hole",50 MP + 12 MP + 5 MP Triple Rear & 32 MP Front Camera,"Exynos 1380, Octa Core, 2.4 GHz Processor","Memory Card (Hybrid), upto 1 TB",Android v13,Samsung,8.0,128.0,5000.0,25.0,6.4,120.0,50.0,32.0,Exynos,Mid-Range,29.83
Oppo Reno 10 Pro,29290,86,"Dual Sim, 3G, 4G, 5G, VoLTE, Wi-Fi, NFC, IR Blaster",4600 mAh Battery with 80W Fast Charging,"12 GB RAM, 256 GB inbuilt","6.7 inches, 1080 x 2412 px, 120 Hz Display with Punch Hole",50 MP + 32 MP + 8 MP Triple Rear & 32 MP Front Camera,"Snapdragon 778G, Octa Core, 2.4 GHz Processor",Memory Card Not Supported,Android v12,Oppo,12.0,256.0,4600.0,80.0,6.7,120.0,50.0,32.0,Snapdragon,Mid-Range,29.36
Vivo V50E 5G,28999,83,"Dual Sim, 3G, 4G, 5G, VoLTE, Wi-Fi",5600 mAh Battery with 90W Fast Charging,"8 GB RAM, 128 GB inbuilt","6.77 inches, 1080 x 2392 px, 120 Hz Display with Punch Hole",50 MP + 8 MP Dual Rear & 50 MP Front Camera,"Dimensity 7300, Octa Core, 2.5 GHz Processor",Memory Card Not Supported,Android v15,Vivo,8.0,128.0,5600.0,90.0,6.77,120.0,50.0,50.0,Dimensity,Mid-Range,28.62
Xiaomi Redmi Note 13 Pro Plus (12Gb Ram + 512Gb),28999,87,"Dual Sim, 3G, 4G, 5G, VoLTE, Wi-Fi, NFC, IR Blaster",5000 mAh Battery with 120W Fast Charging,"12 GB RAM, 512 GB inbuilt","6.67 inches, 1220 x 2712 px, 120 Hz Display with Punch Hole",200 MP + 8 MP + 2 MP Triple Rear & 16 MP Front Camera,"Dimensity 7200 Ultra, Octa Core, 2.8 GHz Processor",Memory Card Not Supported,Android v13,Xiaomi,12.0,512.0,5000.0,120.0,6.67,120.0,200.0,16.0,Dimensity,Mid-Range,30.0
Nothing Phone 3A (12Gb Ram + 256Gb),28999,88,"Dual Sim, 3G, 4G, 5G, VoLTE, Wi-Fi, NFC",5000 mAh Battery with 50W Fast Charging,"12 GB RAM, 256 GB inbuilt","6.77 inches, 1080 x 2392 px, 120 Hz Display with Punch Hole",50 MP + 50 MP + 8 MP Triple Rear & 32 MP Front Camera,"Snapdragon 7s Gen3, Octa Core, 2.5 GHz Processor",Memory Card Not Supported,Android v15,Nothing,12.0,256.0,5000.0,50.0,6.77,120.0,50.0,32.0,Snapdragon,Mid-Range,30.35
Motorola Edge 30 Fusion 5G,28999,88,"Dual Sim, 3G, 4G, 5G, VoLTE, Wi-Fi, NFC",4400 mAh Battery with 68W Fast Charging,"8 GB RAM, 128 GB inbuilt","6.55 inches, 1080 x 2400 px, 144 Hz Display with Punch Hole",50 MP + 13 MP + 2 MP Triple Rear & 32 MP Front Camera,"Snapdragon 888+, Octa Core, 2.9 GHz Processor",Memory Card Not Supported,Android v12,Motorola,8.0,128.0,4400.0,68.0,6.55,144.0,50.0,32.0,Snapdragon,Mid-Range,30.35
Iqoo Neo 10R (8Gb Ram + 256Gb),28998,84,"Dual Sim, 3G, 4G, 5G, VoLTE, Wi-Fi, IR Blaster",6400 mAh Battery with 80W Fast Charging,"8 GB RAM, 256 GB inbuilt","6.78 inches, 1260 x 2800 px, 144 Hz Display with Punch Hole",50 MP + 8 MP Dual Rear & 32 MP Front Camera,"Snapdragon 8s Gen3, Octa Core, 3 GHz Processor",Memory Card Not Supported,Android v14,Iqoo,8.0,256.0,6400.0,80.0,6.78,144.0,50.0,32.0,Snapdragon,Mid-Range,28.97
Nothing Phone 3A Plus,28990,77,"Dual Sim, 3G, 4G, 5G, VoLTE, Wi-Fi, NFC",5300 mAh Battery with 67W Fast Charging,"8 GB RAM, 256 GB inbuilt","6.78 inches, 1084 x 2412 px, 120 Hz Display with Punch Hole",50 MP + 50 MP Dual Rear & 50 MP Front Camera,"Dimensity 8350, Octa Core Processor",Memory Card Not Supported,Android v15,Nothing,8.0,256.0,5300.0,67.0,6.78,120.0,50.0,50.0,Dimensity,Mid-Range,26.56
Vivo V28,28990,84,"Dual Sim, 3G, 4G, 5G, VoLTE, Wi-Fi",5000 mAh Battery with 80W Fast Charging,"8 GB RAM, 256 GB inbuilt","6.7 inches, 1080 x 2400 px, 120 Hz Display with Water Drop Notch",108 MP + 13 MP + 2 MP Triple Rear & 32 MP Front Camera,"Snapdragon 6 Gen 1, Octa Core, 2.2 GHz Processor",Memory Card Supported,Android v13,Vivo,8.0,256.0,5000.0,80.0,6.7,120.0,108.0,32.0,Snapdragon,Mid-Range,28.98
Samsung Galaxy M56,27999,81,"Dual Sim, 3G, 4G, 5G, VoLTE, Wi-Fi",5000 mAh Battery with 45W Fast Charging,"8 GB RAM, 128 GB inbuilt","6.74 inches, 1080 x 2340 px, 120 Hz Display with Punch Hole",50 MP + 8 MP + 2 MP Triple Rear & 12 MP Front Camera,"Exynos 1480, Octa Core, 2.7 GHz Processor",Memory Card Not Supported,Android v15,Samsung,8.0,128.0,5000.0,45.0,6.74,120.0,50.0,12.0,Exynos,Mid-Range,28.93
Realme 14 Pro Plus 5G,27999,85,"Dual Sim, 3G, 4G, 5G, VoLTE, Wi-Fi",6000 mAh Battery with 80W Fast Charging,"8 GB RAM, 128 GB inbuilt","6.83 inches, 1272 x 2800 px, 120 Hz Display with Punch Hole",50 MP + 50 MP + 8 MP Triple Rear & 32 MP Front Camera,"Snapdragon 7s Gen3, Octa Core, 2.5 GHz Processor",Memory Card Not Supported,Android v15,Realme,8.0,128.0,6000.0,80.0,6.83,120.0,50.0,32.0,Snapdragon,Mid-Range,30.36
Oppo F29 Pro 5G,27999,80,"Dual Sim, 3G, 4G, 5G, VoLTE, Wi-Fi",6000 mAh Battery with 80W Fast Charging,"8 GB RAM, 128 GB inbuilt","6.7 inches, 1080 x 2412 px, 120 Hz Display with Punch Hole",50 MP + 2 MP Dual Rear & 16 MP Front Camera,"Dimensity 7300, Octa Core, 2.5 GHz Processor",Memory Card Not Supported,Android v14,Oppo,8.0,128.0,6000.0,80.0,6.7,120.0,50.0,16.0,Dimensity,Mid-Range,28.57
Samsung Galaxy A26 (8Gb Ram + 256Gb),27999,86,"Dual Sim, 3G, 4G, 5G, VoLTE, Wi-Fi, NFC",5000 mAh Battery with 25W Fast Charging,"8 GB RAM, 256 GB inbuilt","6.7 inches, 1080 x 2340 px, 120 Hz Display with Water Drop Notch",50 MP + 8 MP + 2 MP Triple Rear & 13 MP Front Camera,"Exynos 1380, Octa Core, 2.4 GHz Processor","Memory Card (Hybrid), upto 2 TB",Android v15,Samsung,8.0,256.0,5000.0,25.0,6.7,120.0,50.0,13.0,Exynos,Mid-Range,30.72
Oppo F27 Pro Plus 5G,27999,81,"Dual Sim, 3G, 4G, 5G, VoLTE, Wi-Fi",5000 mAh Battery with 67W Fast Charging,"8 GB RAM, 256 GB inbuilt","6.7 inches, 1080 x 2412 px, 120 Hz Display with Punch Hole",64 MP + 2 MP Dual Rear & 8 MP Front Camera,"Dimensity 7050, Octa Core, 2.6 GHz Processor",Memory Card Not Supported,Android v14,Oppo,8.0,256.0,5000.0,67.0,6.7,120.0,64.0,8.0,Dimensity,Mid-Range,28.93
Vivo V40E 5G (8Gb Ram + 256Gb),27999,84,"Dual Sim, 3G, 4G, 5G, VoLTE, Wi-Fi",5500 mAh Battery with 80W Fast Charging,"8 GB RAM, 256 GB inbuilt","6.77 inches, 1080 x 2392 px, 120 Hz Display with Punch Hole",50 MP + 8 MP Dual Rear & 50 MP Front Camera,"Dimensity 7300, Octa Core, 2.5 GHz Processor",Memory Card Not Supported,Android v14,Vivo,8.0,256.0,5500.0,80.0,6.77,120.0,50.0,50.0,Dimensity,Mid-Range,30.0
Realme 11 Pro Plus,27999,88,"Dual Sim, 3G, 4G, 5G, VoLTE, Wi-Fi",5000 mAh Battery with 100W Fast Charging,"8 GB RAM, 256 GB inbuilt","6.7 inches, 1080 x 2412 px, 120 Hz Display with Punch Hole",200 MP + 8 MP + 2 MP Triple Rear & 32 MP Front Camera,"Dimensity 7050, Octa Core, 2.6 GHz Processor",Memory Card Not Supported,Android v13,Realme,8.0,256.0,5000.0,100.0,6.7,120.0,200.0,32.0,Dimensity,Mid-Range,31.43
Oneplus 10R 5G,27999,84,"Dual Sim, 3G, 4G, 5G, VoLTE, Wi-Fi, NFC",5000 mAh Battery with 80W Fast Charging,"8 GB RAM, 128 GB inbuilt","6.7 inches, 1080 x 2412 px, 120 Hz Display with Punch Hole",50 MP + 8 MP + 2 MP Triple Rear & 16 MP Front Camera,"Dimensity 8100 Max, Octa Core, 2.85 GHz Processor",Memory Card Not Supported,Android v11,Oneplus,8.0,128.0,5000.0,80.0,6.7,120.0,50.0,16.0,Dimensity,Mid-Range,30.0
Vivo V29 Pro,27994,84,"Dual Sim, 3G, 4G, 5G, VoLTE, Wi-Fi",4600 mAh Battery with 80W Fast Charging,"8 GB RAM, 256 GB inbuilt","6.78 inches, 1260 x 2800 px, 120 Hz Display with Punch Hole",50 MP + 12 MP + 8 MP Triple Rear & 50 MP Front Camera,"Dimensity 8200, Octa Core, 3.1 GHz Processor",Memory Card Not Supported,Android v12,Vivo,8.0,256.0,4600.0,80.0,6.78,120.0,50.0,50.0,Dimensity,Mid-Range,30.01
Motorola Edge 60 Fusion 5G (12Gb Ram + 256Gb),27990,87,"Dual Sim, 3G, 4G, 5G, VoLTE, Vo5G, Wi-Fi",5500 mAh Battery with 68W Fast Charging,"12 GB RAM, 256 GB inbuilt","6.7 inches, 1220 x 2712 px, 120 Hz Display with Punch Hole",50 MP + 13 MP Dual Rear & 32 MP Front Camera,"Dimensity 7400, Octa Core, 2.5 GHz Processor","Memory Card (Hybrid), upto 1 TB",Android v15,Motorola,12.0,256.0,5500.0,68.0,6.7,120.0,50.0,32.0,Dimensity,Mid-Range,31.08
Motorola Moto Edge 60 Neo,27990,79,"Dual Sim, 3G, 4G, 5G, VoLTE, Wi-Fi, NFC",4700 mAh Battery with 80W Fast Charging,"8 GB RAM, 256 GB inbuilt","6.67 inches, 1220 x 2712 px, 120 Hz Display with Punch Hole",50 MP + 50 MP + 32 MP Triple Rear & 32 MP Front Camera,"Dimensity 7400x, Octa Core Processor",Memory Card Not Supported,Android v14,Motorola,8.0,256.0,4700.0,80.0,6.67,120.0,50.0,32.0,Dimensity,Mid-Range,28.22
Samsung Galaxy F56 5G,27990,87,"Dual Sim, 3G, 4G, 5G, VoLTE, Wi-Fi, NFC",5000 mAh Battery with 45W Fast Charging,"8 GB RAM, 128 GB inbuilt","6.7 inches, 1080 x 2400 px, 120 Hz Display with Punch Hole",50 MP + 32 MP + 2 MP Triple Rear & 50 MP Front Camera,"Snapdragon 7 Gen3, Octa Core, 2.63 GHz Processor","Memory Card (Hybrid), upto 1 TB",Android v15,Samsung,8.0,128.0,5000.0,45.0,6.7,120.0,50.0,50.0,Snapdragon,Mid-Range,31.08
Honor X9C,27990,85,"Dual Sim, 3G, 4G, 5G, VoLTE, Wi-Fi, NFC, IR Blaster",6600 mAh Battery with 66W Fast Charging,"8 GB RAM, 256 GB inbuilt","6.78 inches, 1224 x 2700 px Display with Punch Hole",108 MP + 5 MP Dual Rear & 16 MP Front Camera,"Snapdragon 6 Gen1, Octa Core, 2.2 GHz Processor",Memory Card Not Supported,Android v14,Honor,8.0,256.0,6600.0,66.0,6.78,60.0,108.0,16.0,Snapdragon,Mid-Range,30.37
Xiaomi Redmi Note 12 Turbo Harry Potter Edition,27990,83,"Dual Sim, 3G, 4G, 5G, VoLTE, Wi-Fi, NFC, IR Blaster",5000 mAh Battery with 67W Fast Charging,"12 GB RAM, 256 GB inbuilt","6.67 inches, 1080 x 2400 px, 120 Hz Display with Punch Hole",64 MP + 8 MP + 2 MP Triple Rear & 16 MP Front Camera,"Snapdragon 7+ Gen2, Octa Core, 2.91 GHz Processor",Memory Card Not Supported,Android v13,Xiaomi,12.0,256.0,5000.0,67.0,6.67,120.0,64.0,16.0,Snapdragon,Mid-Range,29.65
Nubia Focus 2 Ultra 5G,27990,83,"Dual Sim, 3G, 4G, 5G, Wi-Fi, NFC",5500 mAh Battery with 33W Fast Charging,"8 GB RAM, 512 GB inbuilt","6.8 inches, 1080 x 2392 px, 120 Hz Display with Punch Hole",50 MP + Ultra Wide Triple Rear & 32 MP Front Camera,"Unisoc T760, Octa Core, 2.2 GHz Processor",Memory Card Not Supported,iOS v18,Nubia,8.0,512.0,5500.0,33.0,6.8,120.0,50.0,32.0,Unisoc,Mid-Range,29.65
Cubot Kingkong X Pro,27990,89,"Dual Sim, 3G, 4G, 5G, VoLTE, Wi-Fi, NFC",10200 mAh Battery with 33W Fast Charging,"12 GB RAM, 256 GB inbuilt","6.72 inches, 1080 x 2400 px Display with Water Drop Notch",100 MP + 5 MP Dual Rear & 32 MP Front Camera,"Dimensity 8200, Octa Core, 3.1 GHz Processor",Memory Card (Hybrid),Android v14,Cubot,12.0,256.0,10200.0,33.0,6.72,60.0,100.0,32.0,Dimensity,Mid-Range,31.8
Nothing Phone 1 (8Gb Ram + 256Gb),27987,86,"Dual Sim, 3G, 4G, 5G, VoLTE, Wi-Fi, NFC",4500 mAh Battery with 33W Fast Charging,"8 GB RAM, 256 GB inbuilt","6.55 inches, 1080 x 2400 px, 120 Hz Display with Punch Hole",50 MP + 50 MP Dual Rear & 16 MP Front Camera,"Snapdragon 778G Plus, Octa Core, 2.5 GHz Processor",Memory Card Not Supported,Android v12,Nothing,8.0,256.0,4500.0,33.0,6.55,120.0,50.0,16.0,Snapdragon,Mid-Range,30.73
Oneplus Nord 4 5G (8Gb Ram + 256Gb),27707,85,"Dual Sim, 3G, 4G, 5G, VoLTE, Wi-Fi, NFC, IR Blaster",5500 mAh Battery with 100W Fast Charging,"8 GB RAM, 256 GB inbuilt","6.74 inches, 1240 x 2772 px, 120 Hz Display with Punch Hole",50 MP + 8 MP Dual Rear & 16 MP Front Camera,"Snapdragon 7+ Gen3, Octa Core, 2.8 GHz Processor",Memory Card Not Supported,Android v14,Oneplus,8.0,256.0,5500.0,100.0,6.74,120.0,50.0,16.0,Snapdragon,Mid-Range,30.68
Samsung Galaxy A53 5G (8Gb Ram + 128Gb),27690,89,"Dual Sim, 3G, 4G, 5G, VoLTE, Wi-Fi, NFC",5000 mAh Battery with 25W Fast Charging,"8 GB RAM, 128 GB inbuilt","6.5 inches, 1080 x 2400 px, 120 Hz Display with Punch Hole",64 MP Quad Rear & 32 MP Front Camera,"Exynos 1280, Octa Core, 2.4 GHz Processor","Memory Card Supported, upto 1 TB",Android v12,Samsung,8.0,128.0,5000.0,25.0,6.5,120.0,64.0,32.0,Exynos,Mid-Range,32.14
Realme Gt 2 Pro 5G (12Gb Ram + 256Gb),27600,89,"Dual Sim, 3G, 4G, 5G, VoLTE, Wi-Fi, NFC",5000 mAh Battery with 65W Fast Charging,"12 GB RAM, 256 GB inbuilt","6.7 inches, 1440 x 3216 px, 120 Hz Display with Punch Hole",50 MP + 50 MP + 2 MP Triple Rear & 32 MP Front Camera,"Snapdragon 8 Gen1, Octa Core, 3 GHz Processor",Memory Card Not Supported,Android v15,Realme,12.0,256.0,5000.0,65.0,6.7,120.0,50.0,32.0,Snapdragon,Mid-Range,32.25
Oneplus Nord 4 5G,27499,85,"Dual Sim, 3G, 4G, 5G, VoLTE, Wi-Fi, NFC, IR Blaster",5500 mAh Battery with 100W Fast Charging,"8 GB RAM, 128 GB inbuilt","6.74 inches, 1240 x 2772 px, 120 Hz Display with Punch Hole",50 MP + 8 MP Dual Rear & 16 MP Front Camera,"Snapdragon 7+ Gen3, Octa Core, 2.8 GHz Processor",Memory Card Not Supported,Android v14,Oneplus,8.0,128.0,5500.0,100.0,6.74,120.0,50.0,16.0,Snapdragon,Mid-Range,30.91
Oppo Reno7 Pro 5G,27490,87,"Dual Sim, 3G, 4G, 5G, VoLTE, Wi-Fi, NFC",4500 mAh Battery with 65W Fast Charging,"12 GB RAM, 256 GB inbuilt","6.55 inches, 1080 x 2400 px, 90 Hz Display with Punch Hole",50 MP + 8 MP + 2 MP Triple Rear & 32 MP Front Camera,"Dimensity  1200 Max, Octa Core, 3 GHz Processor",Memory Card Supported,Android v11,Oppo,12.0,256.0,4500.0,65.0,6.55,90.0,50.0,32.0,Dimensity,Mid-Range,31.65
Realme 12 Pro Plus 5G (8Gb Ram + 256Gb),26999,85,"Dual Sim, 3G, 4G, 5G, VoLTE, Wi-Fi",5000 mAh Battery with 67W Fast Charging,"8 GB RAM, 256 GB inbuilt","6.7 inches, 1080 x 2412 px, 120 Hz Display with Punch Hole",64 MP + 50 MP + 8 MP Triple Rear & 32 MP Front Camera,"Snapdragon 7s Gen2, Octa Core, 2.4 GHz Processor",Memory Card Not Supported,Android v14,Realme,8.0,256.0,5000.0,67.0,6.7,120.0,64.0,32.0,Snapdragon,Mid-Range,31.48
Poco F6 Deadpool Limited Edition,26999,85,"Dual Sim, 3G, 4G, 5G, VoLTE, Wi-Fi, NFC, IR Blaster",5000 mAh Battery with 90W Fast Charging,"12 GB RAM, 256 GB inbuilt","6.67 inches, 1220 x 2712 px, 120 Hz Display with Punch Hole",50 MP + 8 MP Dual Rear & 20 MP Front Camera,"Snapdragon 8s Gen3, Octa Core, 3 GHz Processor",Memory Card Not Supported,Android v14,Poco,12.0,256.0,5000.0,90.0,6.67,120.0,50.0,20.0,Snapdragon,Mid-Range,31.48
Iqoo Neo 10R,26998,84,"Dual Sim, 3G, 4G, 5G, VoLTE, Wi-Fi, IR Blaster",6400 mAh Battery with 80W Fast Charging,"8 GB RAM, 128 GB inbuilt","6.78 inches, 1260 x 2800 px, 144 Hz Display with Punch Hole",50 MP + 8 MP Dual Rear & 32 MP Front Camera,"Snapdragon 8s Gen3, Octa Core, 3 GHz Processor",Memory Card Not Supported,Android v14,Iqoo,8.0,128.0,6400.0,80.0,6.78,144.0,50.0,32.0,Snapdragon,Mid-Range,31.11
Realme Gt 6T (12Gb Ram + 256Gb),26998,87,"Dual Sim, 3G, 4G, 5G, VoLTE, Vo5G, Wi-Fi, NFC, IR Blaster",5500 mAh Battery with 120W Fast Charging,"12 GB RAM, 256 GB inbuilt","6.78 inches, 1264 x 2780 px, 120 Hz Display with Punch Hole",50 MP + 8 MP Dual Rear & 32 MP Front Camera,"Snapdragon 7+ Gen3, Octa Core, 2.8 GHz Processor",Memory Card Not Supported,Android v14,Realme,12.0,256.0,5500.0,120.0,6.78,120.0,50.0,32.0,Snapdragon,Mid-Range,32.22
Iqoo Neo 10,26990,85,"Dual Sim, 3G, 4G, 5G, VoLTE, Wi-Fi, NFC, IR Blaster",6100 mAh Battery with 120W Fast Charging,"12 GB RAM, 256 GB inbuilt","6.78 inches, 1260 x 2800 px, 144 Hz Display with Punch Hole",50 MP + 8 MP Dual Rear & 16 MP Front Camera,"Snapdragon 8 Gen3, Octa Core, 3.3 GHz Processor",Memory Card Not Supported,Android v14,Iqoo,12.0,256.0,6100.0,120.0,6.78,144.0,50.0,16.0,Snapdragon,Mid-Range,31.49
Oppo F31 Pro 5G,26990,77,"Dual Sim, 3G, 4G, 5G, VoLTE, Wi-Fi",5500 mAh Battery with 120W Fast Charging,"8 GB RAM, 256 GB inbuilt","6.78 inches, 1080 x 2412 px, 120 Hz Display with Punch Hole",50 MP + 8 MP + 2 MP Triple Rear & 50 MP Front Camera,Octa Core Processor,"Memory Card (Hybrid), upto 2 TB",Android v16,Oppo,8.0,256.0,5500.0,120.0,6.78,120.0,50.0,50.0,Octa,Mid-Range,28.53
Oneplus Ace 5,26990,87,"Dual Sim, 3G, 4G, 5G, VoLTE, Vo5G, Wi-Fi, NFC, IR Blaster",6415 mAh Battery with 80W Fast Charging,"12 GB RAM, 256 GB inbuilt","6.78 inches, 1264 x 2780 px, 120 Hz Display with Punch Hole",50 MP + 8 MP + 2 MP Triple Rear & 16 MP Front Camera,"Snapdragon 8 Gen3, Octa Core, 3.3 GHz Processor",Memory Card Not Supported,Android v15,Oneplus,12.0,256.0,6415.0,80.0,6.78,120.0,50.0,16.0,Snapdragon,Mid-Range,32.23
Iqoo Z10S Pro,26990,77,"Dual Sim, 3G, 4G, 5G, VoLTE, Wi-Fi",6000 mAh Battery with 100W Fast Charging,"8 GB RAM, 256 GB inbuilt","6.82 inches, 1080 x 2392 px, 144 Hz Display with Punch Hole",50 MP + 13 MP + 2 MP Triple Rear & 32 MP Front Camera,Octa Core Processor,Memory Card Not Supported,Android v15,Iqoo,8.0,256.0,6000.0,100.0,6.82,144.0,50.0,32.0,Octa,Mid-Range,28.53
Oneplus Nord 3 5G,26990,84,"Dual Sim, 3G, 4G, 5G, VoLTE, Wi-Fi, NFC, IR Blaster",5000 mAh Battery with 80W Fast Charging,"8 GB RAM, 128 GB inbuilt","6.74 inches, 1240 x 2772 px, 120 Hz Display with Punch Hole",50 MP + 8 MP + 2 MP Triple Rear & 16 MP Front Camera,"Dimensity 9000, Octa Core, 3.05 GHz Processor",Memory Card Not Supported,Android v11,Oneplus,8.0,128.0,5000.0,80.0,6.74,120.0,50.0,16.0,Dimensity,Mid-Range,31.12
Samsung Galaxy F54,26990,89,"Dual Sim, 3G, 4G, 5G, VoLTE, Wi-Fi, NFC",6000 mAh Battery with 25W Fast Charging,"8 GB RAM, 256 GB inbuilt","6.7 inches, 1080 x 2408 px, 120 Hz Display with Punch Hole",108 MP + 8 MP + 2 MP Triple Rear & 32 MP Front Camera,"Exynos 1380, Octa Core, 2.4 GHz Processor","Memory Card (Hybrid), upto 1 TB",Android v13,Samsung,8.0,256.0,6000.0,25.0,6.7,120.0,108.0,32.0,Exynos,Mid-Range,32.98
Motorola Moto S50,26990,76,"Dual Sim, 3G, 4G, 5G, VoLTE, Wi-Fi",4310 mAh Battery with 68W Fast Charging,"12 GB RAM, 256 GB inbuilt","6.36 inches, 1272 x 2670 px, 120 Hz Display with Punch Hole",50 MP + 13 MP + 10 MP Triple Rear & 32 MP Front Camera,"Dimensity 7300, Octa Core Processor",Memory Card Not Supported,Android v14,Motorola,12.0,256.0,4310.0,68.0,6.36,120.0,50.0,32.0,Dimensity,Mid-Range,28.16
Iqoo Z9 Turbo Plus,26990,87,"Dual Sim, 3G, 4G, 5G, VoLTE, Wi-Fi, NFC, IR Blaster",6400 mAh Battery with 80W Fast Charging,"12 GB RAM, 256 GB inbuilt","6.78 inches, 1260 x 2800 px, 144 Hz Display with Punch Hole",50 MP + 8 MP Dual Rear & 16 MP Front Camera,"Dimensity 9300 Plus, Octa Core, 3.25 GHz Processor",Memory Card Not Supported,Android v15,Iqoo,12.0,256.0,6400.0,80.0,6.78,144.0,50.0,16.0,Dimensity,Mid-Range,32.23
Iqoo Neo 9,26990,84,"Dual Sim, 3G, 4G, 5G, VoLTE, Wi-Fi, NFC, IR Blaster",5160 mAh Battery with 120W Fast Charging,"12 GB RAM, 256 GB inbuilt","6.78 inches, 1260 x 2800 px, 144 Hz Display with Punch Hole",50 MP + 8 MP Dual Rear & 16 MP Front Camera,"Snapdragon 8 Gen2, Octa Core, 3.2 GHz Processor",Memory Card Not Supported,Android v14,Iqoo,12.0,256.0,5160.0,120.0,6.78,144.0,50.0,16.0,Snapdragon,Mid-Range,31.12
Samsung Galaxy A35 5G (8Gb Ram + 256Gb),26940,86,"Dual Sim, 3G, 4G, 5G, VoLTE, Wi-Fi, NFC",5000 mAh Battery with 25W Fast Charging,"8 GB RAM, 256 GB inbuilt","6.6 inches, 1080 x 2340 px, 120 Hz Display with Punch Hole",50 MP + 8 MP + 5 MP Triple Rear & 13 MP Front Camera,"Exynos 1380, Octa Core, 2.4 GHz Processor","Memory Card (Hybrid), upto 1 TB",Android v14,Samsung,8.0,256.0,5000.0,25.0,6.6,120.0,50.0,13.0,Exynos,Mid-Range,31.92
Realme P3 Ultra (8Gb Ram + 256Gb),26705,83,"Dual Sim, 3G, 4G, 5G, VoLTE, Wi-Fi, IR Blaster",6000 mAh Battery with 80W Fast Charging,"8 GB RAM, 256 GB inbuilt","6.83 inches, 1272 x 2800 px, 120 Hz Display with Punch Hole",50 MP + 8 MP Dual Rear & 16 MP Front Camera,"Dimensity 8350 Ultra, Octa Core, 3.35 GHz Processor",Memory Card Not Supported,Android v15,Realme,8.0,256.0,6000.0,80.0,6.83,120.0,50.0,16.0,Dimensity,Mid-Range,31.08
Nothing Phone 3A (8Gb Ram + 256Gb),26378,86,"Dual Sim, 3G, 4G, 5G, VoLTE, Wi-Fi, NFC",5000 mAh Battery with 50W Fast Charging,"8 GB RAM, 256 GB inbuilt","6.77 inches, 1080 x 2392 px, 120 Hz Display with Punch Hole",50 MP + 50 MP + 8 MP Triple Rear & 32 MP Front Camera,"Snapdragon 7s Gen3, Octa Core, 2.5 GHz Processor",Memory Card Not Supported,Android v14,Nothing,8.0,256.0,5000.0,50.0,6.77,120.0,50.0,32.0,Snapdragon,Mid-Range,32.6
Realme 14 Pro 5G (8Gb Ram + 256Gb),26378,82,"Dual Sim, 3G, 4G, 5G, VoLTE, Wi-Fi",6000 mAh Battery with 45W Fast Charging,"8 GB RAM, 256 GB inbuilt","6.77 inches, 1080 x 2392 px, 120 Hz Display with Punch Hole",50 MP + 2 MP Dual Rear & 16 MP Front Camera,"Dimensity 7300 Energy, Octa Core, 2.5 GHz Processor",Memory Card Not Supported,Android v15,Realme,8.0,256.0,6000.0,45.0,6.77,120.0,50.0,16.0,Dimensity,Mid-Range,31.09
Iqoo Z10 5G (12Gb Ram + 256Gb),25999,83,"Dual Sim, 3G, 4G, 5G, VoLTE, Wi-Fi, IR Blaster",7300 mAh Battery with 90W Fast Charging,"12 GB RAM, 256 GB inbuilt","6.77 inches, 1080 x 2392 px, 120 Hz Display with Punch Hole",50 MP + 2 MP Dual Rear & 32 MP Front Camera,"Snapdragon 7s Gen3, Octa Core, 2.5 GHz Processor",Memory Card Not Supported,Android v15,Iqoo,12.0,256.0,7300.0,90.0,6.77,120.0,50.0,32.0,Snapdragon,Mid-Range,31.92
Realme P3 Ultra,25999,83,"Dual Sim, 3G, 4G, 5G, VoLTE, Wi-Fi, IR Blaster",6000 mAh Battery with 80W Fast Charging,"8 GB RAM, 128 GB inbuilt","6.83 inches, 1272 x 2800 px, 120 Hz Display with Punch Hole",50 MP + 8 MP Dual Rear & 16 MP Front Camera,"Dimensity 8350 Ultra, Octa Core, 3.35 GHz Processor",Memory Card Not Supported,Android v15,Realme,8.0,128.0,6000.0,80.0,6.83,120.0,50.0,16.0,Dimensity,Mid-Range,31.92
Vivo V40E 5G,25999,83,"Dual Sim, 3G, 4G, 5G, VoLTE, Wi-Fi",5500 mAh Battery with 80W Fast Charging,"8 GB RAM, 128 GB inbuilt","6.77 inches, 1080 x 2392 px, 120 Hz Display with Punch Hole",50 MP + 8 MP Dual Rear & 50 MP Front Camera,"Dimensity 7300, Octa Core, 2.5 GHz Processor",Memory Card Not Supported,Android v14,Vivo,8.0,128.0,5500.0,80.0,6.77,120.0,50.0,50.0,Dimensity,Mid-Range,31.92
Oppo F29 (8Gb Ram + 256Gb),25999,79,"Dual Sim, 3G, 4G, 5G, VoLTE, Wi-Fi",6500 mAh Battery with 45W Fast Charging,"8 GB RAM, 256 GB inbuilt","6.7 inches, 1080 x 2412 px, 120 Hz Display with Punch Hole",50 MP + 2 MP Dual Rear & 16 MP Front Camera,"Snapdragon 6 Gen1, Octa Core, 2.2 GHz Processor",Memory Card Not Supported,Android v15,Oppo,8.0,256.0,6500.0,45.0,6.7,120.0,50.0,16.0,Snapdragon,Mid-Range,30.39
Oppo F27 Pro Plus 5G (8Gb Ram +128Gb),25999,80,"Dual Sim, 3G, 4G, 5G, VoLTE, Wi-Fi",5000 mAh Battery with 67W Fast Charging,"8 GB RAM, 128 GB inbuilt","6.7 inches, 1080 x 2412 px, 120 Hz Display with Punch Hole",64 MP + 2 MP Dual Rear & 8 MP Front Camera,"Dimensity 7050, Octa Core, 2.6 GHz Processor",Memory Card Not Supported,Android v15,Oppo,8.0,128.0,5000.0,67.0,6.7,120.0,64.0,8.0,Dimensity,Mid-Range,30.77
Vivo V30E (8Gb Ram + 256Gb),25999,86,"Dual Sim, 3G, 4G, 5G, VoLTE, Wi-Fi, NFC",5500 mAh Battery with 44W Fast Charging,"8 GB RAM, 256 GB inbuilt","6.78 inches, 1080 x 2400 px, 120 Hz Display with Punch Hole",50 MP + 8 MP Dual Rear & 50 MP Front Camera,"Snapdragon 6 Gen1, Octa Core, 2.2 GHz Processor",Memory Card (Hybrid),Android v14,Vivo,8.0,256.0,5500.0,44.0,6.78,120.0,50.0,50.0,Snapdragon,Mid-Range,33.08
Samsung Galaxy A34 5G (8Gb Ram + 256Gb),25999,86,"Dual Sim, 3G, 4G, 5G, VoLTE, Wi-Fi, NFC",5000 mAh Battery with 25W Fast Charging,"8 GB RAM, 256 GB inbuilt","6.6 inches, 1080 x 2340 px, 120 Hz Display with Water Drop Notch",48 MP + 8 MP + 5 MP Triple Rear & 13 MP Front Camera,"Dimensity 1080, Octa Core, 2.6 GHz Processor","Memory Card (Hybrid), upto 1 TB",Android v13,Samsung,8.0,256.0,5000.0,25.0,6.6,120.0,48.0,13.0,Dimensity,Mid-Range,33.08
Tecno Camon 40 Pro 5G,25990,86,"Dual Sim, 3G, 4G, 5G, VoLTE, Wi-Fi, NFC, IR Blaster",5200 mAh Battery with 45W Fast Charging,"8 GB RAM, 256 GB inbuilt","6.78 inches, 1080 x 2436 px, 144 Hz Display with Punch Hole",50 MP + 8 MP Dual Rear & 50 MP Front Camera,"Dimensity 7300, Octa Core, 2.5 GHz Processor",Memory Card Not Supported,Android v14,Tecno,8.0,256.0,5200.0,45.0,6.78,144.0,50.0,50.0,Dimensity,Mid-Range,33.09
Honor Gt,25990,84,"Dual Sim, 3G, 4G, 5G, VoLTE, Wi-Fi, NFC, IR Blaster",5300 mAh Battery with 100W Fast Charging,"12 GB RAM, 256 GB inbuilt","6.7 inches, 1200 x 2664 px, 144 Hz Display with Punch Hole",50 MP + 12 MP Dual Rear & 16 MP Front Camera,"Snapdragon 8 Gen3, Octa Core, 3.3 GHz Processor",Memory Card Not Supported,Android v15,Honor,12.0,256.0,5300.0,100.0,6.7,144.0,50.0,16.0,Snapdragon,Mid-Range,32.32
Vivo S20,25990,85,"Dual Sim, 3G, 4G, 5G, VoLTE, Wi-Fi, NFC, IR Blaster",6500 mAh Battery with 90W Fast Charging,"8 GB RAM, 256 GB inbuilt","6.67 inches, 1260 x 2800 px, 120 Hz Display with Punch Hole",50 MP + 8 MP Dual Rear & 50 MP Front Camera,"Snapdragon 7 Gen3, Octa Core, 2.63 GHz Processor",Memory Card Not Supported,Android v14,Vivo,8.0,256.0,6500.0,90.0,6.67,120.0,50.0,50.0,Snapdragon,Mid-Range,32.7
Oppo F31,25990,77,"Dual Sim, 3G, 4G, 5G, VoLTE, Wi-Fi, IR Blaster",6000 mAh Battery with 80W Fast Charging,"8 GB RAM, 256 GB inbuilt","6.74 inches, 1080 x 2412 px, 120 Hz Display with Punch Hole",50 MP + 32 MP + 8 MP Triple Rear & 50 MP Front Camera,Octa Core Processor,"Memory Card (Hybrid), upto 2 TB",Android v16,Oppo,8.0,256.0,6000.0,80.0,6.74,120.0,50.0,50.0,Octa,Mid-Range,29.63
Oppo Reno 11F 5G,25990,87,"Dual Sim, 3G, 4G, 5G, VoLTE, Wi-Fi, NFC, IR Blaster",5000 mAh Battery with 67W Fast Charging,"8 GB RAM, 256 GB inbuilt","6.7 inches, 1080 x 2412 px, 120 Hz Display with Punch Hole",64 MP + 8 MP + 2 MP Triple Rear & 32 MP Front Camera,"Dimensity 7050, Octa Core, 2.6 GHz Processor",Memory Card (Hybrid),Android v14,Oppo,8.0,256.0,5000.0,67.0,6.7,120.0,64.0,32.0,Dimensity,Mid-Range,33.47
Realme Narzo 80 Ultra,25990,88,"Dual Sim, 3G, 4G, 5G, VoLTE, Wi-Fi",5000 mAh Battery with 100W Fast Charging,"8 GB RAM, 256 GB inbuilt","6.67 inches, 1080 x 2400 px, 144 Hz Display with Punch Hole",50 MP + 50 MP + 12 MP Triple Rear & 50 MP Front Camera,"Dimensity 7300, Octa Core, 2.5 GHz Processor","Memory Card (Hybrid), upto 1 TB",Android v14,Realme,8.0,256.0,5000.0,100.0,6.67,144.0,50.0,50.0,Dimensity,Mid-Range,33.86
Iqoo Z9 Pro,25990,84,"Dual Sim, 3G, 4G, 5G, VoLTE, Wi-Fi",5000 mAh Battery with 120W Fast Charging,"8 GB RAM, 128 GB inbuilt","6.67 inches, 1080 x 2412 px, 120 Hz Display with Water Drop Notch",108 MP + 13 MP + 2 MP Triple Rear & 32 MP Front Camera,"Snapdragon 7+ Gen2, Octa Core, 2.91 GHz Processor",Memory Card Not Supported,Android v13,Iqoo,8.0,128.0,5000.0,120.0,6.67,120.0,108.0,32.0,Snapdragon,Mid-Range,32.32
Realme P3 Pro 5G (12Gb Ram +256Gb),25980,83,"Dual Sim, 3G, 4G, 5G, VoLTE, Wi-Fi",6000 mAh Battery with 80W Fast Charging,"12 GB RAM, 256 GB inbuilt","6.83 inches, 1272 x 2800 px, 120 Hz Display with Punch Hole",50 MP + 2 MP Dual Rear & 16 MP Front Camera,"Snapdragon 7s Gen3, Octa Core, 2.5 GHz Processor",Memory Card Not Supported,Android v14,Realme,12.0,256.0,6000.0,80.0,6.83,120.0,50.0,16.0,Snapdragon,Mid-Range,31.95
Motorola Edge 60 Fusion,25979,86,"Dual Sim, 3G, 4G, 5G, VoLTE, Vo5G, Wi-Fi",5500 mAh Battery with 68W Fast Charging,"8 GB RAM, 256 GB inbuilt","6.7 inches, 1220 x 2712 px, 120 Hz Display with Punch Hole",50 MP + 13 MP Dual Rear & 32 MP Front Camera,"Dimensity 7400, Octa Core, 2.5 GHz Processor","Memory Card (Hybrid), upto 1 TB",Android v15,Motorola,8.0,256.0,5500.0,68.0,6.7,120.0,50.0,32.0,Dimensity,Mid-Range,33.1
Samsung Galaxy M53 5G (8Gb Ram + 128Gb),25949,87,"Dual Sim, 3G, 4G, 5G, VoLTE, Wi-Fi",5000 mAh Battery with 25W Fast Charging,"8 GB RAM, 128 GB inbuilt","6.7 inches, 1080 x 2400 px, 120 Hz Display with Punch Hole",108 MP Quad Rear & 32 MP Front Camera,"Dimensity  900 5G, Octa Core, 2.4 GHz Processor","Memory Card (Hybrid), upto 1 TB",Android v12,Samsung,8.0,128.0,5000.0,25.0,6.7,120.0,108.0,32.0,Dimensity,Mid-Range,33.53
Vivo V30 5G,25499,84,"Dual Sim, 3G, 4G, 5G, VoLTE, Wi-Fi",5000 mAh Battery with 80W Fast Charging,"8 GB RAM, 128 GB inbuilt","6.78 inches, 1260 x 2800 px, 120 Hz Display with Punch Hole",50 MP + 50 MP Dual Rear & 50 MP Front Camera,"Snapdragon 7 Gen3, Octa Core, 2.63 GHz Processor",Memory Card Not Supported,iOS v17,Vivo,8.0,128.0,5000.0,80.0,6.78,120.0,50.0,50.0,Snapdragon,Mid-Range,32.94
Poco F6 5G,25499,84,"Dual Sim, 3G, 4G, 5G, VoLTE, Wi-Fi, NFC, IR Blaster",5000 mAh Battery with 90W Fast Charging,"8 GB RAM, 256 GB inbuilt","6.67 inches, 1220 x 2712 px, 120 Hz Display with Punch Hole",50 MP + 8 MP Dual Rear & 20 MP Front Camera,"Snapdragon 8s Gen3, Octa Core, 3 GHz Processor",Memory Card Not Supported,Android v14,Poco,8.0,256.0,5000.0,90.0,6.67,120.0,50.0,20.0,Snapdragon,Mid-Range,32.94
Vivo V30 5G (12Gb Ram + 256Gb),25499,86,"Dual Sim, 3G, 4G, 5G, VoLTE, Wi-Fi",5000 mAh Battery with 80W Fast Charging,"12 GB RAM, 256 GB inbuilt","6.78 inches, 1260 x 2800 px, 120 Hz Display with Punch Hole",50 MP + 50 MP Dual Rear & 50 MP Front Camera,"Snapdragon 7 Gen3, Octa Core, 2.63 GHz Processor",Memory Card Not Supported,Android v14,Vivo,12.0,256.0,5000.0,80.0,6.78,120.0,50.0,50.0,Snapdragon,Mid-Range,33.73
Samsung Galaxy M55 (12Gb Ram + 256Gb),25499,88,"Dual Sim, 3G, 4G, 5G, VoLTE, Wi-Fi, NFC",5000 mAh Battery with 45W Fast Charging,"12 GB RAM, 256 GB inbuilt","6.67 inches, 1080 x 2400 px, 120 Hz Display with Punch Hole",50 MP + 8 MP + 2 MP Triple Rear & 50 MP Front Camera,"Snapdragon 7 Gen1, Octa Core, 2.4 GHz Processor","Memory Card (Hybrid), upto 1 TB",Android v14,Samsung,12.0,256.0,5000.0,45.0,6.67,120.0,50.0,50.0,Snapdragon,Mid-Range,34.51
Xiaomi Redmi Note 13 Pro Plus (12Gb Ram + 256Gb),25495,87,"Dual Sim, 3G, 4G, 5G, VoLTE, Wi-Fi, NFC, IR Blaster",5000 mAh Battery with 120W Fast Charging,"12 GB RAM, 256 GB inbuilt","6.67 inches, 1220 x 2712 px, 120 Hz Display with Punch Hole",200 MP + 8 MP + 2 MP Triple Rear & 16 MP Front Camera,"Dimensity 7200 Ultra, Octa Core, 2.8 GHz Processor",Memory Card Not Supported,Android v13,Xiaomi,12.0,256.0,5000.0,120.0,6.67,120.0,200.0,16.0,Dimensity,Mid-Range,34.12
Nothing Phone 3A (8Gb Ram + 256Gb),25398,86,"Dual Sim, 3G, 4G, 5G, VoLTE, Wi-Fi, NFC",5000 mAh Battery with 50W Fast Charging,"8 GB RAM, 256 GB inbuilt","6.77 inches, 1080 x 2392 px, 120 Hz Display with Punch Hole",50 MP + 50 MP + 8 MP Triple Rear & 32 MP Front Camera,"Snapdragon 7s Gen3, Octa Core, 2.5 GHz Processor",Memory Card Not Supported,Android v14,Nothing,8.0,256.0,5000.0,50.0,6.77,120.0,50.0,32.0,Snapdragon,Mid-Range,33.86
Poco F5,25200,84,"Dual Sim, 3G, 4G, 5G, VoLTE, Wi-Fi, IR Blaster",5000 mAh Battery with 67W Fast Charging,"8 GB RAM, 256 GB inbuilt","6.67 inches, 1080 x 2400 px, 120 Hz Display with Punch Hole",64 MP + 8 MP + 2 MP Triple Rear & 16 MP Front Camera,"Snapdragon 7+ Gen2, Octa Core, 2.91 GHz Processor",Memory Card Not Supported,Android v12,Poco,8.0,256.0,5000.0,67.0,6.67,120.0,64.0,16.0,Snapdragon,Mid-Range,33.33
Poco X7 Pro 5G,25199,85,"Dual Sim, 3G, 4G, 5G, VoLTE, Wi-Fi, NFC, IR Blaster",6550 mAh Battery with 90W Fast Charging,"8 GB RAM, 256 GB inbuilt","6.67 inches, 1220 x 2712 px, 120 Hz Display with Punch Hole",50 MP + 8 MP Dual Rear & 20 MP Front Camera,"Dimensity 8400 Ultra, Octa Core, 3.25 GHz Processor",Memory Card Not Supported,Android v14,Poco,8.0,256.0,6550.0,90.0,6.67,120.0,50.0,20.0,Dimensity,Mid-Range,33.73
Xiaomi Redmi Note 14 Pro (8Gb Ram + 256Gb),25189,84,"Dual Sim, 3G, 4G, 5G, VoLTE, Wi-Fi, NFC, IR Blaster",5500 mAh Battery with 45W Fast Charging,"8 GB RAM, 256 GB inbuilt","6.67 inches, 1220 x 2712 px, 120 Hz Display with Punch Hole",50 MP + 8 MP + 2 MP Triple Rear & 20 MP Front Camera,"Dimensity 7300 Ultra, Octa Core, 2.5 GHz Processor",Memory Card Not Supported,Android v15,Xiaomi,8.0,256.0,5500.0,45.0,6.67,120.0,50.0,20.0,Dimensity,Mid-Range,33.35
Iqoo Z9S Pro 5G,24999,84,"Dual Sim, 3G, 4G, 5G, VoLTE, Wi-Fi",5500 mAh Battery with 80W Fast Charging,"8 GB RAM, 128 GB inbuilt","6.77 inches, 1080 x 2392 px, 120 Hz Display with Punch Hole",50 MP + 8 MP Dual Rear & 16 MP Front Camera,"Snapdragon 7 Gen3, Octa Core, 2.63 GHz Processor",Memory Card Not Supported,Android v14,Iqoo,8.0,128.0,5500.0,80.0,6.77,120.0,50.0,16.0,Snapdragon,Mid-Range,33.6
Poco F6 5G (12Gb Ram +256Gb),24999,85,"Dual Sim, 3G, 4G, 5G, VoLTE, Wi-Fi, NFC, IR Blaster",5000 mAh Battery with 90W Fast Charging,"12 GB RAM, 256 GB inbuilt","6.67 inches, 1220 x 2712 px, 120 Hz Display with Punch Hole",50 MP + 8 MP Dual Rear & 20 MP Front Camera,"Snapdragon 8s Gen3, Octa Core, 3 GHz Processor",Memory Card Not Supported,Android v14,Poco,12.0,256.0,5000.0,90.0,6.67,120.0,50.0,20.0,Snapdragon,Mid-Range,34.0
Vivo V30 5G (8Gb Ram + 256Gb),24999,85,"Dual Sim, 3G, 4G, 5G, VoLTE, Wi-Fi",5000 mAh Battery with 80W Fast Charging,"8 GB RAM, 256 GB inbuilt","6.78 inches, 1260 x 2800 px, 120 Hz Display with Punch Hole",50 MP + 50 MP Dual Rear & 50 MP Front Camera,"Snapdragon 7 Gen3, Octa Core, 2.63 GHz Processor",Memory Card Not Supported,Android v14,Vivo,8.0,256.0,5000.0,80.0,6.78,120.0,50.0,50.0,Snapdragon,Mid-Range,34.0
Realme P3 Pro 5G (8Gb Ram +256Gb),24999,82,"Dual Sim, 3G, 4G, 5G, VoLTE, Wi-Fi",6000 mAh Battery with 80W Fast Charging,"8 GB RAM, 256 GB inbuilt","6.83 inches, 1272 x 2800 px, 120 Hz Display with Punch Hole",50 MP + 2 MP Dual Rear & 16 MP Front Camera,"Snapdragon 7s Gen3, Octa Core, 2.5 GHz Processor",Memory Card Not Supported,Android v15,Realme,8.0,256.0,6000.0,80.0,6.83,120.0,50.0,16.0,Snapdragon,Mid-Range,32.8
Iqoo Z9S Pro (8Gb Ram + 256Gb),24999,84,"Dual Sim, 3G, 4G, 5G, VoLTE, Wi-Fi",5500 mAh Battery with 80W Fast Charging,"8 GB RAM, 256 GB inbuilt","6.77 inches, 1080 x 2392 px, 120 Hz Display with Punch Hole",50 MP + 8 MP Dual Rear & 16 MP Front Camera,"Snapdragon 7 Gen3, Octa Core, 2.63 GHz Processor",Memory Card Not Supported,Android v14,Iqoo,8.0,256.0,5500.0,80.0,6.77,120.0,50.0,16.0,Snapdragon,Mid-Range,33.6
Nokia X200,24999,85,"Dual Sim, 3G, 4G, 5G, VoLTE, Wi-Fi, NFC",5000 mAh Battery with 33W Fast Charging,"8 GB RAM, 128 GB inbuilt","6.7 inches, 1080 x 2400 px, 90 Hz Display with Punch Hole",50 MP + 8 MP + 2 MP Triple Rear & 32 MP Front Camera,"Snapdragon 6 Gen 1, Octa Core, 2.2 GHz Processor","Memory Card Supported, upto 1000 GB",Android v13,Nokia,8.0,128.0,5000.0,33.0,6.7,90.0,50.0,32.0,Snapdragon,Mid-Range,34.0
Tecno Camon 20 Premier,24999,89,"Dual Sim, 3G, 4G, 5G, VoLTE, Wi-Fi, NFC",5000 mAh Battery with 45W Fast Charging,"8 GB RAM, 512 GB inbuilt","6.67 inches, 1080 x 2400 px, 120 Hz Display with Punch Hole",108 MP + 50 MP + 2 MP Triple Rear & 32 MP Front Camera,"Dimensity 8050, Octa Core, 3 GHz Processor",Memory Card Not Supported,Android v13,Tecno,8.0,512.0,5000.0,45.0,6.67,120.0,108.0,32.0,Dimensity,Mid-Range,35.6
Vivo V27S,24999,82,"Dual Sim, 3G, 4G, 5G, VoLTE, Wi-Fi",5000 mAh Battery with 44W Fast Charging,"8 GB RAM, 128 GB inbuilt","6.78 inches, 1080 x 2400 px, 120 Hz Display with Punch Hole",50 MP + 2 MP + 2 MP Triple Rear & 32 MP Front Camera,"Dimensity 7050, Octa Core, 2.6 GHz Processor",Memory Card Not Supported,Android v13,Vivo,8.0,128.0,5000.0,44.0,6.78,120.0,50.0,32.0,Dimensity,Mid-Range,32.8
Realme Gt Neo 6,24999,86,"Dual Sim, 3G, 4G, 5G, VoLTE, Vo5G, Wi-Fi, NFC, IR Blaster",5500 mAh Battery with 120W Fast Charging,"12 GB RAM, 256 GB inbuilt","6.78 inches, 1264 x 2780 px, 120 Hz Display with Punch Hole",50 MP + 8 MP Dual Rear & 32 MP Front Camera,"Snapdragon 8s Gen3, Octa Core, 3 GHz Processor",Memory Card Not Supported,Android v14,Realme,12.0,256.0,5500.0,120.0,6.78,120.0,50.0,32.0,Snapdragon,Mid-Range,34.4
Realme Gt 6T (8Gb Ram + 256Gb),24998,86,"Dual Sim, 3G, 4G, 5G, VoLTE, Vo5G, Wi-Fi, NFC, IR Blaster",5500 mAh Battery with 120W Fast Charging,"8 GB RAM, 256 GB inbuilt","6.78 inches, 1264 x 2780 px, 120 Hz Display with Punch Hole",50 MP + 8 MP Dual Rear & 32 MP Front Camera,"Snapdragon 7+ Gen3, Octa Core, 2.8 GHz Processor",Memory Card Not Supported,Android v14,Realme,8.0,256.0,5500.0,120.0,6.78,120.0,50.0,32.0,Snapdragon,Mid-Range,34.4
Honor 200,24998,87,"Dual Sim, 3G, 4G, 5G, VoLTE, Wi-Fi, NFC",5200 mAh Battery with 100W Fast Charging,"8 GB RAM, 256 GB inbuilt","6.7 inches, 1200 x 2664 px, 120 Hz Display with Punch Hole",50 MP + 50 MP + 12 MP Triple Rear & 50 MP Front Camera,"Snapdragon 7 Gen3, Octa Core, 2.63 GHz Processor",Memory Card Not Supported,Android v15,Honor,8.0,256.0,5200.0,100.0,6.7,120.0,50.0,50.0,Snapdragon,Mid-Range,34.8
Oneplus Nord Ce 4 5G (8Gb Ram + 256Gb),24998,83,"Dual Sim, 3G, 4G, 5G, VoLTE, Wi-Fi, IR Blaster",5500 mAh Battery with 100W Fast Charging,"8 GB RAM, 256 GB inbuilt","6.7 inches, 1080 x 2412 px, 120 Hz Display with Punch Hole",50 MP + 8 MP Dual Rear & 16 MP Front Camera,"Snapdragon 7 Gen3, Octa Core, 2.63 GHz Processor","Memory Card (Hybrid), upto 1 TB",Android v14,Oneplus,8.0,256.0,5500.0,100.0,6.7,120.0,50.0,16.0,Snapdragon,Mid-Range,33.2
Infinix Gt 30 Pro,24990,92,"Dual Sim, 3G, 4G, 5G, VoLTE, Wi-Fi, NFC",5000 mAh Battery with 67W Fast Charging,"12 GB RAM, 256 GB inbuilt","6.82 inches, 1080 x 2436 px, 144 Hz Display with Punch Hole",200 MP + 2 MP + 2 MP Triple Rear & 32 MP Front Camera,"Dimensity 8300, Octa Core, 3.35 GHz Processor","Memory Card Supported, upto 1 TB",Android v15,Infinix,12.0,256.0,5000.0,67.0,6.82,144.0,200.0,32.0,Dimensity,Mid-Range,36.81
Samsung Galaxy A17,24990,75,"Dual Sim, 3G, 4G, 5G, VoLTE, Wi-Fi, NFC",5000 mAh Battery with 25W Fast Charging,"6 GB RAM, 128 GB inbuilt","6.74 inches, 1080 x 2340 px, 120 Hz Display with Punch Hole",50 MP + 12 MP + 2 MP Triple Rear & 32 MP Front Camera,Octa Core Processor,"Memory Card (Hybrid), upto 1 TB",Android v15,Samsung,6.0,128.0,5000.0,25.0,6.74,120.0,50.0,32.0,Octa,Mid-Range,30.01
Oppo K13,24990,86,"Dual Sim, 3G, 4G, 5G, VoLTE, Wi-Fi, NFC, IR Blaster",7000 mAh Battery with 80W Fast Charging,"8 GB RAM, 256 GB inbuilt","6.67 inches, 1080 x 2400 px, 120 Hz Display with Punch Hole",50 MP + 8 MP Triple Rear & 32 MP Front Camera,"Snapdragon 6 Gen4, Octa Core, 2.3 GHz Processor",Memory Card (Hybrid),Android v15,Oppo,8.0,256.0,7000.0,80.0,6.67,120.0,50.0,32.0,Snapdragon,Mid-Range,34.41
Tecno Camon 40,24990,84,"Dual Sim, 3G, 4G, 5G, VoLTE, Wi-Fi, NFC, IR Blaster",5200 mAh Battery with 45W Fast Charging,"8 GB RAM, 128 GB inbuilt","6.78 inches, 1080 x 2436 px, 120 Hz Display with Punch Hole",50 MP + 8 MP Dual Rear & 32 MP Front Camera,"Helio G100, Octa Core, 2.2 GHz Processor","Memory Card Supported, upto 1 TB",Android v15,Tecno,8.0,128.0,5200.0,45.0,6.78,120.0,50.0,32.0,Helio,Mid-Range,33.61
Motorola Edge 70 Fusion,24990,76,"Dual Sim, 3G, 4G, 5G, VoLTE, Vo5G, Wi-Fi",6000 mAh Battery with 80W Fast Charging,"8 GB RAM, 256 GB inbuilt","6.74 inches, 1220 x 2712 px, 120 Hz Display with Punch Hole",50 MP + 50 MP Dual Rear & 32 MP Front Camera,Octa Core Processor,Memory Card Not Supported,Android v15,Motorola,8.0,256.0,6000.0,80.0,6.74,120.0,50.0,32.0,Octa,Mid-Range,30.41
Xiaomi Redmi Note 15 Pro,24990,76,"Dual Sim, 3G, 4G, 5G, VoLTE, Wi-Fi, NFC, IR Blaster",5000 mAh Battery with 150W Fast Charging,"8 GB RAM, 256 GB inbuilt","6.74 inches, 1080 x 2400 px, 165 Hz Display with Punch Hole",108 MP + 8 MP + 2 MP Triple Rear & 32 MP Front Camera,"Dimensity 8020, Octa Core Processor",Memory Card Not Supported,Android v12,Xiaomi,8.0,256.0,5000.0,150.0,6.74,165.0,108.0,32.0,Dimensity,Mid-Range,30.41
Poco X6 5G (12Gb Ram + 512Gb),24990,84,"Dual Sim, 3G, 4G, 5G, VoLTE, Wi-Fi, IR Blaster",5100 mAh Battery with 67W Fast Charging,"12 GB RAM, 512 GB inbuilt","6.67 inches, 1220 x 2712 px, 120 Hz Display with Punch Hole",64 MP + 8 MP + 2 MP Triple Rear & 16 MP Front Camera,"Snapdragon 7s Gen 2, Octa Core, 2.4 GHz Processor",Memory Card Not Supported,Android v13,Poco,12.0,512.0,5100.0,67.0,6.67,120.0,64.0,16.0,Snapdragon,Mid-Range,33.61
Oppo A4 Pro 5G,24990,82,"Dual Sim, 3G, 4G, 5G, VoLTE, Wi-Fi, IR Blaster",5500 mAh Battery with 100W Fast Charging,"8 GB RAM, 256 GB inbuilt","6.78 inches, 1080 x 2412 px, 120 Hz Display with Punch Hole",50 MP + 2 MP Dual Rear & 16 MP Front Camera,"Dimensity 7200, Octa Core, 2.8 GHz Processor","Memory Card Supported, upto 1 TB",Android v14,Oppo,8.0,256.0,5500.0,100.0,6.78,120.0,50.0,16.0,Dimensity,Mid-Range,32.81
Oneplus Nord N40 Se,24990,86,"Dual Sim, 3G, 4G, 5G, VoLTE, Wi-Fi, NFC",5000 mAh Battery with 40W Fast Charging,"8 GB RAM, 128 GB inbuilt","6.78 inches, 1080 x 2400 px, 120 Hz Display with Punch Hole",108 MP + 2 MP + 2 MP Triple Rear & 16 MP Front Camera,"Snapdragon 778G, Octa Core, 2.4 GHz Processor",Memory Card Supported,Android v14,Oneplus,8.0,128.0,5000.0,40.0,6.78,120.0,108.0,16.0,Snapdragon,Mid-Range,34.41
Realme 14 Pro 5G,24977,81,"Dual Sim, 3G, 4G, 5G, VoLTE, Wi-Fi",6000 mAh Battery with 45W Fast Charging,"8 GB RAM, 128 GB inbuilt","6.77 inches, 1080 x 2392 px, 120 Hz Display with Punch Hole",50 MP + 2 MP Dual Rear & 16 MP Front Camera,"Dimensity 7300 Energy, Octa Core, 2.5 GHz Processor",Memory Card Not Supported,Android v14,Realme,8.0,128.0,6000.0,45.0,6.77,120.0,50.0,16.0,Dimensity,Mid-Range,32.43
Samsung Galaxy A26 (8Gb Ram + 256Gb),24850,86,"Dual Sim, 3G, 4G, 5G, VoLTE, Wi-Fi, NFC",5000 mAh Battery with 25W Fast Charging,"8 GB RAM, 256 GB inbuilt","6.7 inches, 1080 x 2340 px, 120 Hz Display with Water Drop Notch",50 MP + 8 MP + 2 MP Triple Rear & 13 MP Front Camera,"Exynos 1380, Octa Core, 2.4 GHz Processor","Memory Card (Hybrid), upto 2 TB",Android v15,Samsung,8.0,256.0,5000.0,25.0,6.7,120.0,50.0,13.0,Exynos,Mid-Range,34.61
Infinix Gt 20 Pro,24800,87,"Dual Sim, 3G, 4G, 5G, VoLTE, Wi-Fi, NFC, IR Blaster",5000 mAh Battery with 45W Fast Charging,"8 GB RAM, 256 GB inbuilt","6.78 inches, 1080 x 2436 px, 144 Hz Display with Punch Hole",108 MP + 2 MP + 2 MP Triple Rear & 32 MP Front Camera,"Dimensity 8200 Ultimate, Octa Core, 3.1 GHz Processor",Memory Card Not Supported,Android v14,Infinix,8.0,256.0,5000.0,45.0,6.78,144.0,108.0,32.0,Dimensity,Mid-Range,35.08
Realme 13 Pro Plus 5G (12Gb Ram + 256Gb),24749,86,"Dual Sim, 3G, 4G, 5G, VoLTE, Wi-Fi",5200 mAh Battery with 80W Fast Charging,"12 GB RAM, 256 GB inbuilt","6.7 inches, 1080 x 2412 px, 120 Hz Display with Punch Hole",50 MP + 50 MP + 8 MP Triple Rear & 32 MP Front Camera,"Snapdragon 7s Gen2, Octa Core, 2.4 GHz Processor",Memory Card Not Supported,Android v14,Realme,12.0,256.0,5200.0,80.0,6.7,120.0,50.0,32.0,Snapdragon,Mid-Range,34.75
Oppo Reno 11,24599,88,"Dual Sim, 3G, 4G, 5G, VoLTE, Wi-Fi, NFC, IR Blaster",5000 mAh Battery with 67W Fast Charging,"8 GB RAM, 128 GB inbuilt","6.7 inches, 1080 x 2412 px, 120 Hz Display with Punch Hole",50 MP + 32 MP + 8 MP Triple Rear & 32 MP Front Camera,"Dimensity 7050, Octa Core, 2.6 GHz Processor","Memory Card (Hybrid), upto 2 TB",Android v14,Oppo,8.0,128.0,5000.0,67.0,6.7,120.0,50.0,32.0,Dimensity,Mid-Range,35.77
Vivo V29E (8Gb Ram + 256Gb),24570,85,"Dual Sim, 3G, 4G, 5G, VoLTE, Wi-Fi, NFC",5000 mAh Battery with 44W Fast Charging,"8 GB RAM, 256 GB inbuilt","6.78 inches, 1080 x 2400 px, 120 Hz Display with Punch Hole",64 MP + 8 MP Dual Rear & 50 MP Front Camera,"Snapdragon 695, Octa Core, 2.2 GHz Processor",Memory Card (Hybrid),Android v13,Vivo,8.0,256.0,5000.0,44.0,6.78,120.0,64.0,50.0,Snapdragon,Mid-Range,34.6
Samsung Galaxy A35 5G,24455,85,"Dual Sim, 3G, 4G, 5G, VoLTE, Wi-Fi, NFC",5000 mAh Battery with 25W Fast Charging,"8 GB RAM, 128 GB inbuilt","6.6 inches, 1080 x 2340 px, 120 Hz Display with Punch Hole",50 MP + 8 MP + 5 MP Triple Rear & 13 MP Front Camera,"Exynos 1380, Octa Core, 2.4 GHz Processor","Memory Card (Hybrid), upto 1 TB",Android v14,Samsung,8.0,128.0,5000.0,25.0,6.6,120.0,50.0,13.0,Exynos,Mid-Range,34.76
Samsung Galaxy F55 5G (12Gb Ram + 256Gb),24429,88,"Dual Sim, 3G, 4G, 5G, VoLTE, Wi-Fi, NFC",5000 mAh Battery with 45W Fast Charging,"12 GB RAM, 256 GB inbuilt","6.7 inches, 1080 x 2400 px, 120 Hz Display with Punch Hole",50 MP + 8 MP + 2 MP Triple Rear & 50 MP Front Camera,"Snapdragon 7 Gen1, Octa Core, 2.4 GHz Processor","Memory Card (Hybrid), upto 1 TB",Android v14,Samsung,12.0,256.0,5000.0,45.0,6.7,120.0,50.0,50.0,Snapdragon,Mid-Range,36.02
Iqoo Z10 5G (8Gb Ram + 256Gb),23999,82,"Dual Sim, 3G, 4G, 5G, VoLTE, Wi-Fi, IR Blaster",7300 mAh Battery with 90W Fast Charging,"8 GB RAM, 256 GB inbuilt","6.77 inches, 1080 x 2392 px, 120 Hz Display with Punch Hole",50 MP + 2 MP Dual Rear & 32 MP Front Camera,"Snapdragon 7s Gen3, Octa Core, 2.5 GHz Processor",Memory Card Not Supported,Android v15,Iqoo,8.0,256.0,7300.0,90.0,6.77,120.0,50.0,32.0,Snapdragon,Mid-Range,34.17
Oppo F29,23999,79,"Dual Sim, 3G, 4G, 5G, VoLTE, Wi-Fi",6500 mAh Battery with 45W Fast Charging,"8 GB RAM, 128 GB inbuilt","6.7 inches, 1080 x 2412 px, 120 Hz Display with Punch Hole",50 MP + 2 MP Dual Rear & 16 MP Front Camera,"Snapdragon 6 Gen1, Octa Core, 2.2 GHz Processor",Memory Card Not Supported,Android v14,Oppo,8.0,128.0,6500.0,45.0,6.7,120.0,50.0,16.0,Snapdragon,Mid-Range,32.92
Samsung Galaxy F55 5G (12Gb Ram + 256Gb),23999,88,"Dual Sim, 3G, 4G, 5G, VoLTE, Wi-Fi, NFC",5000 mAh Battery with 45W Fast Charging,"12 GB RAM, 256 GB inbuilt","6.7 inches, 1080 x 2400 px, 120 Hz Display with Punch Hole",50 MP + 8 MP + 2 MP Triple Rear & 50 MP Front Camera,"Snapdragon 7 Gen1, Octa Core, 2.4 GHz Processor","Memory Card (Hybrid), upto 1 TB",Android v14,Samsung,12.0,256.0,5000.0,45.0,6.7,120.0,50.0,50.0,Snapdragon,Mid-Range,36.67
Vivo V30E 5G,23999,86,"Dual Sim, 3G, 4G, 5G, VoLTE, Wi-Fi, NFC",5500 mAh Battery with 44W Fast Charging,"8 GB RAM, 128 GB inbuilt","6.78 inches, 1080 x 2400 px, 120 Hz Display with Punch Hole",50 MP + 8 MP Dual Rear & 50 MP Front Camera,"Snapdragon 6 Gen1, Octa Core, 2.2 GHz Processor",Memory Card (Hybrid),Android v14,Vivo,8.0,128.0,5500.0,44.0,6.78,120.0,50.0,50.0,Snapdragon,Mid-Range,35.83
Samsung Galaxy A53 5G,23999,87,"Dual Sim, 3G, 4G, 5G, VoLTE, Wi-Fi, NFC",5000 mAh Battery with 25W Fast Charging,"6 GB RAM, 128 GB inbuilt","6.5 inches, 1080 x 2400 px, 120 Hz Display with Punch Hole",64 MP Quad Rear & 32 MP Front Camera,"Exynos 1280, Octa Core, 2.4 GHz Processor","Memory Card Supported, upto 1 TB",Android v12,Samsung,6.0,128.0,5000.0,25.0,6.5,120.0,64.0,32.0,Exynos,Mid-Range,36.25
Vivo Y300 5G (8 Gb Ram+256 Gb),23999,84,"Dual Sim, 3G, 4G, 5G, VoLTE, Wi-Fi",5000 mAh Battery with 80W Fast Charging,"8 GB RAM, 256 GB inbuilt","6.67 inches, 1080 x 2400 px, 120 Hz Display with Punch Hole",50 MP + 2 MP Dual Rear & 32 MP Front Camera,"Snapdragon 4 Gen2, Octa Core, 2.2 GHz Processor","Memory Card (Hybrid), upto 2 TB",Android v14,Vivo,8.0,256.0,5000.0,80.0,6.67,120.0,50.0,32.0,Snapdragon,Mid-Range,35.0
Tecno Phantom X2,23999,84,"Dual Sim, 3G, 4G, 5G, VoLTE, Wi-Fi, NFC",5160 mAh Battery with 45W Fast Charging,"8 GB RAM, 256 GB inbuilt","6.8 inches, 1080 x 2400 px, 120 Hz Display with Punch Hole",64 MP + 13 MP + 2 MP Triple Rear & 32 MP Front Camera,"Dimensity 9000, Octa Core, 3.05 GHz Processor",Memory Card Not Supported,Android v13,Tecno,8.0,256.0,5160.0,45.0,6.8,120.0,64.0,32.0,Dimensity,Mid-Range,35.0
Vivo Y300 Plus,23999,82,"Dual Sim, 3G, 4G, 5G, VoLTE, Wi-Fi",5000 mAh Battery with 44W Fast Charging,"8 GB RAM, 128 GB inbuilt","6.78 inches, 2400 x 1080 px, 120 Hz Display with Punch Hole",50 MP + 2 MP Dual Rear & 32 MP Front Camera,"Snapdragon 695, Octa Core, 2.2 GHz Processor","Memory Card (Hybrid), upto 1 TB",Android v14,Vivo,8.0,128.0,5000.0,44.0,6.78,120.0,50.0,32.0,Snapdragon,Mid-Range,34.17
Iqoo Z9S (12Gb Ram + 256Gb),23999,84,"Dual Sim, 3G, 4G, 5G, VoLTE, Wi-Fi",5500 mAh Battery with 44W Fast Charging,"12 GB RAM, 256 GB inbuilt","6.77 inches, 1080 x 2392 px, 120 Hz Display with Punch Hole",50 MP + 2 MP Dual Rear & 16 MP Front Camera,"Dimensity 7300, Octa Core, 2.5 GHz Processor",Memory Card Not Supported,Android v14,Iqoo,12.0,256.0,5500.0,44.0,6.77,120.0,50.0,16.0,Dimensity,Mid-Range,35.0
Tecno Camon 30 5G (12Gb Ram + 512Gb),23999,85,"Dual Sim, 3G, 4G, 5G, VoLTE, Wi-Fi, IR Blaster",5000 mAh Battery with 70W Fast Charging,"12 GB RAM, 512 GB inbuilt","6.78 inches, 1080 x 2436 px, 120 Hz Display with Punch Hole",50 MP + 2 MP + 0.08 MP Triple Rear & 50 MP Front Camera,"Dimensit 7020, Octa Core, 2.2 GHz Processor","Memory Card Supported, upto 1 TB",Android v14,Tecno,12.0,512.0,5000.0,70.0,6.78,120.0,50.0,50.0,Dimensit,Mid-Range,35.42
Oneplus Ace 3V,23999,84,"Dual Sim, 3G, 4G, 5G, VoLTE, Wi-Fi, NFC, IR Blaster",5500 mAh Battery with 100W Fast Charging,"12 GB RAM, 256 GB inbuilt","6.74 inches, 1240 x 2772 px, 120 Hz Display with Punch Hole",50 MP + 8 MP Dual Rear & 16 MP Front Camera,"Snapdragon 7+ Gen3, Octa Core, 2.8 GHz Processor",Memory Card Not Supported,iOS v17,Oneplus,12.0,256.0,5500.0,100.0,6.74,120.0,50.0,16.0,Snapdragon,Mid-Range,35.0
Infinix Note 50 Pro 5G,23990,89,"Dual Sim, 3G, 4G, 5G, VoLTE, Wi-Fi, NFC, IR Blaster",5000 mAh Battery with 65W Fast Charging,"8 GB RAM, 256 GB inbuilt","6.78 inches, 1080 x 2436 px, 144 Hz Display with Punch Hole",50 MP + 2 MP + 2 MP Triple Rear & 50 MP Front Camera,"Dimensity 7200, Octa Core, 2.8 GHz Processor","Memory Card Supported, upto 1 TB",Android v15,Infinix,8.0,256.0,5000.0,65.0,6.78,144.0,50.0,50.0,Dimensity,Mid-Range,37.1
Xiaomi Redmi Turbo 4,23990,86,"Dual Sim, 3G, 4G, 5G, VoLTE, Wi-Fi, NFC, IR Blaster",6550 mAh Battery with 90W Fast Charging,"12 GB RAM, 256 GB inbuilt","6.67 inches, 1220 x 2712 px, 120 Hz Display with Punch Hole",50 MP + 8 MP Dual Rear & 20 MP Front Camera,"Dimensity 8400 Ultra, Octa Core, 3.25 GHz Processor",Memory Card Not Supported,Android v14,Xiaomi,12.0,256.0,6550.0,90.0,6.67,120.0,50.0,20.0,Dimensity,Mid-Range,35.85
Oppo A5 Pro,23990,83,"Dual Sim, 3G, 4G, 5G, VoLTE, Wi-Fi, NFC",6000 mAh Battery with 80W Fast Charging,"8 GB RAM, 256 GB inbuilt","6.7 inches, 1200 x 2400 px, 120 Hz Display with Punch Hole",50 MP + 2 MP Dual Rear & 16 MP Front Camera,"Dimensity 7300, Octa Core, 2.5 GHz Processor",Memory Card Supported,Android v15,Oppo,8.0,256.0,6000.0,80.0,6.7,120.0,50.0,16.0,Dimensity,Mid-Range,34.6
Tecno Pova 7 Pro,23990,89,"Dual Sim, 3G, 4G, 5G, VoLTE, Vo5G, Wi-Fi, NFC, IR Blaster",6000 mAh Battery with 100W Fast Charging,"8 GB RAM, 256 GB inbuilt","6.82 inches, 1080 x 2436 px, 144 Hz Display with Punch Hole",200 MP + 8 MP + 0.08 MP Triple Rear & 32 MP Front Camera,"Dimensity 7050, Octa Core, 2.6 GHz Processor","Memory Card Supported, upto 1 TB",Android v14,Tecno,8.0,256.0,6000.0,100.0,6.82,144.0,200.0,32.0,Dimensity,Mid-Range,37.1
Vivo T5 5G,23990,75,"Dual Sim, 3G, 4G, 5G, VoLTE, Wi-Fi",7500 mAh Battery with 100W Fast Charging,"8 GB RAM, 128 GB inbuilt","6.67 inches, 1080 x 2400 px, 120 Hz Display with Water Drop Notch",50 MP + 13 MP + 8 MP Triple Rear & 32 MP Front Camera,"Snapdragon, Octa Core Processor","Memory Card (Hybrid), upto 1 TB",Android v16,Vivo,8.0,128.0,7500.0,100.0,6.67,120.0,50.0,32.0,"Snapdragon,",Mid-Range,31.26
Xiaomi Redmi Turbo 3,23990,84,"Dual Sim, 3G, 4G, 5G, VoLTE, Wi-Fi, NFC, IR Blaster",5000 mAh Battery with 90W Fast Charging,"12 GB RAM, 256 GB inbuilt","6.67 inches, 1220 x 2712 px, 144 Hz Display with Punch Hole",50 MP + 8 MP Dual Rear & 20 MP Front Camera,"Snapdragon 8s Gen3, Octa Core, 3 GHz Processor",Memory Card Not Supported,Android v14,Xiaomi,12.0,256.0,5000.0,90.0,6.67,144.0,50.0,20.0,Snapdragon,Mid-Range,35.01
Nubia Neo 3,23990,73,"Dual Sim, 3G, 4G, 5G, VoLTE, Wi-Fi, NFC",6000 mAh Battery with 33W Fast Charging,8 GB RAM,"6.8 inches, 1080 x 2392 px, 120 Hz Display with Punch Hole",50 MP + 2 MP Dual Rear & 16 MP Front Camera,"Unisoc T8300, Octa Core, 2.2 GHz Processor",Memory Card Not Supported,Android v13,Nubia,8.0,,6000.0,33.0,6.8,120.0,50.0,16.0,Unisoc,Mid-Range,30.43
Iqoo Z11,23990,78,"Dual Sim, 3G, 4G, 5G, VoLTE, Wi-Fi, IR Blaster",7500 mAh Battery with 100W Fast Charging,"8 GB RAM, 256 GB inbuilt","6.67 inches, 1080 x 2400 px, 120 Hz Display with Punch Hole",50 MP + 12 MP Dual Rear & 50 MP Front Camera,Octa Core Processor,"Memory Card (Hybrid), upto 1 TB",Android v16,Iqoo,8.0,256.0,7500.0,100.0,6.67,120.0,50.0,50.0,Octa,Mid-Range,32.51
Motorola Moto G55,23990,86,"Dual Sim, 3G, 4G, 5G, VoLTE, Wi-Fi, NFC",5000 mAh Battery with 30W Fast Charging,"8 GB RAM, 128 GB inbuilt","6.49 inches, 1080 x 2400 px, 120 Hz Display with Punch Hole",50 MP + 8 MP Dual Rear & 16 MP Front Camera,"Snapdragon 6 Gen4, Octa Core, 2.3 GHz Processor","Memory Card (Hybrid), upto 1 TB",Android v14,Motorola,8.0,128.0,5000.0,30.0,6.49,120.0,50.0,16.0,Snapdragon,Mid-Range,35.85
Oneplus Nord Ce 4 5G (8Gb Ram + 256Gb),23721,83,"Dual Sim, 3G, 4G, 5G, VoLTE, Wi-Fi, IR Blaster",5500 mAh Battery with 100W Fast Charging,"8 GB RAM, 256 GB inbuilt","6.7 inches, 1080 x 2412 px, 120 Hz Display with Punch Hole",50 MP + 8 MP Dual Rear & 16 MP Front Camera,"Snapdragon 7 Gen3, Octa Core, 2.63 GHz Processor","Memory Card (Hybrid), upto 1 TB",Android v14,Oneplus,8.0,256.0,5500.0,100.0,6.7,120.0,50.0,16.0,Snapdragon,Mid-Range,34.99
Realme 14 Pro 5G,23620,81,"Dual Sim, 3G, 4G, 5G, VoLTE, Wi-Fi",6000 mAh Battery with 45W Fast Charging,"8 GB RAM, 128 GB inbuilt","6.77 inches, 1080 x 2392 px, 120 Hz Display with Punch Hole",50 MP + 2 MP Dual Rear & 16 MP Front Camera,"Dimensity 7300 Energy, Octa Core, 2.5 GHz Processor",Memory Card Not Supported,Android v14,Realme,8.0,128.0,6000.0,45.0,6.77,120.0,50.0,16.0,Dimensity,Mid-Range,34.29
Oppo Reno 12 5G,23542,86,"Dual Sim, 3G, 4G, 5G, VoLTE, Wi-Fi, IR Blaster",5000 mAh Battery with 80W Fast Charging,"8 GB RAM, 256 GB inbuilt","6.7 inches, 1080 x 2412 px, 120 Hz Display with Punch Hole",50 MP + 8 MP + 2 MP Triple Rear & 32 MP Front Camera,"Dimensity 7300, Octa Core, 2.5 GHz Processor",Memory Card (Hybrid),Android v14,Oppo,8.0,256.0,5000.0,80.0,6.7,120.0,50.0,32.0,Dimensity,Mid-Range,36.53
Realme Narzo 80 Pro 5G (12Gb Ram + 256Gb),23499,83,"Dual Sim, 3G, 4G, 5G, VoLTE, Wi-Fi",6000 mAh Battery with 80W Fast Charging,"12 GB RAM, 256 GB inbuilt","6.72 inches, 1080 x 2392 px, 120 Hz Display with Punch Hole",50 MP + 2 MP Dual Rear & 16 MP Front Camera,"Dimensity 7400, Octa Core, 2.6 GHz Processor",Memory Card Not Supported,Android v14,Realme,12.0,256.0,6000.0,80.0,6.72,120.0,50.0,16.0,Dimensity,Mid-Range,35.32
Vivo V29 (12Gb Ram + 256Gb),23499,85,"Dual Sim, 3G, 4G, 5G, VoLTE, Wi-Fi",4600 mAh Battery with 80W Fast Charging,"12 GB RAM, 256 GB inbuilt","6.78 inches, 1260 x 2800 px, 120 Hz Display with Punch Hole",50 MP + 8 MP + 2 MP Triple Rear & 50 MP Front Camera,"Snapdragon 778G, Octa Core, 2.4 GHz Processor",Memory Card Not Supported,Android v13,Vivo,12.0,256.0,4600.0,80.0,6.78,120.0,50.0,50.0,Snapdragon,Mid-Range,36.17
Realme 13 Pro 5G (12Gb Ram + 512Gb),23499,85,"Dual Sim, 3G, 4G, 5G, VoLTE, Wi-Fi",5200 mAh Battery with 45W Fast Charging,"12 GB RAM, 512 GB inbuilt","6.7 inches, 1080 x 2412 px, 120 Hz Display with Punch Hole",50 MP + 8 MP + 2 MP Triple Rear & 32 MP Front Camera,"Snapdragon 7s Gen2, Octa Core, 2.4 GHz Processor",Memory Card Not Supported,Android v14,Realme,12.0,512.0,5200.0,45.0,6.7,120.0,50.0,32.0,Snapdragon,Mid-Range,36.17
Nothing Phone 3A,23480,85,"Dual Sim, 3G, 4G, 5G, VoLTE, Wi-Fi, NFC",5000 mAh Battery with 50W Fast Charging,"8 GB RAM, 128 GB inbuilt","6.77 inches, 1080 x 2392 px, 120 Hz Display with Punch Hole",50 MP + 50 MP + 8 MP Triple Rear & 32 MP Front Camera,"Snapdragon 7s Gen3, Octa Core, 2.5 GHz Processor",Memory Card Not Supported,Android v14,Nothing,8.0,128.0,5000.0,50.0,6.77,120.0,50.0,32.0,Snapdragon,Mid-Range,36.2
Realme P3 Pro 5G,23420,81,"Dual Sim, 3G, 4G, 5G, VoLTE, Wi-Fi",6000 mAh Battery with 80W Fast Charging,"8 GB RAM, 128 GB inbuilt","6.83 inches, 1272 x 2800 px, 120 Hz Display with Punch Hole",50 MP + 2 MP Dual Rear & 16 MP Front Camera,"Snapdragon 7s Gen3, Octa Core, 2.5 GHz Processor",Memory Card Not Supported,Android v14,Realme,8.0,128.0,6000.0,80.0,6.83,120.0,50.0,16.0,Snapdragon,Mid-Range,34.59
Xiaomi Redmi Note 13 Pro Plus 5G,23350,86,"Dual Sim, 3G, 4G, 5G, VoLTE, Wi-Fi, NFC, IR Blaster",5000 mAh Battery with 120W Fast Charging,"8 GB RAM, 256 GB inbuilt","6.67 inches, 1220 x 2712 px, 120 Hz Display with Punch Hole",200 MP + 8 MP + 2 MP Triple Rear & 16 MP Front Camera,"Dimensity 7200 Ultra, Octa Core, 2.8 GHz Processor",Memory Card Not Supported,Android v13,Xiaomi,8.0,256.0,5000.0,120.0,6.67,120.0,200.0,16.0,Dimensity,Mid-Range,36.83
Vivo T3 Pro (8Gb Ram + 256Gb),23262,83,"Dual Sim, 3G, 4G, 5G, VoLTE, Wi-Fi",5500 mAh Battery with 80W Fast Charging,"8 GB RAM, 256 GB inbuilt","6.77 inches, 1080 x 2392 px, 120 Hz Display with Punch Hole",50 MP + 8 MP Dual Rear & 16 MP Front Camera,"Snapdragon 7 Gen3, Octa Core, 2.63 GHz Processor",Memory Card Not Supported,Android v14,Vivo,8.0,256.0,5500.0,80.0,6.77,120.0,50.0,16.0,Snapdragon,Mid-Range,35.68
Motorola Edge 60 Stylus,22999,88,"Dual Sim, 3G, 4G, 5G, VoLTE, Vo5G, Wi-Fi, NFC",5000 mAh Battery with 68W Fast Charging,"8 GB RAM, 256 GB inbuilt","6.7 inches, 1220 x 2712 px, 120 Hz Display with Punch Hole",50 MP + 13 MP Dual Rear & 32 MP Front Camera,"Snapdragon 7s Gen2, Octa Core, 2.4 GHz Processor","Memory Card Supported, upto 1 TB",Android v15,Motorola,8.0,256.0,5000.0,68.0,6.7,120.0,50.0,32.0,Snapdragon,Mid-Range,38.26
Poco F6 5G,22999,84,"Dual Sim, 3G, 4G, 5G, VoLTE, Wi-Fi, NFC, IR Blaster",5000 mAh Battery with 90W Fast Charging,"8 GB RAM, 256 GB inbuilt","6.67 inches, 1220 x 2712 px, 120 Hz Display with Punch Hole",50 MP + 8 MP Dual Rear & 20 MP Front Camera,"Snapdragon 8s Gen3, Octa Core, 3 GHz Processor",Memory Card Not Supported,Android v14,Poco,8.0,256.0,5000.0,90.0,6.67,120.0,50.0,20.0,Snapdragon,Mid-Range,36.52
Samsung Galaxy M55 (8Gb Ram + 256Gb),22999,87,"Dual Sim, 3G, 4G, 5G, VoLTE, Wi-Fi, NFC",5000 mAh Battery with 45W Fast Charging,"8 GB RAM, 256 GB inbuilt","6.67 inches, 1080 x 2400 px, 120 Hz Display with Punch Hole",50 MP + 8 MP + 2 MP Triple Rear & 50 MP Front Camera,"Snapdragon 7 Gen1, Octa Core, 2.4 GHz Processor","Memory Card (Hybrid), upto 1 TB",Android v14,Samsung,8.0,256.0,5000.0,45.0,6.67,120.0,50.0,50.0,Snapdragon,Mid-Range,37.83
Samsung Galaxy A34 5G (8Gb Ram + 128Gb),22999,86,"Dual Sim, 3G, 4G, 5G, VoLTE, Wi-Fi, NFC",5000 mAh Battery with 25W Fast Charging,"8 GB RAM, 128 GB inbuilt","6.6 inches, 1080 x 2340 px, 120 Hz Display with Water Drop Notch",48 MP + 8 MP + 5 MP Triple Rear & 13 MP Front Camera,"Dimensity 1080, Octa Core, 2.6 GHz Processor","Memory Card (Hybrid), upto 1 TB",Android v13,Samsung,8.0,128.0,5000.0,25.0,6.6,120.0,48.0,13.0,Dimensity,Mid-Range,37.39
Oppo F27 (8Gb Ram + 256Gb),22999,84,"Dual Sim, 3G, 4G, 5G, VoLTE, Wi-Fi",5000 mAh Battery with 45W Fast Charging,"8 GB RAM, 256 GB inbuilt","6.67 inches, 1080 x 2412 px, 120 Hz Display with Punch Hole",50 MP + 2 MP Dual Rear & 32 MP Front Camera,"Dimensity 6300, Octa Core, 2.4 GHz Processor","Memory Card (Hybrid), upto 2 TB",Android v14,Oppo,8.0,256.0,5000.0,45.0,6.67,120.0,50.0,32.0,Dimensity,Mid-Range,36.52
Oneplus Nord Ce 4 5G,22998,83,"Dual Sim, 3G, 4G, 5G, VoLTE, Wi-Fi, IR Blaster",5500 mAh Battery with 100W Fast Charging,"8 GB RAM, 128 GB inbuilt","6.7 inches, 1080 x 2412 px, 120 Hz Display with Punch Hole",50 MP + 8 MP Dual Rear & 16 MP Front Camera,"Snapdragon 7 Gen3, Octa Core, 2.63 GHz Processor","Memory Card (Hybrid), upto 1 TB",Android v14,Oneplus,8.0,128.0,5500.0,100.0,6.7,120.0,50.0,16.0,Snapdragon,Mid-Range,36.09
Vivo T4 5G,22990,75,"Dual Sim, 3G, 4G, 5G, VoLTE, Wi-Fi",7300 mAh Battery with 90W Fast Charging,"8 GB RAM, 128 GB inbuilt","6.67 inches, 1080 x 2400 px, 120 Hz Display with Water Drop Notch",50 MP + 2 MP Dual Rear & 32 MP Front Camera,"Snapdragon 7s Gen3, Octa Core Processor","Memory Card (Hybrid), upto 1 TB",Android v15,Vivo,8.0,128.0,7300.0,90.0,6.67,120.0,50.0,32.0,Snapdragon,Mid-Range,32.62
Oneplus Nord Ce 5 Lite 5G,22990,78,"Dual Sim, 3G, 4G, 5G, VoLTE, Wi-Fi",5000 mAh Battery with 80W Fast Charging,"8 GB RAM, 256 GB inbuilt","6.78 inches, 1080 x 2400 px, 120 Hz Display with Punch Hole",50 MP + 13 MP + 2 MP Triple Rear & 32 MP Front Camera,"Snapdragon 7 Gen2, Octa Core Processor","Memory Card (Hybrid), upto 1 TB",Android v15,Oneplus,8.0,256.0,5000.0,80.0,6.78,120.0,50.0,32.0,Snapdragon,Mid-Range,33.93
Iqoo Z9 Turbo Endurance Edition,22990,85,"Dual Sim, 3G, 4G, 5G, VoLTE, Wi-Fi, NFC, IR Blaster",6400 mAh Battery with 80W Fast Charging,"12 GB RAM, 256 GB inbuilt","6.78 inches, 1260 x 2800 px, 120 Hz Display with Punch Hole",50 MP + 8 MP Dual Rear & 16 MP Front Camera,"Snapdragon 8s Gen3, Octa Core, 3 GHz Processor",Memory Card Not Supported,Android v14,Iqoo,12.0,256.0,6400.0,80.0,6.78,120.0,50.0,16.0,Snapdragon,Mid-Range,36.97
Energizer P28K,22990,83,"Dual Sim, 3G, 4G, Wi-Fi, NFC",28000 mAh Battery with 33W Fast Charging,"8 GB RAM, 256 GB inbuilt","6.78 inches, 1080 x 2460 px Display with Punch Hole",60 MP + 20 MP + 2 MP Triple Rear & 16 MP Front Camera,"Helio G99, Octa Core, 2.2 GHz Processor",Memory Card Supported,Android v14,Energizer,8.0,256.0,28000.0,33.0,6.78,60.0,60.0,16.0,Helio,Mid-Range,36.1
Realme 12 Pro 5G,22990,81,"Dual Sim, 3G, 4G, 5G, VoLTE, Wi-Fi",5000 mAh Battery with 67W Fast Charging,"8 GB RAM, 128 GB inbuilt","6.7 inches, 1080 x 2412 px, 120 Hz Display with Punch Hole",50 MP + 32 MP + 8 MP Triple Rear & 16 MP Front Camera,"Snapdragon 6 Gen1, Octa Core, 2.2 GHz Processor",Memory Card Not Supported,Android v13,Realme,8.0,128.0,5000.0,67.0,6.7,120.0,50.0,16.0,Snapdragon,Mid-Range,35.23
Motorola Moto G95 5G,22990,73,"Dual Sim, 3G, 4G, 5G, VoLTE, Wi-Fi",5600 mAh Battery with 33W Fast Charging,"8 GB RAM, 128 GB inbuilt","6.74 inches, 1080 x 2400 px, 120 Hz Display with Punch Hole",50 MP + 12 MP Dual Rear & 32 MP Front Camera,"Snapdragon 6 Gen4, Octa Core Processor",Memory Card Not Supported,Android v15,Motorola,8.0,128.0,5600.0,33.0,6.74,120.0,50.0,32.0,Snapdragon,Mid-Range,31.75
Oppo K12 Plus,22990,84,"Dual Sim, 3G, 4G, 5G, VoLTE, Wi-Fi, NFC, IR Blaster",6400 mAh Battery with 80W Fast Charging,"8 GB RAM, 256 GB inbuilt","6.7 inches, 1080 x 2412 px, 120 Hz Display with Punch Hole",50 MP + 8 MP Dual Rear & 16 MP Front Camera,"Snapdragon 7 Gen3, Octa Core, 2.63 GHz Processor",Memory Card (Hybrid),Android v14,Oppo,8.0,256.0,6400.0,80.0,6.7,120.0,50.0,16.0,Snapdragon,Mid-Range,36.54
Tecno Camon 30 Pro,22990,87,"Dual Sim, 3G, 4G, 5G, VoLTE, Wi-Fi, NFC, IR Blaster",5000 mAh Battery with 70W Fast Charging,"8 GB RAM, 256 GB inbuilt","6.78 inches, 1080 x 2436 px, 144 Hz Display with Punch Hole",50 MP + 50 MP + 2 MP Triple Rear & 50 MP Front Camera,"Dimensity 8200 Ultimate, Octa Core, 3.1 GHz Processor",Memory Card Not Supported,Android v13,Tecno,8.0,256.0,5000.0,70.0,6.78,144.0,50.0,50.0,Dimensity,Mid-Range,37.84
Realme 14 Pro Lite 5G (8Gb Ram + 256Gb),22969,83,"Dual Sim, 3G, 4G, 5G, VoLTE, Wi-Fi",5200 mAh Battery with 45W Fast Charging,"8 GB RAM, 256 GB inbuilt","6.7 inches, 1080 x 2412 px, 120 Hz Display with Punch Hole",50 MP + 8 MP + 2 MP Triple Rear & 32 MP Front Camera,"Snapdragon 7s Gen 2, Octa Core, 2.4 GHz Processor",Memory Card Not Supported,Android v15,Realme,8.0,256.0,5200.0,45.0,6.7,120.0,50.0,32.0,Snapdragon,Mid-Range,36.14
Nothing Phone 2A (12Gb Ram + 256Gb),22900,87,"Dual Sim, 3G, 4G, 5G, VoLTE, Wi-Fi, NFC",5000 mAh Battery with 45W Fast Charging,"12 GB RAM, 256 GB inbuilt","6.7 inches, 1084 x 2412 px, 120 Hz Display with Punch Hole",50 MP + 50 MP Dual Rear & 32 MP Front Camera,"Dimensity 7200 Pro, Octa Core, 2.8 GHz Processor",Memory Card Not Supported,iOS v17,Nothing,12.0,256.0,5000.0,45.0,6.7,120.0,50.0,32.0,Dimensity,Mid-Range,37.99
Infinix Note 40 Pro Plus 5G,22890,88,"Dual Sim, 3G, 4G, 5G, VoLTE, Wi-Fi, NFC, IR Blaster",4600 mAh Battery with 100W Fast Charging,"12 GB RAM, 256 GB inbuilt","6.78 inches, 1080 x 2436 px, 120 Hz Display with Punch Hole",108 MP + 2 MP + 2 MP Triple Rear & 32 MP Front Camera,"Dimensity 7020, Octa Core, 2.2 GHz Processor",Memory Card Not Supported,Android v14,Infinix,12.0,256.0,4600.0,100.0,6.78,120.0,108.0,32.0,Dimensity,Mid-Range,38.44
Motorola Edge 50 5G,22875,87,"Dual Sim, 3G, 4G, 5G, VoLTE, Vo5G, Wi-Fi, NFC",5000 mAh Battery with 68W Fast Charging,"8 GB RAM, 256 GB inbuilt","6.67 inches, 1220 x 2712 px, 120 Hz Display",50 MP + 13 MP + 10 MP Triple Rear & 32 MP Front Camera,"Snapdragon 7 Gen1 AE, Octa Core, 2.5 GHz Processor",Memory Card Not Supported,Android v15,Motorola,8.0,256.0,5000.0,68.0,6.67,120.0,50.0,32.0,Snapdragon,Mid-Range,38.03
Realme P2 Pro (12Gb Ram + 512Gb),22790,84,"Dual Sim, 3G, 4G, 5G, VoLTE, Wi-Fi",5200 mAh Battery with 80W Fast Charging,"12 GB RAM, 512 GB inbuilt","6.7 inches, 1080 x 2412 px, 120 Hz Display with Punch Hole",50 MP + 8 MP Dual Rear & 32 MP Front Camera,"Snapdragon 7s Gen 2, Octa Core, 2.4 GHz Processor",Memory Card Not Supported,Android v14,Realme,12.0,512.0,5200.0,80.0,6.7,120.0,50.0,32.0,Snapdragon,Mid-Range,36.86
Infinix Gt 20 Pro,22700,87,"Dual Sim, 3G, 4G, 5G, VoLTE, Wi-Fi, NFC, IR Blaster",5000 mAh Battery with 45W Fast Charging,"8 GB RAM, 256 GB inbuilt","6.78 inches, 1080 x 2436 px, 144 Hz Display with Punch Hole",108 MP + 2 MP + 2 MP Triple Rear & 32 MP Front Camera,"Dimensity 8200 Ultimate, Octa Core, 3.1 GHz Processor",Memory Card Not Supported,Android v14,Infinix,8.0,256.0,5000.0,45.0,6.78,144.0,108.0,32.0,Dimensity,Mid-Range,38.33
Poco F5 (12Gb Ram + 256Gb),22680,85,"Dual Sim, 3G, 4G, 5G, VoLTE, Wi-Fi, IR Blaster",5000 mAh Battery with 67W Fast Charging,"12 GB RAM, 256 GB inbuilt","6.67 inches, 1080 x 2400 px, 120 Hz Display with Punch Hole",64 MP + 8 MP + 2 MP Triple Rear & 16 MP Front Camera,"Snapdragon 7+ Gen2, Octa Core, 2.91 GHz Processor",Memory Card Not Supported,Android v13,Poco,12.0,256.0,5000.0,67.0,6.67,120.0,64.0,16.0,Snapdragon,Mid-Range,37.48
Hmd Crest Max,22499,83,"Dual Sim, 3G, 4G, 5G, VoLTE, Wi-Fi",5000 mAh Battery with 33W Fast Charging,"8 GB RAM, 256 GB inbuilt","6.67 inches, 1080 x 2400 px, 120 Hz Display with Punch Hole",64 MP + 5 MP + 2 MP Triple Rear & 50 MP Front Camera,"Unisoc T760, Octa Core, 2.2 GHz Processor","Memory Card Supported, upto 256 GB",Android v14,Hmd,8.0,256.0,5000.0,33.0,6.67,120.0,64.0,50.0,Unisoc,Mid-Range,36.89
Xiaomi Mi 11 Lite Ne 5G (8Gb Ram + 128Gb),22490,86,"Dual Sim, 3G, 4G, 5G, VoLTE, Wi-Fi, NFC, IR Blaster",4250 mAh Battery with 33W Fast Charging,"8 GB RAM, 128 GB inbuilt","6.55 inches, 1080 x 2400 px, 90 Hz Display with Punch Hole",64 MP + 8 MP + 5 MP Triple Rear & 20 MP Front Camera,"Snapdragon  778G , Octa Core, 2.4 GHz Processor",Memory Card (Hybrid),Android v11,Xiaomi,8.0,128.0,4250.0,33.0,6.55,90.0,64.0,20.0,Snapdragon,Mid-Range,38.24
Nothing Phone 2A Plus,22296,86,"Dual Sim, 3G, 4G, 5G, VoLTE, Wi-Fi, NFC",5000 mAh Battery with 50W Fast Charging,"8 GB RAM, 256 GB inbuilt","6.7 inches, 1084 x 2412 px, 120 Hz Display with Punch Hole",50 MP + 50 MP Dual Rear & 50 MP Front Camera,"Dimensity 7350 Pro 5G, Octa Core, 3 GHz Processor",Memory Card Not Supported,Android v14,Nothing,8.0,256.0,5000.0,50.0,6.7,120.0,50.0,50.0,Dimensity,Mid-Range,38.57
Xiaomi Redmi Note 14 Pro 5G,22178,83,"Dual Sim, 3G, 4G, 5G, VoLTE, Wi-Fi, NFC, IR Blaster",5500 mAh Battery with 45W Fast Charging,"8 GB RAM, 128 GB inbuilt","6.67 inches, 1220 x 2712 px, 120 Hz Display with Punch Hole",50 MP + 8 MP + 2 MP Triple Rear & 20 MP Front Camera,"Dimensity 7300 Ultra, Octa Core, 2.5 GHz Processor",Memory Card Not Supported,Android v15,Xiaomi,8.0,128.0,5500.0,45.0,6.67,120.0,50.0,20.0,Dimensity,Mid-Range,37.42
Samsung Galaxy A26 5G,22169,85,"Dual Sim, 3G, 4G, 5G, VoLTE, Wi-Fi, NFC",5000 mAh Battery with 25W Fast Charging,"8 GB RAM, 128 GB inbuilt","6.7 inches, 1080 x 2340 px, 120 Hz Display with Water Drop Notch",50 MP + 8 MP + 2 MP Triple Rear & 13 MP Front Camera,"Exynos 1380, Octa Core, 2.4 GHz Processor","Memory Card (Hybrid), upto 2 TB",Android v15,Samsung,8.0,128.0,5000.0,25.0,6.7,120.0,50.0,13.0,Exynos,Mid-Range,38.34
Iqoo Z10 5G,21999,82,"Dual Sim, 3G, 4G, 5G, VoLTE, Wi-Fi, IR Blaster",7300 mAh Battery with 90W Fast Charging,"8 GB RAM, 128 GB inbuilt","6.77 inches, 1080 x 2392 px, 120 Hz Display with Punch Hole",50 MP + 2 MP Dual Rear & 32 MP Front Camera,"Snapdragon 7s Gen3, Octa Core, 2.5 GHz Processor",Memory Card Not Supported,Android v15,Iqoo,8.0,128.0,7300.0,90.0,6.77,120.0,50.0,32.0,Snapdragon,Mid-Range,37.27
Cmf Phone 2 Pro,21999,75,"Dual Sim, 3G, 4G, 5G, VoLTE, Wi-Fi",5000 mAh Battery with 33W Fast Charging,"6 GB RAM, 128 GB inbuilt","6.7 inches, 1080 x 2400 px, 120 Hz Display with Punch Hole",50 MP + 50 MP + 8 MP Triple Rear & 32 MP Front Camera,"Dimensity 7300 Pro, Octa Core Processor","Memory Card (Hybrid), upto 1 TB",Android v15,Cmf,6.0,128.0,5000.0,33.0,6.7,120.0,50.0,32.0,Dimensity,Mid-Range,34.09
Vivo Y300 5G,21999,83,"Dual Sim, 3G, 4G, 5G, VoLTE, Wi-Fi",5000 mAh Battery with 80W Fast Charging,"8 GB RAM, 128 GB inbuilt","6.67 inches, 1080 x 2400 px, 120 Hz Display with Punch Hole",50 MP + 2 MP Dual Rear & 32 MP Front Camera,"Snapdragon 4 Gen2, Octa Core, 2.2 GHz Processor","Memory Card (Hybrid), upto 2 TB",Android v14,Vivo,8.0,128.0,5000.0,80.0,6.67,120.0,50.0,32.0,Snapdragon,Mid-Range,37.73
Oppo K12,21999,84,"Dual Sim, 3G, 4G, 5G, VoLTE, Wi-Fi, NFC, IR Blaster",5500 mAh Battery with 100W Fast Charging,"8 GB RAM, 256 GB inbuilt","6.7 inches, 1080 x 2412 px, 120 Hz Display with Punch Hole",50 MP + 8 MP Dual Rear & 16 MP Front Camera,"Snapdragon 7 Gen3, Octa Core, 2.63 GHz Processor",Memory Card (Hybrid),Android v14,Oppo,8.0,256.0,5500.0,100.0,6.7,120.0,50.0,16.0,Snapdragon,Mid-Range,38.18
Oppo F25 Pro 5G,21999,85,"Dual Sim, 3G, 4G, 5G, VoLTE, Wi-Fi",5000 mAh Battery with 67W Fast Charging,"8 GB RAM, 128 GB inbuilt","6.7 inches, 1080 x 2412 px, 120 Hz Display with Punch Hole",64 MP + 8 MP + 2 MP Triple Rear & 32 MP Front Camera,"Dimensity 7050, Octa Core, 2.6 GHz Processor","Memory Card (Hybrid), upto 2 TB",Android v14,Oppo,8.0,128.0,5000.0,67.0,6.7,120.0,64.0,32.0,Dimensity,Mid-Range,38.64
Iqoo Z9S (8Gb Ram + 256Gb),21999,83,"Dual Sim, 3G, 4G, 5G, VoLTE, Wi-Fi",5500 mAh Battery with 44W Fast Charging,"8 GB RAM, 256 GB inbuilt","6.77 inches, 1080 x 2392 px, 120 Hz Display with Punch Hole",50 MP + 2 MP Dual Rear & 16 MP Front Camera,"Dimensity 7300, Octa Core, 2.5 GHz Processor",Memory Card Not Supported,Android v14,Iqoo,8.0,256.0,5500.0,44.0,6.77,120.0,50.0,16.0,Dimensity,Mid-Range,37.73
Oneplus Nord Ce 3 5G,21999,83,"Dual Sim, 3G, 4G, 5G, VoLTE, Wi-Fi, NFC, IR Blaster",5000 mAh Battery with 80W Fast Charging,"8 GB RAM, 128 GB inbuilt","6.7 inches, 1080 x 2412 px, 120 Hz Display with Punch Hole",50 MP + 8 MP + 2 MP Triple Rear & 16 MP Front Camera,"Snapdragon 782G, Octa Core, 2.7 GHz Processor","Memory Card (Hybrid), upto 1 TB",Android v13,Oneplus,8.0,128.0,5000.0,80.0,6.7,120.0,50.0,16.0,Snapdragon,Mid-Range,37.73
Infinix Zero 30 5G,21999,87,"Dual Sim, 3G, 4G, 5G, VoLTE, Wi-Fi, NFC",5000 mAh Battery with 68W Fast Charging,"8 GB RAM, 256 GB inbuilt","6.78 inches, 1080 x 2400 px, 144 Hz Display with Punch Hole",108 MP + 13 MP + 2 MP Triple Rear & 50 MP Front Camera,"Dimensity 8020, Octa Core, 2.6 GHz Processor",Memory Card Not Supported,Android v13,Infinix,8.0,256.0,5000.0,68.0,6.78,144.0,108.0,50.0,Dimensity,Mid-Range,39.55
Oppo F25 Pro 5G (8Gb Ram + 256Gb),21999,86,"Dual Sim, 3G, 4G, 5G, VoLTE, Wi-Fi",5000 mAh Battery with 67W Fast Charging,"8 GB RAM, 256 GB inbuilt","6.7 inches, 1080 x 2412 px, 120 Hz Display with Punch Hole",64 MP + 8 MP + 2 MP Triple Rear & 32 MP Front Camera,"Dimensity 7050, Octa Core, 2.6 GHz Processor","Memory Card (Hybrid), upto 2 TB",Android v14,Oppo,8.0,256.0,5000.0,67.0,6.7,120.0,64.0,32.0,Dimensity,Mid-Range,39.09
Infinix Note 40 Pro Plus Racing Edition,21999,88,"Dual Sim, 3G, 4G, 5G, VoLTE, Wi-Fi, NFC, IR Blaster",4600 mAh Battery with 100W Fast Charging,"12 GB RAM, 256 GB inbuilt","6.78 inches, 1080 x 2436 px, 120 Hz Display with Punch Hole",108 MP + 2 MP + 2 MP Triple Rear & 32 MP Front Camera,"Dimensity 7020, Octa Core, 2.2 GHz Processor",Memory Card Not Supported,Android v14,Infinix,12.0,256.0,4600.0,100.0,6.78,120.0,108.0,32.0,Dimensity,Mid-Range,40.0
Samsung Galaxy F63,21999,85,"Dual Sim, 3G, 4G, 5G, VoLTE, Wi-Fi, NFC",7000 mAh Battery with 33W Fast Charging,"6 GB RAM, 128 GB inbuilt","6.7 inches, 1080 x 2400 px Display with Punch Hole",64 MP Quad Rear & 32 MP Front Camera,"Dimensity 900, Octa Core, 2.4 GHz Processor","Memory Card Supported, upto 1 TB",Android v12,Samsung,6.0,128.0,7000.0,33.0,6.7,60.0,64.0,32.0,Dimensity,Mid-Range,38.64
Realme 14 5G,21990,80,"Dual Sim, 3G, 4G, 5G, VoLTE, Wi-Fi",6000 mAh Battery with 45W Fast Charging,"12 GB RAM, 256 GB inbuilt","6.67 inches, 1080 x 2400 px, 120 Hz Display with Punch Hole",50 MP Rear & 16 MP Front Camera,"Snapdragon 6 Gen4, Octa Core, 2.3 GHz Processor",Memory Card Not Supported,Android v14,Realme,12.0,256.0,6000.0,45.0,6.67,120.0,50.0,16.0,Snapdragon,Mid-Range,36.38
Realme Neo 7 Se,21990,85,"Dual Sim, 3G, 4G, 5G, VoLTE, Vo5G, Wi-Fi, NFC, IR Blaster",7000 mAh Battery with 80W Fast Charging,"8 GB RAM, 256 GB inbuilt","6.78 inches, 1264 x 2780 px, 120 Hz Display with Punch Hole",50 MP + 8 MP Dual Rear & 16 MP Front Camera,"Dimensity 8400 Max, Octa Core, 3.25 GHz Processor",Memory Card Not Supported,Android v14,Realme,8.0,256.0,7000.0,80.0,6.78,120.0,50.0,16.0,Dimensity,Mid-Range,38.65
Vivo Y300 Pro Plus,21990,75,"Dual Sim, 3G, 4G, 5G, VoLTE, Wi-Fi, NFC, IR Blaster",7300 mAh Battery with 90W Fast Charging,"8 GB RAM, 128 GB inbuilt","6.77 inches, 1080 x 2392 px, 120 Hz Display with Punch Hole",50 MP + 2 MP Dual Rear & 32 MP Front Camera,"Snapdragon 7s Gen 3, Octa Core Processor",Memory Card Not Supported,Android v14,Vivo,8.0,128.0,7300.0,90.0,6.77,120.0,50.0,32.0,Snapdragon,Mid-Range,34.11
Vivo Y300 Pro 5G,21990,82,"Dual Sim, 3G, 4G, 5G, VoLTE, Wi-Fi, IR Blaster",6500 mAh Battery with 80W Fast Charging,"8 GB RAM, 128 GB inbuilt","6.77 inches, 1080 x 2392 px, 120 Hz Display with Punch Hole",50 MP + 2 MP Dual Rear & 32 MP Front Camera,"Snapdragon 6 Gen1, Octa Core, 2.2 GHz Processor",Memory Card Not Supported,Android v15,Vivo,8.0,128.0,6500.0,80.0,6.77,120.0,50.0,32.0,Snapdragon,Mid-Range,37.29
Xiaomi Redmi Note 14S,21990,88,"Dual Sim, 3G, 4G, VoLTE, Wi-Fi, NFC, IR Blaster",5000 mAh Battery with 67W Fast Charging,"8 GB RAM, 256 GB inbuilt","6.67 inches, 1080 x 2400 px, 120 Hz Display with Punch Hole",200 MP + 8 MP + 2 MP Triple Rear & 16 MP Front Camera,"Helio G99 Ultra, Octa Core, 2.2 GHz Processor",Memory Card Supported,Android v15,Xiaomi,8.0,256.0,5000.0,67.0,6.67,120.0,200.0,16.0,Helio,Mid-Range,40.02
Xiaomi Redmi Note 14 Pro 5G,21913,83,"Dual Sim, 3G, 4G, 5G, VoLTE, Wi-Fi, NFC, IR Blaster",5500 mAh Battery with 45W Fast Charging,"8 GB RAM, 128 GB inbuilt","6.67 inches, 1220 x 2712 px, 120 Hz Display with Punch Hole",50 MP + 8 MP + 2 MP Triple Rear & 20 MP Front Camera,"Dimensity 7300 Ultra, Octa Core, 2.5 GHz Processor",Memory Card Not Supported,Android v14,Xiaomi,8.0,128.0,5500.0,45.0,6.67,120.0,50.0,20.0,Dimensity,Mid-Range,37.88
Motorola Moto Edge 50 Neo,21649,87,"Dual Sim, 3G, 4G, 5G, VoLTE, Wi-Fi, NFC",4310 mAh Battery with 68W Fast Charging,"8 GB RAM, 256 GB inbuilt","6.4 inches, 1220 x 2712 px, 120 Hz Display with Punch Hole",50 MP + 13 MP + 10 MP Triple Rear & 32 MP Front Camera,"Dimensity 7300, Octa Core, 2.5 GHz Processor",Memory Card Not Supported,Android v15,Motorola,8.0,256.0,4310.0,68.0,6.4,120.0,50.0,32.0,Dimensity,Mid-Range,40.19
Realme 13 Pro 5G (8Gb Ram + 256Gb),21500,83,"Dual Sim, 3G, 4G, 5G, VoLTE, Wi-Fi",5200 mAh Battery with 45W Fast Charging,"8 GB RAM, 256 GB inbuilt","6.7 inches, 1080 x 2412 px, 120 Hz Display with Punch Hole",50 MP + 8 MP + 2 MP Triple Rear & 32 MP Front Camera,"Snapdragon 7s Gen2, Octa Core, 2.4 GHz Processor",Memory Card Not Supported,Android v14,Realme,8.0,256.0,5200.0,45.0,6.7,120.0,50.0,32.0,Snapdragon,Mid-Range,38.6
Realme Narzo 80 Pro 5G (8Gb Ram + 256Gb),21499,82,"Dual Sim, 3G, 4G, 5G, VoLTE, Wi-Fi",6000 mAh Battery with 80W Fast Charging,"8 GB RAM, 256 GB inbuilt","6.72 inches, 1080 x 2392 px, 120 Hz Display with Punch Hole",50 MP + 2 MP Dual Rear & 16 MP Front Camera,"Dimensity 7400, Octa Core, 2.6 GHz Processor",Memory Card Not Supported,Android v14,Realme,8.0,256.0,6000.0,80.0,6.72,120.0,50.0,16.0,Dimensity,Mid-Range,38.14
Samsung Galaxy M35 5G (8Gb Ram + 256Gb),21499,84,"Dual Sim, 3G, 4G, 5G, VoLTE, Wi-Fi, NFC",6000 mAh Battery with 25W Fast Charging,"8 GB RAM, 256 GB inbuilt","6.6 inches, 1080 x 2340 px, 120 Hz Display with Punch Hole",50 MP + 8 MP + 2 MP Triple Rear & 13 MP Front Camera,"Exynos 1380, Octa Core, 2.4 GHz Processor","Memory Card (Hybrid), upto 1 TB",Android v14,Samsung,8.0,256.0,6000.0,25.0,6.6,120.0,50.0,13.0,Exynos,Mid-Range,39.07
Vivo T3 Pro 5G,21235,82,"Dual Sim, 3G, 4G, 5G, VoLTE, Wi-Fi",5500 mAh Battery with 80W Fast Charging,"8 GB RAM, 128 GB inbuilt","6.77 inches, 1080 x 2392 px, 120 Hz Display with Punch Hole",50 MP + 8 MP Dual Rear & 16 MP Front Camera,"Snapdragon 7 Gen3, Octa Core, 2.63 GHz Processor",Memory Card Not Supported,Android v14,Vivo,8.0,128.0,5500.0,80.0,6.77,120.0,50.0,16.0,Snapdragon,Mid-Range,38.62
Poco X7 5G (8Gb Ram + 256Gb),20999,84,"Dual Sim, 3G, 4G, 5G, VoLTE, Vo5G, Wi-Fi, NFC, IR Blaster",5500 mAh Battery with 45W Fast Charging,"8 GB RAM, 256 GB inbuilt","6.67 inches, 1220 x 2712 px, 120 Hz Display with Punch Hole",50 MP + 8 MP + 2 MP Triple Rear & 20 MP Front Camera,"Dimensity 7300 Ultra, Octa Core, 2.5 GHz Processor",Memory Card Not Supported,Android v15,Poco,8.0,256.0,5500.0,45.0,6.67,120.0,50.0,20.0,Dimensity,Mid-Range,40.0
Poco X6 5G,20999,81,"Dual Sim, 3G, 4G, 5G, VoLTE, Wi-Fi, IR Blaster",5100 mAh Battery with 67W Fast Charging,"8 GB RAM, 256 GB inbuilt","6.67 inches, 1220 x 2712 px, 120 Hz Display with Punch Hole",64 MP + 8 MP + 2 MP Triple Rear & 16 MP Front Camera,"Snapdragon 7s Gen 2, Octa Core, 2.4 GHz Processor",Memory Card Not Supported,Android v13,Poco,8.0,256.0,5100.0,67.0,6.67,120.0,64.0,16.0,Snapdragon,Mid-Range,38.57
Vivo Y200 Pro 5G,20999,79,"Dual Sim, 3G, 4G, 5G, VoLTE, Wi-Fi",5000 mAh Battery with 44W Fast Charging,"8 GB RAM, 128 GB inbuilt","6.78 inches, 2400 x 1080 px, 120 Hz Display with Punch Hole",64 MP + 2 MP Dual Rear & 16 MP Front Camera,"Snapdragon 695, Octa Core, 2.2 GHz Processor",Memory Card Not Supported,Android v14,Vivo,8.0,128.0,5000.0,44.0,6.78,120.0,64.0,16.0,Snapdragon,Mid-Range,37.62
Vivo Y27 5G,20999,76,"Dual Sim, 3G, 4G, 5G, VoLTE, Wi-Fi, NFC",5000 mAh Battery with 15W Fast Charging,"4 GB RAM, 128 GB inbuilt","6.64 inches, 1080 x 2388 px, 90 Hz Display with Punch Hole",50 MP + 2 MP Dual Rear & 8 MP Front Camera,"Dimensity 6020, Octa Core, 2.2 GHz Processor","Memory Card Supported, upto 1 TB",Android v13,Vivo,4.0,128.0,5000.0,15.0,6.64,90.0,50.0,8.0,Dimensity,Mid-Range,36.19
Xiaomi Redmi Note 14 (8Gb Ram + 256Gb),20998,88,"Dual Sim, 3G, 4G, 5G, VoLTE, Wi-Fi, NFC, IR Blaster",5110 mAh Battery with 45W Fast Charging,"8 GB RAM, 256 GB inbuilt","6.67 inches, 1080 x 2400 px, 120 Hz Display with Punch Hole",50 MP + 8 MP + 2 MP Triple Rear & 20 MP Front Camera,"Dimensity 7025 Ultra, Octa Core, 2.5 GHz Processor","Memory Card (Hybrid), upto 1 TB",Android v14,Xiaomi,8.0,256.0,5110.0,45.0,6.67,120.0,50.0,20.0,Dimensity,Mid-Range,41.91
Oneplus Nord Ce 4 Lite 5G (8Gb Ram + 256Gb),20998,84,"Dual Sim, 3G, 4G, 5G, VoLTE, Wi-Fi",5500 mAh Battery with 80W Fast Charging,"8 GB RAM, 256 GB inbuilt","6.67 inches, 1080 x 2400 px, 120 Hz Display with Punch Hole",50 MP + 2 MP Dual Rear & 16 MP Front Camera,"Snapdragon 695, Octa Core, 2.2 GHz Processor","Memory Card (Hybrid), upto 2 TB",Android v14,Oneplus,8.0,256.0,5500.0,80.0,6.67,120.0,50.0,16.0,Snapdragon,Mid-Range,40.0
Realme P3 5G (8Gb Ram + 256Gb),20990,83,"Dual Sim, 3G, 4G, 5G, VoLTE, Wi-Fi, NFC",6000 mAh Battery with 45W Fast Charging,"8 GB RAM, 256 GB inbuilt","6.67 inches, 1080 x 2400 px, 120 Hz Display with Punch Hole",50 MP + 2 MP Dual Rear & 16 MP Front Camera,"Snapdragon 6 Gen4, Octa Core, 2.3 GHz Processor",Memory Card Not Supported,Android v15,Realme,8.0,256.0,6000.0,45.0,6.67,120.0,50.0,16.0,Snapdragon,Mid-Range,39.54
Tecno Pova 7 5G,20990,82,"Dual Sim, 3G, 4G, 5G, VoLTE, Wi-Fi",6000 mAh Battery with 80W Fast Charging,"8 GB RAM, 256 GB inbuilt","6.82 inches, 1080 x 2400 px, 144 Hz Display with Water Drop Notch",108 MP Dual Rear & 32 MP Front Camera,"Dimensity 7300, Octa Core, 2.5 GHz Processor","Memory Card Supported, upto 1 TB",Android v14,Tecno,8.0,256.0,6000.0,80.0,6.82,144.0,108.0,32.0,Dimensity,Mid-Range,39.07
Oppo F27 Pro 5G,20990,81,"Dual Sim, 3G, 4G, 5G, VoLTE, Wi-Fi",5000 mAh Battery with 67W Fast Charging,"8 GB RAM, 128 GB inbuilt","6.72 inches, 1080 x 2412 px, 120 Hz Display with Punch Hole",50 MP + 13 MP + 2 MP Triple Rear & 8 MP Front Camera,"Dimensity 7020, Octa Core, 2.2 GHz Processor","Memory Card (Hybrid), upto 2 TB",Android v14,Oppo,8.0,128.0,5000.0,67.0,6.72,120.0,50.0,8.0,Dimensity,Mid-Range,38.59
Realme 14 Pro Lite 5G,20876,82,"Dual Sim, 3G, 4G, 5G, VoLTE, Wi-Fi",5200 mAh Battery with 45W Fast Charging,"8 GB RAM, 128 GB inbuilt","6.7 inches, 1080 x 2412 px, 120 Hz Display with Punch Hole",50 MP + 8 MP + 2 MP Triple Rear & 32 MP Front Camera,"Snapdragon 7s Gen 2, Octa Core, 2.4 GHz Processor",Memory Card Not Supported,Android v14,Realme,8.0,128.0,5200.0,45.0,6.7,120.0,50.0,32.0,Snapdragon,Mid-Range,39.28
Realme 13 Plus 5G (12Gb Ram + 256Gb),20832,86,"Dual Sim, 3G, 4G, 5G, VoLTE, Wi-Fi, NFC",5000 mAh Battery with 80W Fast Charging,"12 GB RAM, 256 GB inbuilt","6.67 inches, 1080 x 2400 px, 120 Hz Display with Punch Hole",50 MP + 2 MP Dual Rear & 16 MP Front Camera,"Dimensity 7300 E, Octa Core, 2.5 GHz Processor","Memory Card (Hybrid), upto 2 TB",Android v14,Realme,12.0,256.0,5000.0,80.0,6.67,120.0,50.0,16.0,Dimensity,Mid-Range,41.28
Oppo F27 5G,20776,83,"Dual Sim, 3G, 4G, 5G, VoLTE, Wi-Fi",5000 mAh Battery with 45W Fast Charging,"8 GB RAM, 128 GB inbuilt","6.67 inches, 1080 x 2412 px, 120 Hz Display with Punch Hole",50 MP + 2 MP Dual Rear & 32 MP Front Camera,"Dimensity 6300, Octa Core, 2.4 GHz Processor","Memory Card (Hybrid), upto 2 TB",Android v14,Oppo,8.0,128.0,5000.0,45.0,6.67,120.0,50.0,32.0,Dimensity,Mid-Range,39.95
Poco X7 5G,20499,84,"Dual Sim, 3G, 4G, 5G, VoLTE, Vo5G, Wi-Fi, NFC, IR Blaster",5500 mAh Battery with 45W Fast Charging,"8 GB RAM, 128 GB inbuilt","6.67 inches, 1220 x 2712 px, 120 Hz Display with Punch Hole",50 MP + 8 MP + 2 MP Triple Rear & 20 MP Front Camera,"Dimensity 7300 Ultra, Octa Core, 2.5 GHz Processor",Memory Card Not Supported,Android v13,Poco,8.0,128.0,5500.0,45.0,6.67,120.0,50.0,20.0,Dimensity,Mid-Range,40.98
Vivo T3 5G (8Gb Ram + 256Gb),20499,83,"Dual Sim, 3G, 4G, 5G, VoLTE, Wi-Fi",5000 mAh Battery with 44W Fast Charging,"8 GB RAM, 256 GB inbuilt","6.67 inches, 1080 x 2400 px, 120 Hz Display with Punch Hole",50 MP + 2 MP Triple Rear & 16 MP Front Camera,"Dimensity 7200, Octa Core, 2.8 GHz Processor","Memory Card (Hybrid), upto 1 TB",Android v14,Vivo,8.0,256.0,5000.0,44.0,6.67,120.0,50.0,16.0,Dimensity,Mid-Range,40.49
Nothing Phone 2A (8Gb Ram + 256Gb),20300,86,"Dual Sim, 3G, 4G, 5G, VoLTE, Wi-Fi, NFC",5000 mAh Battery with 45W Fast Charging,"8 GB RAM, 256 GB inbuilt","6.7 inches, 1084 x 2412 px, 120 Hz Display with Punch Hole",50 MP + 50 MP Dual Rear & 32 MP Front Camera,"Dimensity 7200 Pro, Octa Core, 2.8 GHz Processor",Memory Card Not Supported,Android v13,Nothing,8.0,256.0,5000.0,45.0,6.7,120.0,50.0,32.0,Dimensity,Mid-Range,42.36
Realme P2 Pro (12Gb Ram + 256Gb),20011,84,"Dual Sim, 3G, 4G, 5G, VoLTE, Wi-Fi",5200 mAh Battery with 80W Fast Charging,"12 GB RAM, 256 GB inbuilt","6.7 inches, 1080 x 2412 px, 120 Hz Display with Punch Hole",50 MP + 8 MP Dual Rear & 32 MP Front Camera,"Snapdragon 7s Gen 2, Octa Core, 2.4 GHz Processor",Memory Card Not Supported,Android v14,Realme,12.0,256.0,5200.0,80.0,6.7,120.0,50.0,32.0,Snapdragon,Mid-Range,41.98
Realme Narzo 80 Pro 5G,19999,82,"Dual Sim, 3G, 4G, 5G, VoLTE, Wi-Fi",6000 mAh Battery with 80W Fast Charging,"8 GB RAM, 128 GB inbuilt","6.72 inches, 1080 x 2392 px, 120 Hz Display with Punch Hole",50 MP + 2 MP Dual Rear & 16 MP Front Camera,"Dimensity 7400, Octa Core, 2.6 GHz Processor",Memory Card Supported,Android v14,Realme,8.0,128.0,6000.0,80.0,6.72,120.0,50.0,16.0,Dimensity,Mid-Range,41.0
Cmf Phone (2),19999,75,"Dual Sim, 3G, 4G, 5G, VoLTE, Wi-Fi",5000 mAh Battery with 33W Fast Charging,"6 GB RAM, 128 GB inbuilt","6.3 inches, 1080 x 2400 px, 120 Hz Display with Punch Hole",50 MP + 50 MP Dual Rear & 32 MP Front Camera,"Dimensity 7400, Octa Core Processor","Memory Card (Hybrid), upto 1.02 TB",Android v15,Cmf,6.0,128.0,5000.0,33.0,6.3,120.0,50.0,32.0,Dimensity,Mid-Range,37.5
Iqoo Z9S 5G,19999,83,"Dual Sim, 3G, 4G, 5G, VoLTE, Wi-Fi",5500 mAh Battery with 44W Fast Charging,"8 GB RAM, 128 GB inbuilt","6.77 inches, 1080 x 2392 px, 120 Hz Display with Punch Hole",50 MP + 2 MP Dual Rear & 16 MP Front Camera,"Dimensity 7300, Octa Core, 2.5 GHz Processor",Memory Card Supported,Android v15,Iqoo,8.0,128.0,5500.0,44.0,6.77,120.0,50.0,16.0,Dimensity,Mid-Range,41.5
Poco X6 Pro 5G,19999,84,"Dual Sim, 3G, 4G, 5G, VoLTE, Wi-Fi, NFC, IR Blaster",5000 mAh Battery with 67W Fast Charging,"8 GB RAM, 256 GB inbuilt","6.67 inches, 1220 x 2712 px, 120 Hz Display with Punch Hole",64 MP + 8 MP + 2 MP Triple Rear & 16 MP Front Camera,"Dimensity 8300 Ultra, Octa Core, 3.35 GHz Processor",Memory Card Supported,iOS v18,Poco,8.0,256.0,5000.0,67.0,6.67,120.0,64.0,16.0,Dimensity,Mid-Range,42.0
Realme P2 Pro (12Gb Ram + 256Gb),19999,84,"Dual Sim, 3G, 4G, 5G, VoLTE, Wi-Fi",5200 mAh Battery with 80W Fast Charging,"12 GB RAM, 256 GB inbuilt","6.7 inches, 1080 x 2412 px, 120 Hz Display with Punch Hole",50 MP + 8 MP Dual Rear & 32 MP Front Camera,"Snapdragon 7s Gen 2, Octa Core, 2.4 GHz Processor",Memory Card Supported,Android v14,Realme,12.0,256.0,5200.0,80.0,6.7,120.0,50.0,32.0,Snapdragon,Mid-Range,42.0
Samsung Galaxy A16 5G (8Gb Ram + 256Gb),19999,83,"Dual Sim, 3G, 4G, 5G, VoLTE, Wi-Fi, NFC",5000 mAh Battery with 25W Fast Charging,"8 GB RAM, 256 GB inbuilt","6.7 inches, 1080 x 2340 px, 90 Hz Display with Water Drop Notch",50 MP + 5 MP + 2 MP Triple Rear & 13 MP Front Camera,"Dimensity 6300, Octa Core, 2.4 GHz Processor","Memory Card (Hybrid), upto 1.5 TB",Android v14,Samsung,8.0,256.0,5000.0,25.0,6.7,90.0,50.0,13.0,Dimensity,Mid-Range,41.5
Oppo Reno8 5G,19999,83,"Dual Sim, 3G, 4G, 5G, VoLTE, Wi-Fi, NFC",4500 mAh Battery with 80W Fast Charging,"8 GB RAM, 128 GB inbuilt","6.43 inches, 1080 x 2400 px, 90 Hz Display with Punch Hole",50 MP + 8 MP + 2 MP Triple Rear & 32 MP Front Camera,"Dimensity 1300, Octa Core, 3 GHz Processor",Memory Card Supported,Android v9.0 (Pie),Oppo,8.0,128.0,4500.0,80.0,6.43,90.0,50.0,32.0,Dimensity,Mid-Range,41.5
Vivo Y59 5G,19999,82,"Dual Sim, 3G, 4G, 5G, VoLTE, Wi-Fi",6000 mAh Battery with 44W Fast Charging,"8 GB RAM, 128 GB inbuilt","6.78 inches, 1080 x 2408 px, 120 Hz Display with Punch Hole",50 MP + 8 MP + 2 MP Triple Rear & 8 MP Front Camera,"Snapdragon 6 Gen1, Octa Core, 2.2 GHz Processor","Memory Card (Hybrid), upto 1 TB",Android v15,Vivo,8.0,128.0,6000.0,44.0,6.78,120.0,50.0,8.0,Snapdragon,Mid-Range,41.0
Xiaomi Redmi Note 13 5G (12Gb Ram + 256Gb),19999,85,"Dual Sim, 3G, 4G, 5G, VoLTE, Vo5G, Wi-Fi, IR Blaster",5000 mAh Battery with 33W Fast Charging,"12 GB RAM, 256 GB inbuilt","6.67 inches, 1080 x 2400 px, 120 Hz Display with Punch Hole",108 MP + 8 MP + 2 MP Triple Rear & 16 MP Front Camera,"Dimensity 6080, Octa Core, 2.4 GHz Processor","Memory Card Supported, upto 1 TB",Android v13,Xiaomi,12.0,256.0,5000.0,33.0,6.67,120.0,108.0,16.0,Dimensity,Mid-Range,42.5
Oneplus Nord Ce 2 Lite 5G,19999,81,"Dual Sim, 3G, 4G, 5G, VoLTE, Wi-Fi",5000 mAh Battery with 33W Fast Charging,"6 GB RAM, 128 GB inbuilt","6.59 inches, 1080 x 2412 px, 120 Hz Display with Punch Hole",64 MP + 2 MP + 2 MP Triple Rear & 16 MP Front Camera,"Snapdragon 695, Octa Core, 2.2 GHz Processor","Memory Card (Hybrid), upto 1 TB",Android v12,Oneplus,6.0,128.0,5000.0,33.0,6.59,120.0,64.0,16.0,Snapdragon,Mid-Range,40.5
Tecno Pova 6 Pro,19999,87,"Dual Sim, 3G, 4G, 5G, VoLTE, Vo5G, Wi-Fi, NFC, IR Blaster",6000 mAh Battery with 70W Fast Charging,"8 GB RAM, 256 GB inbuilt","6.78 inches, 1080 x 2436 px, 120 Hz Display with Punch Hole",108 MP + 2 MP + 0.08 MP Triple Rear & 32 MP Front Camera,"Dimensity 6080, Octa Core, 2.4 GHz Processor","Memory Card Supported, upto 1 TB",Android v14,Tecno,8.0,256.0,6000.0,70.0,6.78,120.0,108.0,32.0,Dimensity,Mid-Range,43.5
Oppo A5 (2025),19999,79,"Dual Sim, 3G, 4G, 5G, VoLTE, Wi-Fi",6500 mAh Battery with 45W Fast Charging,"6 GB RAM, 128 GB inbuilt","6.7 inches, 1080 x 2412 px, 120 Hz Display with Punch Hole",50 MP + 2 MP Dual Rear & 8 MP Front Camera,"Snapdragon 6 Gen1, Octa Core, 2.2 GHz Processor","Memory Card (Hybrid), upto 2 TB",Android v15,Oppo,6.0,128.0,6500.0,45.0,6.7,120.0,50.0,8.0,Snapdragon,Mid-Range,39.5
Motorola Moto Edge 40 Lite 5G,19999,83,"Dual Sim, 3G, 4G, 5G, VoLTE, Wi-Fi",4020 mAh Battery with 33W Fast Charging,"8 GB RAM, 128 GB inbuilt","6.28 inches, 1080 x 2408 px, 120 Hz Display with Punch Hole",64 MP + 13 MP Dual Rear & 32 MP Front Camera,"Snapdragon 695, Octa Core, 2.2 GHz Processor","Memory Card (Hybrid), upto 1 TB",Android v12,Motorola,8.0,128.0,4020.0,33.0,6.28,120.0,64.0,32.0,Snapdragon,Mid-Range,41.5
Oppo K13 (8Gb Ram + 256Gb),19999,81,"Dual Sim, 3G, 4G, 5G, VoLTE, Wi-Fi, IR Blaster",7000 mAh Battery with 80W Fast Charging,"8 GB RAM, 256 GB inbuilt","6.67 inches, 1080 x 2400 px, 120 Hz Display with Punch Hole",50 MP + 2 MP Dual Rear & 16 MP Front Camera,"Snapdragon 6 Gen4, Octa Core, 2.3 GHz Processor",Memory Card Supported,Android v16,Oppo,8.0,256.0,7000.0,80.0,6.67,120.0,50.0,16.0,Snapdragon,Mid-Range,40.5
Vivo Y40,19999,71,"Dual Sim, 3G, 4G, 5G, VoLTE, Wi-Fi",7300 mAh Battery with 44W Fast Charging,"8 GB RAM, 128 GB inbuilt","6.68 inches, 720 x 1608 px, 120 Hz Display with Punch Hole",50 MP + 2 MP Dual Rear & 32 MP Front Camera,Octa Core Processor,Memory Card Not Supported,Android v16,Vivo,8.0,128.0,7300.0,44.0,6.68,120.0,50.0,32.0,Octa,Mid-Range,35.5
Realme P1 Pro 5G (8Gb Ram + 256Gb),19999,81,"Dual Sim, 3G, 4G, 5G, VoLTE, Wi-Fi",5000 mAh Battery with 45W Fast Charging,"8 GB RAM, 256 GB inbuilt","6.7 inches, 1080 x 2400 px, 120 Hz Display with Punch Hole",50 MP + 8 MP Dual Rear & 16 MP Front Camera,"Snapdragon 6 Gen1, Octa Core, 2.2 GHz Processor",Memory Card Supported,Android v14,Realme,8.0,256.0,5000.0,45.0,6.7,120.0,50.0,16.0,Snapdragon,Mid-Range,40.5
Honor X9B,19998,84,"Dual Sim, 3G, 4G, 5G, VoLTE, Wi-Fi, NFC, IR Blaster",5800 mAh Battery with 35W Fast Charging,"8 GB RAM, 256 GB inbuilt","6.78 inches, 1220 x 2652 px, 120 Hz Display with Punch Hole",108 MP + 5 MP + 2 MP Triple Rear & 16 MP Front Camera,"Snapdragon 6 Gen1, Octa Core, 2.2 GHz Processor",Memory Card Supported,Android v14,Honor,8.0,256.0,5800.0,35.0,6.78,120.0,108.0,16.0,Snapdragon,Mid-Range,42.0
Samsung Galaxy A25 5G (8Gb Ram + 256Gb),19994,85,"Dual Sim, 3G, 4G, 5G, VoLTE, Wi-Fi, NFC",5000 mAh Battery with 25W Fast Charging,"8 GB RAM, 256 GB inbuilt","6.5 inches, 1080 x 2340 px, 120 Hz Display with Water Drop Notch",50 MP + 8 MP + 2 MP Triple Rear & 13 MP Front Camera,"Exynos 1280, Octa Core, 2.4 GHz Processor","Memory Card (Hybrid), upto 1 TB",Android v14,Samsung,8.0,256.0,5000.0,25.0,6.5,120.0,50.0,13.0,Exynos,Mid-Range,42.51
Samsung Galaxy M36 5G,19990,76,"Dual Sim, 3G, 4G, 5G, VoLTE, Wi-Fi, NFC",6500 mAh Battery with 25W Fast Charging,"8 GB RAM, 128 GB inbuilt","6.74 inches, 1080 x 2340 px, 120 Hz Display with Punch Hole",50 MP + 12 MP + 5 MP Triple Rear & 16 MP Front Camera,Octa Core Processor,"Memory Card (Hybrid), upto 1 TB",Android v15,Samsung,8.0,128.0,6500.0,25.0,6.74,120.0,50.0,16.0,Octa,Mid-Range,38.02
Realme 15 5G,19990,75,"Dual Sim, 3G, 4G, 5G, VoLTE, Wi-Fi",5500 mAh Battery with 100W Fast Charging,"8 GB RAM, 256 GB inbuilt","6.74 inches, 1080 x 2400 px, 120 Hz Display with Punch Hole",50 MP + 13 MP + 2 MP Triple Rear & 50 MP Front Camera,Octa Core Processor,"Memory Card Supported, upto 1 TB",Android v15,Realme,8.0,256.0,5500.0,100.0,6.74,120.0,50.0,50.0,Octa,Mid-Range,37.52
Realme Gt Neo 6 Se,19990,84,"Dual Sim, 3G, 4G, 5G, VoLTE, Vo5G, Wi-Fi, NFC, IR Blaster",5500 mAh Battery with 100W Fast Charging,"8 GB RAM, 256 GB inbuilt","6.78 inches, 1264 x 2780 px, 120 Hz Display with Punch Hole",50 MP + 8 MP Dual Rear & 32 MP Front Camera,"Snapdragon 7+ Gen3, Octa Core, 2.8 GHz Processor",Memory Card Supported,Android v14,Realme,8.0,256.0,5500.0,100.0,6.78,120.0,50.0,32.0,Snapdragon,Mid-Range,42.02
Vivo Y38 5G,19990,79,"Dual Sim, 3G, 4G, 5G, VoLTE, Wi-Fi, NFC",6000 mAh Battery with 44W Fast Charging,"8 GB RAM, 256 GB inbuilt","6.68 inches, 720 x 1612 px, 120 Hz Display with Punch Hole",50 MP + 2 MP Dual Rear & 8 MP Front Camera,"Snapdragon 4 Gen2, Octa Core, 2.2 GHz Processor","Memory Card Supported, upto 1 TB",Android v14,Vivo,8.0,256.0,6000.0,44.0,6.68,120.0,50.0,8.0,Snapdragon,Mid-Range,39.52
Honor X7B 5G,19990,83,"Dual Sim, 3G, 4G, 5G, VoLTE, Wi-Fi, IR Blaster",6000 mAh Battery with 35W Fast Charging,"8 GB RAM, 256 GB inbuilt","6.8 inches, 1080 x 2412 px, 90 Hz Display with Punch Hole",108 MP + 2 MP + 2 MP Triple Rear & 8 MP Front Camera,"Dimensity 6020, Octa Core, 2.2 GHz Processor",Memory Card Supported,Android v13,Honor,8.0,256.0,6000.0,35.0,6.8,90.0,108.0,8.0,Dimensity,Mid-Range,41.52
Vivo T2 5G (8Gb Ram + 128Gb),19990,82,"Dual Sim, 3G, 4G, 5G, VoLTE, Wi-Fi",4500 mAh Battery with 44W Fast Charging,"8 GB RAM, 128 GB inbuilt","6.38 inches, 1080 x 2400 px, 90 Hz Display with Water Drop Notch",64 MP + 2 MP Dual Rear & 16 MP Front Camera,"Snapdragon 695, Octa Core, 2.2 GHz Processor","Memory Card (Hybrid), upto 1 TB",Android v13,Vivo,8.0,128.0,4500.0,44.0,6.38,90.0,64.0,16.0,Snapdragon,Mid-Range,41.02
Realme 10 Pro Plus (8Gb Ram + 128Gb),19990,84,"Dual Sim, 3G, 4G, 5G, VoLTE, Wi-Fi",5000 mAh Battery with 67W Fast Charging,"8 GB RAM, 128 GB inbuilt","6.7 inches, 1080 x 2412 px, 120 Hz Display with Punch Hole",108 MP + 8 MP + 2 MP Triple Rear & 16 MP Front Camera,"Dimensity 1080, Octa Core, 2.6 GHz Processor",Memory Card Not Supported,Android v13,Realme,8.0,128.0,5000.0,67.0,6.7,120.0,108.0,16.0,Dimensity,Mid-Range,42.02
Realme 11 5G (8Gb Ram + 256Gb),19949,83,"Dual Sim, 3G, 4G, 5G, VoLTE, Wi-Fi",5000 mAh Battery with 67W Fast Charging,"8 GB RAM, 256 GB inbuilt","6.72 inches, 1080 x 2400 px, 120 Hz Display with Punch Hole",108 MP + 2 MP Dual Rear & 16 MP Front Camera,"Dimensity 6100 Plus, Octa Core, 2.2 GHz Processor","Memory Card Supported, upto 1 TB",Android v13,Realme,8.0,256.0,5000.0,67.0,6.72,120.0,108.0,16.0,Dimensity,Mid-Range,41.61
Xiaomi Redmi Note 12 Pro Plus,19932,86,"Dual Sim, 3G, 4G, 5G, VoLTE, Wi-Fi, IR Blaster",4980 mAh Battery with 120W Fast Charging,"8 GB RAM, 256 GB inbuilt","6.67 inches, 1080 x 2400 px, 120 Hz Display with Punch Hole",200 MP + 8 MP + 2 MP Triple Rear & 16 MP Front Camera,"Dimensity 1080, Octa Core, 2.6 GHz Processor",Memory Card Not Supported,Android v12,Xiaomi,8.0,256.0,4980.0,120.0,6.67,120.0,200.0,16.0,Dimensity,Mid-Range,43.15
Xiaomi Redmi Note 13 Pro 5G (8Gb Ram + 256Gb),19833,84,"Dual Sim, 3G, 4G, 5G, VoLTE, Wi-Fi, IR Blaster",5100 mAh Battery with 67W Fast Charging,"8 GB RAM, 256 GB inbuilt","6.67 inches, 1220 x 2712 px, 120 Hz Display with Punch Hole",200 MP + 8 MP + 2 MP Triple Rear & 16 MP Front Camera,"Snapdragon 7s Gen 2, Octa Core, 2.4 GHz Processor",Memory Card Supported,Android v15,Xiaomi,8.0,256.0,5100.0,67.0,6.67,120.0,200.0,16.0,Snapdragon,Mid-Range,42.35
Realme 12 Plus 5G (8Gb Ram + 256Gb),19800,84,"Dual Sim, 3G, 4G, 5G, VoLTE, Wi-Fi",5000 mAh Battery with 67W Fast Charging,"8 GB RAM, 256 GB inbuilt","6.67 inches, 1080 x 2400 px, 120 Hz Display with Punch Hole",50 MP + 8 MP + 2 MP Triple Rear & 16 MP Front Camera,"Dimensity 7050, Octa Core, 2.6 GHz Processor","Memory Card (Hybrid), upto 2 TB",Android v14,Realme,8.0,256.0,5000.0,67.0,6.67,120.0,50.0,16.0,Dimensity,Mid-Range,42.42
Samsung Galaxy M55S,19799,85,"Dual Sim, 3G, 4G, 5G, VoLTE, Wi-Fi, NFC",5000 mAh Battery with 45W Fast Charging,"8 GB RAM, 128 GB inbuilt","6.7 inches, 1080 x 2400 px, 120 Hz Display with Punch Hole",50 MP + 8 MP + 2 MP Triple Rear & 50 MP Front Camera,"Snapdragon 7 Gen1, Octa Core, 2.4 GHz Processor","Memory Card (Hybrid), upto 1 TB",Android v14,Samsung,8.0,128.0,5000.0,45.0,6.7,120.0,50.0,50.0,Snapdragon,Mid-Range,42.93
Motorola Edge 50 Fusion,19499,85,"Dual Sim, 3G, 4G, 5G, VoLTE, Vo5G, Wi-Fi, NFC",5000 mAh Battery with 68W Fast Charging,"8 GB RAM, 128 GB inbuilt","6.67 inches, 1080 x 2400 px, 144 Hz Display with Punch Hole",50 MP + 13 MP Dual Rear & 32 MP Front Camera,"Snapdragon 7s Gen2, Octa Core, 2.4 GHz Processor",Memory Card Not Supported,Android v14,Motorola,8.0,128.0,5000.0,68.0,6.67,144.0,50.0,32.0,Snapdragon,Mid-Range,43.59
Realme 12 Plus 5G,19499,83,"Dual Sim, 3G, 4G, 5G, VoLTE, Wi-Fi",5000 mAh Battery with 67W Fast Charging,"8 GB RAM, 128 GB inbuilt","6.67 inches, 1080 x 2400 px, 120 Hz Display with Punch Hole",50 MP + 8 MP + 2 MP Triple Rear & 16 MP Front Camera,"Dimensity 7050, Octa Core, 2.6 GHz Processor","Memory Card (Hybrid), upto 2 TB",Android v14,Realme,8.0,128.0,5000.0,67.0,6.67,120.0,50.0,16.0,Dimensity,Mid-Range,42.57
Motorola Moto G85 5G (12Gb Ram + 256Gb),19480,84,"Dual Sim, 3G, 4G, 5G, VoLTE, Wi-Fi",5000 mAh Battery with 33W Fast Charging,"12 GB RAM, 256 GB inbuilt","6.67 inches, 1080 x 2400 px, 120 Hz Display with Punch Hole",50 MP + 8 MP Dual Rear & 32 MP Front Camera,"Snapdragon 6s Gen3, Octa Core, 2.3 GHz Processor","Memory Card (Hybrid), upto 1 TB",Android v14,Motorola,12.0,256.0,5000.0,33.0,6.67,120.0,50.0,32.0,Snapdragon,Mid-Range,43.12
Realme 13 Pro 5G,19298,82,"Dual Sim, 3G, 4G, 5G, VoLTE, Wi-Fi",5200 mAh Battery with 45W Fast Charging,"8 GB RAM, 128 GB inbuilt","6.7 inches, 1080 x 2412 px, 120 Hz Display with Punch Hole",50 MP + 8 MP + 2 MP Triple Rear & 32 MP Front Camera,"Snapdragon 7s Gen2, Octa Core, 2.4 GHz Processor",Memory Card Supported,Android v14,Realme,8.0,128.0,5200.0,45.0,6.7,120.0,50.0,32.0,Snapdragon,Mid-Range,42.49
Samsung Galaxy F55 5G (8Gb Ram + 256Gb),19220,87,"Dual Sim, 3G, 4G, 5G, VoLTE, Wi-Fi, NFC",5000 mAh Battery with 45W Fast Charging,"8 GB RAM, 256 GB inbuilt","6.7 inches, 1080 x 2400 px, 120 Hz Display with Punch Hole",50 MP + 8 MP + 2 MP Triple Rear & 50 MP Front Camera,"Snapdragon 7 Gen1, Octa Core, 2.4 GHz Processor","Memory Card (Hybrid), upto 1 TB",Android v14,Samsung,8.0,256.0,5000.0,45.0,6.7,120.0,50.0,50.0,Snapdragon,Mid-Range,45.27
Vivo Y39 5G (8Gb Ram + 256Gb),18999,76,"Dual Sim, 3G, 4G, 5G, VoLTE, Wi-Fi",6500 mAh Battery with 44W Fast Charging,"8 GB RAM, 256 GB inbuilt","6.68 inches, 720 x 1608 px, 120 Hz Display with Punch Hole",50 MP + 2 MP Dual Rear & 8 MP Front Camera,"Snapdragon 4 Gen2, Octa Core, 2.2 GHz Processor",Memory Card Not Supported,Android v15,Vivo,8.0,256.0,6500.0,44.0,6.68,120.0,50.0,8.0,Snapdragon,Mid-Range,40.0
Infinix Note 40 Pro Racing Edition,18999,86,"Dual Sim, 3G, 4G, 5G, VoLTE, Wi-Fi, NFC, IR Blaster",5000 mAh Battery with 45W Fast Charging,"8 GB RAM, 256 GB inbuilt","6.78 inches, 1080 x 2436 px, 120 Hz Display with Punch Hole",108 MP + 2 MP + 2 MP Triple Rear & 32 MP Front Camera,"Dimensity 7020, Octa Core, 2.2 GHz Processor",Memory Card Supported,Android v14,Infinix,8.0,256.0,5000.0,45.0,6.78,120.0,108.0,32.0,Dimensity,Mid-Range,45.27
Realme P1 5G (8Gb Ram+ 256Gb),18999,83,"Dual Sim, 3G, 4G, 5G, VoLTE, Wi-Fi",5000 mAh Battery with 45W Fast Charging,"8 GB RAM, 256 GB inbuilt","6.67 inches, 1080 x 2400 px, 120 Hz Display with Punch Hole",50 MP + 2 MP Dual Rear & 16 MP Front Camera,"Dimensity 7050, Octa Core, 2.6 GHz Processor","Memory Card (Hybrid), upto 2 TB",Android v14,Realme,8.0,256.0,5000.0,45.0,6.67,120.0,50.0,16.0,Dimensity,Mid-Range,43.69
Oppo A3 Pro 5G (8Gb Ram + 256Gb),18999,78,"Dual Sim, 3G, 4G, 5G, VoLTE, Wi-Fi",5100 mAh Battery with 45W Fast Charging,"8 GB RAM, 256 GB inbuilt","6.67 inches, 720 x 1604 px, 120 Hz Display with Punch Hole",50 MP + 2 MP Dual Rear & 8 MP Front Camera,"Dimensity 6300, Octa Core, 2.4 GHz Processor",Memory Card Supported,Android v14,Oppo,8.0,256.0,5100.0,45.0,6.67,120.0,50.0,8.0,Dimensity,Mid-Range,41.05
Vivo Y200E 5G,18999,79,"Dual Sim, 3G, 4G, 5G, VoLTE, Wi-Fi",5000 mAh Battery with 44W Fast Charging,"6 GB RAM, 128 GB inbuilt","6.67 inches, 1080 x 2400 px, 120 Hz Display with Punch Hole",50 MP + 2 MP Dual Rear & 16 MP Front Camera,"Snapdragon 4 Gen2, Octa Core, 2.2 GHz Processor","Memory Card (Hybrid), upto 1 TB",Android v14,Vivo,6.0,128.0,5000.0,44.0,6.67,120.0,50.0,16.0,Snapdragon,Mid-Range,41.58
Realme Narzo 70 Turbo 5G (12Gb Ram + 256Gb),18999,85,"Dual Sim, 3G, 4G, 5G, VoLTE, Wi-Fi",5000 mAh Battery with 45W Fast Charging,"12 GB RAM, 256 GB inbuilt","6.67 inches, 1080 x 2400 px, 120 Hz Display with Punch Hole",50 MP + 2 MP Dual Rear & 16 MP Front Camera,"Dimensity 7300 Energy, Octa Core, 2.5 GHz Processor","Memory Card (Hybrid), upto 1 TB",Android v14,Realme,12.0,256.0,5000.0,45.0,6.67,120.0,50.0,16.0,Dimensity,Mid-Range,44.74
Realme Narzo 70 Pro 5G (8Gb Ram + 256Gb),18999,84,"Dual Sim, 3G, 4G, 5G, VoLTE, Wi-Fi",5000 mAh Battery with 67W Fast Charging,"8 GB RAM, 256 GB inbuilt","6.67 inches, 1080 x 2400 px, 120 Hz Display with Punch Hole",50 MP + 8 MP + 2 MP Triple Rear & 16 MP Front Camera,"Dimensity 7050, Octa Core, 2.6 GHz Processor","Memory Card (Hybrid), upto 2 TB",Android v14,Realme,8.0,256.0,5000.0,67.0,6.67,120.0,50.0,16.0,Dimensity,Mid-Range,44.21
Vivo Y29 5G (8Gb Ram+256Gb),18999,80,"Dual Sim, 3G, 4G, 5G, VoLTE, Wi-Fi",5500 mAh Battery with 44W Fast Charging,"8 GB RAM, 256 GB inbuilt","6.68 inches, 720 x 1608 px, 120 Hz Display with Punch Hole",50 MP + 0.08 MP Dual Rear & 8 MP Front Camera,"Dimensity 6300, Octa Core, 2.4 GHz Processor","Memory Card (Hybrid), upto 1 TB",Android v14,Vivo,8.0,256.0,5500.0,44.0,6.68,120.0,50.0,8.0,Dimensity,Mid-Range,42.11
Samsung Galaxy F34 5G (8Gb Ram + 128Gb),18999,85,"Dual Sim, 3G, 4G, 5G, VoLTE, Wi-Fi, NFC",6000 mAh Battery with 25W Fast Charging,"8 GB RAM, 128 GB inbuilt","6.5 inches, 1080 x 2340 px, 120 Hz Display with Water Drop Notch",50 MP + 8 MP + 2 MP Triple Rear & 13 MP Front Camera,"Exynos 1280, Octa Core, 2.4 GHz Processor","Memory Card (Hybrid), upto 1 TB",Android v13,Samsung,8.0,128.0,6000.0,25.0,6.5,120.0,50.0,13.0,Exynos,Mid-Range,44.74
Honor 200 Lite,18998,83,"Dual Sim, 3G, 4G, 5G, VoLTE, Wi-Fi",4500 mAh Battery with 35W Fast Charging,"8 GB RAM, 256 GB inbuilt","6.7 inches, 1080 x 2412 px Display with Small Notch",108 MP + 5 MP + 2 MP Triple Rear & 50 MP Front Camera,"Dimensity 6080, Octa Core, 2.4 GHz Processor",Memory Card Supported,Android v14,Honor,8.0,256.0,4500.0,35.0,6.7,60.0,108.0,50.0,Dimensity,Mid-Range,43.69
Samsung Galaxy M17 5G,18990,75,"Dual Sim, 3G, 4G, 5G, VoLTE, Wi-Fi, NFC",7000 mAh Battery with 25W Fast Charging,"8 GB RAM, 128 GB inbuilt","6.67 inches, 1080 x 2408 px, 120 Hz Display with Punch Hole",50 MP + 13 MP + 2 MP Triple Rear & 16 MP Front Camera,"Dimensity 6400, Octa Core Processor","Memory Card Supported, upto 1 TB",Android v16,Samsung,8.0,128.0,7000.0,25.0,6.67,120.0,50.0,16.0,Dimensity,Mid-Range,39.49
Realme Narzo 80 5G,18990,84,"Dual Sim, 3G, 4G, 5G, VoLTE, Wi-Fi",5000 mAh Battery with 67W Fast Charging,"8 GB RAM, 128 GB inbuilt","6.67 inches, 1080 x 2400 px, 120 Hz Display with Punch Hole",50 MP + 8 MP + 2 MP Triple Rear & 32 MP Front Camera,"Dimensity 7050, Octa Core, 2.6 GHz Processor","Memory Card Supported, upto 1 TB",Android v14,Realme,8.0,128.0,5000.0,67.0,6.67,120.0,50.0,32.0,Dimensity,Mid-Range,44.23
Xiaomi Redmi Note 16,18990,86,"Dual Sim, 3G, 4G, VoLTE, Wi-Fi, IR Blaster",5500 mAh Battery with 100W Fast Charging,"8 GB RAM, 128 GB inbuilt","6.82 inches, 1080 x 2480 px, 120 Hz Display with Punch Hole",200 MP + 13 MP + 2 MP Triple Rear & 32 MP Front Camera,"Dimensity 6300, Octa Core, 2.4 GHz Processor","Memory Card Supported, upto 1 TB",Android v16,Xiaomi,8.0,128.0,5500.0,100.0,6.82,120.0,200.0,32.0,Dimensity,Mid-Range,45.29
Samsung Galaxy F25 5G,18990,77,"Dual Sim, 3G, 4G, 5G, VoLTE, Wi-Fi, NFC",5000 mAh Battery with 30W Fast Charging,"8 GB RAM, 128 GB inbuilt","6.67 inches, 1080 x 2408 px, 120 Hz Display with Water Drop Notch",64 MP + 8 MP + 2 MP Triple Rear & 16 MP Front Camera,Octa Core Processor,"Memory Card Supported, upto 1 TB",Android v14,Samsung,8.0,128.0,5000.0,30.0,6.67,120.0,64.0,16.0,Octa,Mid-Range,40.55
Realme 9 Pro Plus 5G,18990,78,"Dual Sim, 3G, 4G, 5G, VoLTE, Wi-Fi",4500 mAh Battery with 60W Fast Charging,"6 GB RAM, 128 GB inbuilt","6.4 inches, 1080 x 2400 px, 90 Hz Display with Punch Hole",50 MP + 8 MP + 2 MP Triple Rear & 16 MP Front Camera,"Dimensity  920 5G, Octa Core, 2.5 GHz Processor",Memory Card Not Supported,Android v12,Realme,6.0,128.0,4500.0,60.0,6.4,90.0,50.0,16.0,Dimensity,Mid-Range,41.07
Oppo F21 Pro 5G,18990,82,"Dual Sim, 3G, 4G, 5G, VoLTE, Wi-Fi",4500 mAh Battery with 33W Fast Charging,"8 GB RAM, 128 GB inbuilt","6.43 inches, 1080 x 2400 px Display with Punch Hole",64 MP + 2 MP + 2 MP Triple Rear & 16 MP Front Camera," Snapdragon 695, Octa Core, 2.2 GHz Processor","Memory Card Supported, upto 1 TB",Android v12,Oppo,8.0,128.0,4500.0,33.0,6.43,60.0,64.0,16.0,Snapdragon,Mid-Range,43.18
Realme P4 5G,18990,75,"Dual Sim, 3G, 4G, 5G, VoLTE, Wi-Fi, NFC",6500 mAh Battery with 67W Fast Charging,"8 GB RAM, 128 GB inbuilt","6.74 inches, 1080 x 2400 px, 120 Hz Display with Punch Hole",50 MP + 13 MP + 2 MP Triple Rear & 32 MP Front Camera,Octa Core Processor,Memory Card Supported,Android v16,Realme,8.0,128.0,6500.0,67.0,6.74,120.0,50.0,32.0,Octa,Mid-Range,39.49
Realme V60 Pro,18990,76,"Dual Sim, 3G, 4G, Wi-Fi",5600 mAh Battery with 45W Fast Charging,"12 GB RAM, 256 GB inbuilt","6.67 inches, 720 x 1604 px, 120 Hz Display with Punch Hole",50 MP Dual Rear & 8 MP Front Camera,"Dimensity 6300, Octa Core, 2.4 GHz Processor",Memory Card Supported,Android v15,Realme,12.0,256.0,5600.0,45.0,6.67,120.0,50.0,8.0,Dimensity,Mid-Range,40.02
Motorola Moto G76 5G,18990,81,"Dual Sim, 3G, 4G, 5G, VoLTE, Wi-Fi",5000 mAh Battery with 45W Fast Charging,"8 GB RAM, 128 GB inbuilt","6.67 inches, 1080 x 2400 px, 120 Hz Display with Punch Hole",50 MP + 13 MP Dual Rear & 32 MP Front Camera,"Dimensity 7300, Octa Core, 2.5 GHz Processor",Memory Card Not Supported,Android v14,Motorola,8.0,128.0,5000.0,45.0,6.67,120.0,50.0,32.0,Dimensity,Mid-Range,42.65
Duoqin Qin 3 Ultra,18990,66,"Dual Sim, 3G, 4G, VoLTE, Wi-Fi",2500 mAh Battery with Fast Charging,"8 GB RAM, 256 GB inbuilt","5.02 inches, 720 x 1600 px Display with Punch Hole",8 MP Rear & 5 MP Front Camera,"Helio G99, Octa Core, 2.2 GHz Processor",Memory Card Not Supported,Android v12,Duoqin,8.0,256.0,2500.0,0.0,5.02,60.0,8.0,5.0,Helio,Mid-Range,34.76
Oneplus Nord Ce 3 Lite 5G,18985,85,"Dual Sim, 3G, 4G, 5G, VoLTE, Wi-Fi",5000 mAh Battery with 67W Fast Charging,"8 GB RAM, 128 GB inbuilt","6.72 inches, 1080 x 2400 px, 120 Hz Display with Punch Hole",108 MP + 2 MP + 2 MP Triple Rear & 16 MP Front Camera,"Snapdragon 695 5G, Octa Core, 2.2 GHz Processor","Memory Card (Hybrid), upto 1 TB",Android v13,Oneplus,8.0,128.0,5000.0,67.0,6.72,120.0,108.0,16.0,Snapdragon,Mid-Range,44.77
Samsung Galaxy A25 5G,18690,84,"Dual Sim, 3G, 4G, 5G, VoLTE, Wi-Fi, NFC",5000 mAh Battery with 25W Fast Charging,"8 GB RAM, 128 GB inbuilt","6.5 inches, 1080 x 2340 px, 120 Hz Display with Water Drop Notch",50 MP + 8 MP + 2 MP Triple Rear & 13 MP Front Camera,"Exynos 1280, Octa Core, 2.4 GHz Processor","Memory Card (Hybrid), upto 1 TB",Android v14,Samsung,8.0,128.0,5000.0,25.0,6.5,120.0,50.0,13.0,Exynos,Mid-Range,44.94
Realme 13 Plus 5G (8Gb Ram + 256Gb),18546,85,"Dual Sim, 3G, 4G, 5G, VoLTE, Wi-Fi, NFC",5000 mAh Battery with 80W Fast Charging,"8 GB RAM, 256 GB inbuilt","6.67 inches, 1080 x 2400 px, 120 Hz Display with Punch Hole",50 MP + 2 MP Dual Rear & 16 MP Front Camera,"Dimensity 7300 E, Octa Core, 2.5 GHz Processor","Memory Card (Hybrid), upto 2 TB",Android v14,Realme,8.0,256.0,5000.0,80.0,6.67,120.0,50.0,16.0,Dimensity,Mid-Range,45.83
Samsung Galaxy M35 5G (8Gb Ram + 128Gb),18499,83,"Dual Sim, 3G, 4G, 5G, VoLTE, Wi-Fi, NFC",6000 mAh Battery with 25W Fast Charging,"8 GB RAM, 128 GB inbuilt","6.6 inches, 1080 x 2340 px, 120 Hz Display with Punch Hole",50 MP + 8 MP + 2 MP Triple Rear & 13 MP Front Camera,"Exynos 1380, Octa Core, 2.4 GHz Processor","Memory Card (Hybrid), upto 1 TB",Android v14,Samsung,8.0,128.0,6000.0,25.0,6.6,120.0,50.0,13.0,Exynos,Mid-Range,44.87
Nothing Phone 2A,18495,86,"Dual Sim, 3G, 4G, 5G, VoLTE, Wi-Fi, NFC",5000 mAh Battery with 45W Fast Charging,"8 GB RAM, 128 GB inbuilt","6.7 inches, 1084 x 2412 px, 120 Hz Display with Punch Hole",50 MP + 50 MP Dual Rear & 32 MP Front Camera,"Dimensity 7200 Pro, Octa Core, 2.8 GHz Processor",Memory Card Supported,Android v15,Nothing,8.0,128.0,5000.0,45.0,6.7,120.0,50.0,32.0,Dimensity,Mid-Range,46.5
Realme P2 Pro 5G,18148,82,"Dual Sim, 3G, 4G, 5G, VoLTE, Wi-Fi",5200 mAh Battery with 80W Fast Charging,"8 GB RAM, 128 GB inbuilt","6.7 inches, 1080 x 2412 px, 120 Hz Display with Punch Hole",50 MP + 8 MP Dual Rear & 32 MP Front Camera,"Snapdragon 7s Gen 2, Octa Core, 2.4 GHz Processor",Memory Card Supported,Android v15,Realme,8.0,128.0,5200.0,80.0,6.7,120.0,50.0,32.0,Snapdragon,Mid-Range,45.18
Oppo K13,17999,80,"Dual Sim, 3G, 4G, 5G, VoLTE, Wi-Fi, IR Blaster",7000 mAh Battery with 80W Fast Charging,"8 GB RAM, 128 GB inbuilt","6.67 inches, 1080 x 2400 px, 120 Hz Display with Punch Hole",50 MP + 2 MP Dual Rear & 16 MP Front Camera,"Snapdragon 6 Gen4, Octa Core, 2.3 GHz Processor",Memory Card Supported,Android v15,Oppo,8.0,128.0,7000.0,80.0,6.67,120.0,50.0,16.0,Snapdragon,Mid-Range,44.45
Infinix Note 50S 5G (8Gb Ram + 256Gb),17999,81,"Dual Sim, 3G, 4G, 5G, VoLTE, Wi-Fi, IR Blaster",5500 mAh Battery with 45W Fast Charging,"8 GB RAM, 256 GB inbuilt","6.78 inches, 1080 x 2436 px, 144 Hz Display with Punch Hole",64 MP + 2 MP Dual Rear & 13 MP Front Camera,"Dimensity 7300 Ultimate, Octa Core, 2.5 GHz Processor",Memory Card Supported,Android v14,Infinix,8.0,256.0,5500.0,45.0,6.78,144.0,64.0,13.0,Dimensity,Mid-Range,45.0
Iqoo Z9 5G (8Gb Ram + 256Gb),17999,84,"Dual Sim, 3G, 4G, 5G, VoLTE, Wi-Fi",5000 mAh Battery with 44W Fast Charging,"8 GB RAM, 256 GB inbuilt","6.67 inches, 1080 x 2400 px, 120 Hz Display with Punch Hole",50 MP + 2 MP Dual Rear & 16 MP Front Camera,"Dimensity 7200, Octa Core, 2.8 GHz Processor","Memory Card (Hybrid), upto 1 TB",Android v14,Iqoo,8.0,256.0,5000.0,44.0,6.67,120.0,50.0,16.0,Dimensity,Mid-Range,46.67
Realme Narzo 70 Turbo 5G (8Gb Ram +128Gb),17999,84,"Dual Sim, 3G, 4G, 5G, VoLTE, Wi-Fi",5000 mAh Battery with 45W Fast Charging,"8 GB RAM, 128 GB inbuilt","6.67 inches, 1080 x 2400 px, 120 Hz Display with Punch Hole",50 MP + 2 MP Dual Rear & 16 MP Front Camera,"Dimensity 7300 Energy, Octa Core, 2.5 GHz Processor","Memory Card (Hybrid), upto 1 TB",Android v14,Realme,8.0,128.0,5000.0,45.0,6.67,120.0,50.0,16.0,Dimensity,Mid-Range,46.67
Realme Narzo 70 Pro 5G,17999,83,"Dual Sim, 3G, 4G, 5G, VoLTE, Wi-Fi",5000 mAh Battery with 67W Fast Charging,"8 GB RAM, 128 GB inbuilt","6.67 inches, 1080 x 2400 px, 120 Hz Display with Punch Hole",50 MP + 8 MP + 2 MP Triple Rear & 16 MP Front Camera,"Dimensity 7050, Octa Core, 2.6 GHz Processor","Memory Card (Hybrid), upto 2 TB",Android v14,Realme,8.0,128.0,5000.0,67.0,6.67,120.0,50.0,16.0,Dimensity,Mid-Range,46.11
Honor X8C,17999,81,"Dual Sim, 3G, 4G, Wi-Fi",5000 mAh Battery with Fast Charging,"6 GB RAM, 128 GB inbuilt","6.7 inches, 1080 x 2412 px Display",108 MP + 5 MP Dual Rear & 50 MP Front Camera,"Snapdragon 685, Octa Core, 2.8 GHz Processor",Memory Card Supported,Android v14,Honor,6.0,128.0,5000.0,0.0,6.7,60.0,108.0,50.0,Snapdragon,Mid-Range,45.0
Tecno Spark 20 Pro Plus,17999,85,"Dual Sim, 3G, 4G, VoLTE, Wi-Fi, NFC",5000 mAh Battery with 33W Fast Charging,"8 GB RAM, 256 GB inbuilt","6.78 inches, 1080 x 2436 px, 120 Hz Display with Punch Hole",108 MP + 0.08 MP Dual Rear & 32 MP Front Camera,"Helio G99 Ultimate, Octa Core, 2.2 GHz Processor",Memory Card Supported,Android v14,Tecno,8.0,256.0,5000.0,33.0,6.78,120.0,108.0,32.0,Helio,Mid-Range,47.22
Oneplus Nord Ce 4 Lite 5G,17998,83,"Dual Sim, 3G, 4G, 5G, VoLTE, Wi-Fi",5500 mAh Battery with 80W Fast Charging,"8 GB RAM, 128 GB inbuilt","6.67 inches, 1080 x 2400 px, 120 Hz Display with Punch Hole",50 MP + 2 MP Dual Rear & 16 MP Front Camera,"Snapdragon 695, Octa Core, 2.2 GHz Processor","Memory Card (Hybrid), upto 2 TB",Android v14,Oneplus,8.0,128.0,5500.0,80.0,6.67,120.0,50.0,16.0,Snapdragon,Mid-Range,46.12
Xiaomi Redmi Note 14 (8Gb Ram + 128Gb),17998,87,"Dual Sim, 3G, 4G, 5G, VoLTE, Wi-Fi, NFC, IR Blaster",5110 mAh Battery with 45W Fast Charging,"8 GB RAM, 128 GB inbuilt","6.67 inches, 1080 x 2400 px, 120 Hz Display with Punch Hole",50 MP + 8 MP + 2 MP Triple Rear & 20 MP Front Camera,"Dimensity 7025 Ultra, Octa Core, 2.5 GHz Processor","Memory Card (Hybrid), upto 1 TB",Android v14,Xiaomi,8.0,128.0,5110.0,45.0,6.67,120.0,50.0,20.0,Dimensity,Mid-Range,48.34
Acer Super Zx Pro,17990,75,"Dual Sim, 3G, 4G, 5G, VoLTE, Wi-Fi, IR Blaster",5000 mAh Battery with 33W Fast Charging,"12 GB RAM, 256 GB inbuilt","6.7 inches, 1080 x 2400 px, 120 Hz Display with Punch Hole",50 MP + 5 MP + 2 MP Triple Rear & 50 MP Front Camera,"Dimensity 7400, Octa Core Processor",Memory Card Supported,Android v14,Acer,12.0,256.0,5000.0,33.0,6.7,120.0,50.0,50.0,Dimensity,Mid-Range,41.69
Itel S25 Ultra,17990,80,"Dual Sim, 3G, 4G, VoLTE, Wi-Fi, NFC, IR Blaster",5000 mAh Battery with 18W Fast Charging,"8 GB RAM, 128 GB inbuilt","6.78 inches, 1080 x 2436 px, 120 Hz Display with Punch Hole",50 MP + Macro Dual Rear & 32 MP Front Camera,"Unisoc T620, Octa Core, 2.2 GHz Processor",Memory Card Supported,Android v14,Itel,8.0,128.0,5000.0,18.0,6.78,120.0,50.0,32.0,Unisoc,Mid-Range,44.47
Xiaomi Redmi Note 14 (8Gb Ram + 128Gb),17990,87,"Dual Sim, 3G, 4G, 5G, VoLTE, Wi-Fi, NFC, IR Blaster",5110 mAh Battery with 45W Fast Charging,"8 GB RAM, 128 GB inbuilt","6.67 inches, 1080 x 2400 px, 120 Hz Display with Punch Hole",50 MP + 8 MP + 2 MP Triple Rear & 20 MP Front Camera,"Dimensity 7025 Ultra, Octa Core, 2.5 GHz Processor","Memory Card (Hybrid), upto 1 TB",Android v14,Xiaomi,8.0,128.0,5110.0,45.0,6.67,120.0,50.0,20.0,Dimensity,Mid-Range,48.36
Infinix Hot 50 Pro Plus,17990,82,"Dual Sim, 3G, 4G, Wi-Fi, NFC",5000 mAh Battery with 33W Fast Charging,"8 GB RAM, 128 GB inbuilt","6.78 inches, 1080 x 2436 px, 120 Hz Display",50 MP + 2 MP Triple Rear & 13 MP Front Camera,"Helio G100, Octa Core, 2.2 GHz Processor",Memory Card Supported,Android v14,Infinix,8.0,128.0,5000.0,33.0,6.78,120.0,50.0,13.0,Helio,Mid-Range,45.58
Realme Narzo 80 Turbo 5G,17990,76,"Dual Sim, 3G, 4G, 5G, VoLTE, Wi-Fi",5500 mAh Battery with 45W Fast Charging,"8 GB RAM, 256 GB inbuilt","6.74 inches, 1080 x 2400 px, 120 Hz Display with Punch Hole",50 MP + 2 MP Dual Rear & 32 MP Front Camera,"Dimensity 7400, Octa Core Processor","Memory Card (Hybrid), upto 1 TB",Android v15,Realme,8.0,256.0,5500.0,45.0,6.74,120.0,50.0,32.0,Dimensity,Mid-Range,42.25
Samsung Galaxy F35 5G,17990,75,"Dual Sim, 3G, 4G, 5G, VoLTE, Wi-Fi, NFC",6000 mAh Battery with 25W Fast Charging,"6 GB RAM, 128 GB inbuilt","6.5 inches, 1080 x 2340 px, 120 Hz Display with Water Drop Notch",50 MP + 13 MP + 2 MP Triple Rear & 16 MP Front Camera,"Exynos, Octa Core Processor","Memory Card (Hybrid), upto 1 TB",Android v14,Samsung,6.0,128.0,6000.0,25.0,6.5,120.0,50.0,16.0,"Exynos,",Mid-Range,41.69
Poco M8 Pro 5G,17990,80,"Dual Sim, 3G, 4G, 5G, VoLTE, Wi-Fi, IR Blaster",5500 mAh Battery with 65W Fast Charging,"6 GB RAM, 128 GB inbuilt","6.67 inches, 1080 x 2460 px, 120 Hz Display with Punch Hole",50 MP + 8 MP + 2 MP Triple Rear & 16 MP Front Camera,"Dimensity 7300, Octa Core, 2.5 GHz Processor","Memory Card (Hybrid), upto 1 TB",Android v15,Poco,6.0,128.0,5500.0,65.0,6.67,120.0,50.0,16.0,Dimensity,Mid-Range,44.47
Samsung Galaxy M37 5G,17990,77,"Dual Sim, 3G, 4G, 5G, VoLTE, Wi-Fi, NFC",6500 mAh Battery with 45W Fast Charging,"8 GB RAM, 128 GB inbuilt","6.67 inches, 1080 x 2400 px, 120 Hz Display with Punch Hole",50 MP + 13 MP + 2 MP Triple Rear & 32 MP Front Camera,Octa Core Processor,"Memory Card (Hybrid), upto 1 TB",Android v15,Samsung,8.0,128.0,6500.0,45.0,6.67,120.0,50.0,32.0,Octa,Mid-Range,42.8
Iqoo Z11X,17990,75,"Dual Sim, 3G, 4G, 5G, VoLTE, Wi-Fi",6700 mAh Battery with 67W Fast Charging,"8 GB RAM, 128 GB inbuilt","6.78 inches, 1080 x 2408 px, 120 Hz Display with Punch Hole",50 MP + 8 MP + 2 MP Triple Rear & 32 MP Front Camera,"Dimensity 7400, Octa Core Processor",Memory Card Supported,Android v16,Iqoo,8.0,128.0,6700.0,67.0,6.78,120.0,50.0,32.0,Dimensity,Mid-Range,41.69
Tecno Camon 30S,17990,76,"Dual Sim, 3G, 4G, Wi-Fi, NFC, IR Blaster",5000 mAh Battery with 33W Fast Charging,"6 GB RAM, 128 GB inbuilt","6.78 inches, 1080 x 2436 px, 120 Hz Display",50 MP + 2 MP Triple Rear & 13 MP Front Camera,"Helio G100, Octa Core, 2.2 GHz Processor",Memory Card Supported,Android v14,Tecno,6.0,128.0,5000.0,33.0,6.78,120.0,50.0,13.0,Helio,Mid-Range,42.25
Tecno Camon 40 Pro 4G,17990,82,"Dual Sim, 3G, 4G, VoLTE, Wi-Fi, NFC, IR Blaster",5200 mAh Battery with 45W Fast Charging,"8 GB RAM, 256 GB inbuilt","6.78 inches, 1080 x 2436 px, 120 Hz Display with Punch Hole",50 MP + 8 MP Dual Rear & 50 MP Front Camera,"Helio G100, Octa Core, 2.2 GHz Processor",Memory Card Supported,Android v14,Tecno,8.0,256.0,5200.0,45.0,6.78,120.0,50.0,50.0,Helio,Mid-Range,45.58
Infinix Note 14 Pro 5G,17990,85,"Dual Sim, 3G, 4G, 5G, VoLTE, Wi-Fi",5000 mAh Battery with 44W Fast Charging,"8 GB RAM, 128 GB inbuilt","6.78 inches, 1080 x 2400 px, 120 Hz Display with Punch Hole",108 MP + 13 MP + 2 MP Triple Rear & 32 MP Front Camera,"Dimensity 6020, Octa Core, 2.2 GHz Processor","Memory Card Supported, upto 2 TB",Android v14,Infinix,8.0,128.0,5000.0,44.0,6.78,120.0,108.0,32.0,Dimensity,Mid-Range,47.25
Oppo A56 5G,17990,73,"Dual Sim, 3G, 4G, 5G, VoLTE, Wi-Fi",5000 mAh Battery,"6 GB RAM, 128 GB inbuilt","6.5 inches, 720 x 1600 px Display with Water Drop Notch",13 MP + 2 MP Dual Rear & 8 MP Front Camera,"Dimensity 700 5G, Octa Core, 2.2 GHz Processor",Memory Card Supported,Android v11,Oppo,6.0,128.0,5000.0,0.0,6.5,60.0,13.0,8.0,Dimensity,Mid-Range,40.58
Unihertz Jelly Max,17990,81,"Dual Sim, 3G, 4G, 5G, VoLTE, Wi-Fi, NFC",4000 mAh Battery with 66W Fast Charging,"12 GB RAM, 256 GB inbuilt","5.05 inches, 720 x 1520 px, 120 Hz Display with Punch Hole",100 MP + 8 MP Dual Rear & 32 MP Front Camera,"Dimensity 7300, Octa Core, 2.5 GHz Processor",Memory Card (Hybrid),Android v14,Unihertz,12.0,256.0,4000.0,66.0,5.05,120.0,100.0,32.0,Dimensity,Mid-Range,45.03
Samsung Galaxy A16 4G,17990,78,"Dual Sim, 3G, 4G, VoLTE, Wi-Fi, NFC",5000 mAh Battery with 25W Fast Charging,"4 GB RAM, 128 GB inbuilt","6.7 inches, 1080 x 2340 px, 90 Hz Display with Water Drop Notch",50 MP + 5 MP + 2 MP Triple Rear & 13 MP Front Camera,"Helio G99, Octa Core, 2.2 GHz Processor","Memory Card (Hybrid), upto 1 TB",Android v14,Samsung,4.0,128.0,5000.0,25.0,6.7,90.0,50.0,13.0,Helio,Mid-Range,43.36
Realme P2 5G,17990,81,"Dual Sim, 3G, 4G, 5G, VoLTE, Wi-Fi",5000 mAh Battery with 45W Fast Charging,"8 GB RAM, 128 GB inbuilt","6.72 inches, 1080 x 2400 px, 120 Hz Display with Punch Hole",50 MP + 2 MP Dual Rear & 8 MP Front Camera,"Dimensity 7200, Octa Core, 2.8 GHz Processor","Memory Card (Hybrid), upto 2 TB",Android v15,Realme,8.0,128.0,5000.0,45.0,6.72,120.0,50.0,8.0,Dimensity,Mid-Range,45.03
Vivo T4X 5G (8Gb Ram + 256Gb),17942,80,"Dual Sim, 3G, 4G, 5G, VoLTE, Wi-Fi, IR Blaster",6500 mAh Battery with 44W Fast Charging,"8 GB RAM, 256 GB inbuilt","6.72 inches, 1080 x 2408 px, 120 Hz Display with Punch Hole",50 MP + 2 MP Dual Rear & 8 MP Front Camera,"Dimensity 7300, Octa Core, 2.5 GHz Processor",Memory Card Not Supported,Android v15,Vivo,8.0,256.0,6500.0,44.0,6.72,120.0,50.0,8.0,Dimensity,Mid-Range,44.59
Realme P3 5G (8Gb Ram + 128Gb),17899,82,"Dual Sim, 3G, 4G, 5G, VoLTE, Wi-Fi, NFC",6000 mAh Battery with 45W Fast Charging,"8 GB RAM, 128 GB inbuilt","6.67 inches, 1080 x 2400 px, 120 Hz Display with Punch Hole",50 MP + 2 MP Dual Rear & 16 MP Front Camera,"Snapdragon 6 Gen4, Octa Core, 2.3 GHz Processor",Memory Card Supported,iOS v18,Realme,8.0,128.0,6000.0,45.0,6.67,120.0,50.0,16.0,Snapdragon,Mid-Range,45.81
Realme P3 5G (8Gb Ram + 128Gb),17780,82,"Dual Sim, 3G, 4G, 5G, VoLTE, Wi-Fi, NFC",6000 mAh Battery with 45W Fast Charging,"8 GB RAM, 128 GB inbuilt","6.67 inches, 1080 x 2400 px, 120 Hz Display with Punch Hole",50 MP + 2 MP Dual Rear & 16 MP Front Camera,"Snapdragon 6 Gen4, Octa Core, 2.3 GHz Processor",Memory Card Supported,Android v14,Realme,8.0,128.0,6000.0,45.0,6.67,120.0,50.0,16.0,Snapdragon,Mid-Range,46.12
Realme P1 Pro 5G,17597,80,"Dual Sim, 3G, 4G, 5G, VoLTE, Wi-Fi",5000 mAh Battery with 45W Fast Charging,"8 GB RAM, 128 GB inbuilt","6.7 inches, 1080 x 2400 px, 120 Hz Display with Punch Hole",50 MP + 8 MP Dual Rear & 16 MP Front Camera,"Snapdragon 6 Gen1, Octa Core, 2.2 GHz Processor",Memory Card Supported,Android v14,Realme,8.0,128.0,5000.0,45.0,6.7,120.0,50.0,16.0,Snapdragon,Mid-Range,45.46
Iqoo Z9 5G (8Gb Ram + 256Gb),17499,84,"Dual Sim, 3G, 4G, 5G, VoLTE, Wi-Fi",5000 mAh Battery with 44W Fast Charging,"8 GB RAM, 256 GB inbuilt","6.67 inches, 1080 x 2400 px, 120 Hz Display with Punch Hole",50 MP + 2 MP Dual Rear & 16 MP Front Camera,"Dimensity 7200, Octa Core, 2.8 GHz Processor","Memory Card (Hybrid), upto 1 TB",Android v14,Iqoo,8.0,256.0,5000.0,44.0,6.67,120.0,50.0,16.0,Dimensity,Mid-Range,48.0
Oppo A5 Pro 4G,17499,70,"Dual Sim, 3G, 4G, VoLTE, Wi-Fi, NFC",5800 mAh Battery with 45W Fast Charging,"8 GB RAM, 128 GB inbuilt","6.67 inches, 720 x 1604 px, 90 Hz Display with Punch Hole",50 MP + 2 MP Dual Rear & 8 MP Front Camera,"Snapdragon 6s Gen 1, Octa Core Processor",Memory Card Supported,Android v15,Oppo,8.0,128.0,5800.0,45.0,6.67,90.0,50.0,8.0,Snapdragon,Mid-Range,40.0
Vivo Y58 5G,17499,82,"Dual Sim, 3G, 4G, 5G, VoLTE, Wi-Fi",6000 mAh Battery with 44W Fast Charging,"8 GB RAM, 128 GB inbuilt","6.72 inches, 1080 x 2408 px, 120 Hz Display with Punch Hole",50 MP + 2 MP Dual Rear & 8 MP Front Camera,"Snapdragon 4 Gen2, Octa Core, 2.2 GHz Processor","Memory Card (Hybrid), upto 1 TB",Android v14,Vivo,8.0,128.0,6000.0,44.0,6.72,120.0,50.0,8.0,Snapdragon,Mid-Range,46.86
Vivo Y200 5G (8Gb Ram + 256Gb),17485,82,"Dual Sim, 3G, 4G, 5G, VoLTE, Wi-Fi",4800 mAh Battery with 44W Fast Charging,"8 GB RAM, 256 GB inbuilt","6.67 inches, 1080 x 2400 px, 120 Hz Display with Punch Hole",64 MP + 2 MP Dual Rear & 16 MP Front Camera,"Snapdragon 4 Gen1, Octa Core, 2 GHz Processor","Memory Card (Hybrid), upto 2 TB",Android v13,Vivo,8.0,256.0,4800.0,44.0,6.67,120.0,64.0,16.0,Snapdragon,Mid-Range,46.9
Xiaomi Redmi Note 14,17299,85,"Dual Sim, 3G, 4G, 5G, VoLTE, Wi-Fi, NFC, IR Blaster",5110 mAh Battery with 45W Fast Charging,"6 GB RAM, 128 GB inbuilt","6.67 inches, 1080 x 2400 px, 120 Hz Display with Punch Hole",50 MP + 8 MP + 2 MP Triple Rear & 20 MP Front Camera,"Dimensity 7025 Ultra, Octa Core, 2.5 GHz Processor","Memory Card (Hybrid), upto 1 TB",Android v14,Xiaomi,6.0,128.0,5110.0,45.0,6.67,120.0,50.0,20.0,Dimensity,Mid-Range,49.14
Oppo A79 5G,17200,80,"Dual Sim, 3G, 4G, 5G, VoLTE, Wi-Fi",5000 mAh Battery with 33W Fast Charging,"8 GB RAM, 128 GB inbuilt","6.72 inches, 1080 x 2400 px, 90 Hz Display with Punch Hole",50 MP + 2 MP Dual Rear & 8 MP Front Camera,"Dimensity 6020, Octa Core, 2.2 GHz Processor","Memory Card Supported, upto 1 TB",Android v13,Oppo,8.0,128.0,5000.0,33.0,6.72,90.0,50.0,8.0,Dimensity,Mid-Range,46.51
Realme P1 Speed 5G (12Gb Ram + 256Gb),17132,84,"Dual Sim, 3G, 4G, 5G, VoLTE, Wi-Fi",5000 mAh Battery with 45W Fast Charging,"12 GB RAM, 256 GB inbuilt","6.67 inches, 1080 x 2400 px, 120 Hz Display with Punch Hole",50 MP + 2 MP Dual Rear & 16 MP Front Camera,"Dimensity 7300 E, Octa Core, 2.5 GHz Processor","Memory Card (Hybrid), upto 2 TB",Android v14,Realme,12.0,256.0,5000.0,45.0,6.67,120.0,50.0,16.0,Dimensity,Mid-Range,49.03
Motorola Moto G85 5G,17090,82,"Dual Sim, 3G, 4G, 5G, VoLTE, Wi-Fi",5000 mAh Battery with 33W Fast Charging,"8 GB RAM, 128 GB inbuilt","6.67 inches, 1080 x 2400 px, 120 Hz Display with Punch Hole",50 MP + 8 MP Dual Rear & 32 MP Front Camera,"Snapdragon 6s Gen3, Octa Core, 2.3 GHz Processor","Memory Card (Hybrid), upto 1 TB",Android v14,Motorola,8.0,128.0,5000.0,33.0,6.67,120.0,50.0,32.0,Snapdragon,Mid-Range,47.98
Xiaomi Redmi Note 12 Pro (8Gb Ram + 128Gb),17000,82,"Dual Sim, 3G, 4G, 5G, VoLTE, Wi-Fi, IR Blaster",5000 mAh Battery with 67W Fast Charging,"8 GB RAM, 128 GB inbuilt","6.67 inches, 1080 x 2400 px, 120 Hz Display with Punch Hole",50 MP + 8 MP + 2 MP Triple Rear & 16 MP Front Camera,"Dimensity 1080, Octa Core, 2.6 GHz Processor",Memory Card Supported,Android v12,Xiaomi,8.0,128.0,5000.0,67.0,6.67,120.0,50.0,16.0,Dimensity,Mid-Range,48.24
Vivo Y39 5G,16999,75,"Dual Sim, 3G, 4G, 5G, VoLTE, Wi-Fi",6500 mAh Battery with 44W Fast Charging,"8 GB RAM, 128 GB inbuilt","6.68 inches, 720 x 1608 px, 120 Hz Display with Punch Hole",50 MP + 2 MP Dual Rear & 8 MP Front Camera,"Snapdragon 4 Gen2, Octa Core, 2.2 GHz Processor",Memory Card Not Supported,Android v15,Vivo,8.0,128.0,6500.0,44.0,6.68,120.0,50.0,8.0,Snapdragon,Mid-Range,44.12
Vivo Y29 5G (8Gb Ram+128Gb),16999,79,"Dual Sim, 3G, 4G, 5G, VoLTE, Wi-Fi",5500 mAh Battery with 44W Fast Charging,"8 GB RAM, 128 GB inbuilt","6.68 inches, 720 x 1608 px, 120 Hz Display with Punch Hole",50 MP + 0.08 MP Dual Rear & 8 MP Front Camera,"Dimensity 6300, Octa Core, 2.4 GHz Processor","Memory Card (Hybrid), upto 1 TB",Android v14,Vivo,8.0,128.0,5500.0,44.0,6.68,120.0,50.0,8.0,Dimensity,Mid-Range,46.47
Lava Blaze Curve 5G (8Gb Ram + 256Gb),16999,84,"Dual Sim, 3G, 4G, 5G, VoLTE, Vo5G, Wi-Fi",5000 mAh Battery with 33W Fast Charging,"8 GB RAM, 256 GB inbuilt","6.67 inches, 1080 x 2400 px, 120 Hz Display with Punch Hole",64 MP + 8 MP + 2 MP Triple Rear & 32 MP Front Camera,"Dimensity 7050, Octa Core, 2.6 GHz Processor",Memory Card Not Supported,Android v13,Lava,8.0,256.0,5000.0,33.0,6.67,120.0,64.0,32.0,Dimensity,Mid-Range,49.41
Infinix Note 50 Pro 4G,16999,86,"Dual Sim, 3G, 4G, VoLTE, Wi-Fi, NFC, IR Blaster",5200 mAh Battery with 90W Fast Charging,"8 GB RAM, 256 GB inbuilt","6.78 inches, 1080 x 2436 px, 144 Hz Display with Punch Hole",50 MP + 8 MP Dual Rear & 32 MP Front Camera,"Helio G100, Octa Core, 2.2 GHz Processor","Memory Card Supported, upto 2 TB",Android v15,Infinix,8.0,256.0,5200.0,90.0,6.78,144.0,50.0,32.0,Helio,Mid-Range,50.59
Infinix Note 13 Pro,16999,81,"Dual Sim, 3G, 4G, VoLTE, Wi-Fi",5000 mAh Battery with 120W Fast Charging,"6 GB RAM, 128 GB inbuilt","6.91 inches, 1080 x 2460 px Display with Punch Hole",108 MP Quad Rear & 16 MP Front Camera,"Helio G99, Octa Core, 2.2 GHz Processor","Memory Card Supported, upto 256 GB",Android v12,Infinix,6.0,128.0,5000.0,120.0,6.91,60.0,108.0,16.0,Helio,Mid-Range,47.65
Realme 12 5G,16999,78,"Dual Sim, 3G, 4G, 5G, VoLTE, Wi-Fi",5000 mAh Battery with 45W Fast Charging,"6 GB RAM, 128 GB inbuilt","6.72 inches, 1080 x 2400 px, 120 Hz Display with Punch Hole",108 MP + 2 MP Dual Rear & 8 MP Front Camera,"Dimensity 6100 Plus, Octa Core, 2.2 GHz Processor","Memory Card (Hybrid), upto 2 TB",Android v14,Realme,6.0,128.0,5000.0,45.0,6.72,120.0,108.0,8.0,Dimensity,Mid-Range,45.89
Motorola Moto G65 5G,16990,84,"Dual Sim, 3G, 4G, 5G, VoLTE, Vo5G, Wi-Fi",6000 mAh Battery with 45W Fast Charging,"8 GB RAM, 128 GB inbuilt","6.67 inches, 1080 x 2400 px, 120 Hz Display with Punch Hole",50 MP + 8 MP Dual Rear & 32 MP Front Camera,"Dimensity 7300, Octa Core, 2.5 GHz Processor","Memory Card (Hybrid), upto 1 TB",Android v15,Motorola,8.0,128.0,6000.0,45.0,6.67,120.0,50.0,32.0,Dimensity,Mid-Range,49.44
Samsung Galaxy F17 5G,16990,75,"Dual Sim, 3G, 4G, 5G, VoLTE, Wi-Fi",6000 mAh Battery with 25W Fast Charging,"6 GB RAM, 128 GB inbuilt","6.67 inches, 1080 x 2400 px, 120 Hz Display with Punch Hole",108 MP + 13 MP + 2 MP Triple Rear & 32 MP Front Camera,Octa Core Processor,"Memory Card (Hybrid), upto 1 TB",Android v15,Samsung,6.0,128.0,6000.0,25.0,6.67,120.0,108.0,32.0,Octa,Mid-Range,44.14
Realme 15X 5G,16990,82,"Dual Sim, 3G, 4G, 5G, VoLTE, Wi-Fi",6500 mAh Battery with 65W Fast Charging,"8 GB RAM, 128 GB inbuilt","6.74 inches, 1200 x 2400 px, 120 Hz Display with Punch Hole",50 MP + 12 MP + 2 MP Triple Rear & 16 MP Front Camera,"Dimensity 7025, Octa Core, 2.5 GHz Processor",Memory Card (Hybrid),Android v14,Realme,8.0,128.0,6500.0,65.0,6.74,120.0,50.0,16.0,Dimensity,Mid-Range,48.26
Realme 9 5G Se,16990,80,"Dual Sim, 3G, 4G, 5G, VoLTE, Wi-Fi",5000 mAh Battery with 30W Fast Charging,"6 GB RAM, 128 GB inbuilt","6.6 inches, 1080 x 2412 px, 144 Hz Display with Punch Hole",48 MP + 2 MP + 2 MP Triple Rear & 16 MP Front Camera,"Snapdragon  778G, Octa Core, 2.4 GHz Processor","Memory Card Supported, upto 1 TB",Android v11,Realme,6.0,128.0,5000.0,30.0,6.6,144.0,48.0,16.0,Snapdragon,Mid-Range,47.09
Motorola Moto G 5G 2025,16990,76,"Dual Sim, 3G, 4G, 5G, VoLTE, Wi-Fi, NFC",5000 mAh Battery with 30W Fast Charging,"4 GB RAM, 64 GB inbuilt","6.7 inches, 720 x 1604 px, 120 Hz Display with Punch Hole",50 MP + 2 MP Dual Rear & 16 MP Front Camera,"Dimensity 6300, Octa Core, 2.4 GHz Processor",Memory Card Supported,Android v15,Motorola,4.0,64.0,5000.0,30.0,6.7,120.0,50.0,16.0,Dimensity,Mid-Range,44.73
Samsung Galaxy A15 5G,16989,81,"Dual Sim, 3G, 4G, 5G, VoLTE, Wi-Fi",5000 mAh Battery with 25W Fast Charging,"8 GB RAM, 128 GB inbuilt","6.5 inches, 1080 x 2340 px, 90 Hz Display with Water Drop Notch",50 MP + 5 MP + 2 MP Triple Rear & 13 MP Front Camera,"Dimensity 6100 Plus, Octa Core, 2.2 GHz Processor","Memory Card (Hybrid), upto 1 TB",Android v14,Samsung,8.0,128.0,5000.0,25.0,6.5,90.0,50.0,13.0,Dimensity,Mid-Range,47.68
Oppo A3 Pro 5G,16574,77,"Dual Sim, 3G, 4G, 5G, VoLTE, Wi-Fi",5100 mAh Battery with 45W Fast Charging,"8 GB RAM, 128 GB inbuilt","6.67 inches, 720 x 1604 px, 120 Hz Display with Punch Hole",50 MP + 2 MP Dual Rear & 8 MP Front Camera,"Dimensity 6300, Octa Core, 2.4 GHz Processor",Memory Card Supported,Android v14,Oppo,8.0,128.0,5100.0,45.0,6.67,120.0,50.0,8.0,Dimensity,Mid-Range,46.46
Iqoo Z10X 5G (8Gb Ram + 256Gb),16499,80,"Dual Sim, 3G, 4G, 5G, VoLTE, Wi-Fi, IR Blaster",6500 mAh Battery with 44W Fast Charging,"8 GB RAM, 256 GB inbuilt","6.72 inches, 1080 x 2408 px, 120 Hz Display with Punch Hole",50 MP + 2 MP Dual Rear & 8 MP Front Camera,"Dimensity 7300, Octa Core, 2.5 GHz Processor",Memory Card Supported,Android v15,Iqoo,8.0,256.0,6500.0,44.0,6.72,120.0,50.0,8.0,Dimensity,Mid-Range,48.49
Poco F4 5G (8Gb Ram + 128Gb),16499,85,"Dual Sim, 3G, 4G, 5G, VoLTE, Wi-Fi, NFC",4500 mAh Battery with 67W Fast Charging,"8 GB RAM, 128 GB inbuilt","6.67 inches, 1080 x 2400 px, 120 Hz Display with Punch Hole",64 MP + 8 MP + 2 MP Triple Rear & 20 MP Front Camera,"Snapdragon  870, Octa Core, 3.2 GHz Processor",Memory Card Supported,Android v12,Poco,8.0,128.0,4500.0,67.0,6.67,120.0,64.0,20.0,Snapdragon,Mid-Range,51.52
Samsung Galaxy F16 5G (8Gb Ram + 128Gb),16499,82,"Dual Sim, 3G, 4G, 5G, VoLTE, Wi-Fi, NFC",5000 mAh Battery with 25W Fast Charging,"8 GB RAM, 128 GB inbuilt","6.7 inches, 1080 x 2340 px, 90 Hz Display with Punch Hole",50 MP + 5 MP + 2 MP Triple Rear & 13 MP Front Camera,"Dimensity 6300, Octa Core, 2.4 GHz Processor","Memory Card (Hybrid), upto 1.5 TB",Android v15,Samsung,8.0,128.0,5000.0,25.0,6.7,90.0,50.0,13.0,Dimensity,Mid-Range,49.7
Samsung Galaxy F55 5G,16358,86,"Dual Sim, 3G, 4G, 5G, VoLTE, Wi-Fi, NFC",5000 mAh Battery with 45W Fast Charging,"8 GB RAM, 128 GB inbuilt","6.7 inches, 1080 x 2400 px, 120 Hz Display with Punch Hole",50 MP + 8 MP + 2 MP Triple Rear & 50 MP Front Camera,"Snapdragon 7 Gen1, Octa Core, 2.4 GHz Processor","Memory Card (Hybrid), upto 1 TB",Android v14,Samsung,8.0,128.0,5000.0,45.0,6.7,120.0,50.0,50.0,Snapdragon,Mid-Range,52.57
Realme P3 5G,16342,80,"Dual Sim, 3G, 4G, 5G, VoLTE, Wi-Fi, NFC",6000 mAh Battery with 45W Fast Charging,"6 GB RAM, 128 GB inbuilt","6.67 inches, 1080 x 2400 px, 120 Hz Display with Punch Hole",50 MP + 2 MP Dual Rear & 16 MP Front Camera,"Snapdragon 6 Gen4, Octa Core, 2.3 GHz Processor",Memory Card Supported,Android v14,Realme,6.0,128.0,6000.0,45.0,6.67,120.0,50.0,16.0,Snapdragon,Mid-Range,48.95
Infinix Note 40 5G,16339,86,"Dual Sim, 3G, 4G, 5G, VoLTE, Wi-Fi, NFC, IR Blaster",5000 mAh Battery with 33W Fast Charging,"8 GB RAM, 256 GB inbuilt","6.78 inches, 1080 x 2436 px, 120 Hz Display with Punch Hole",108 MP + 2 MP + 2 MP Triple Rear & 32 MP Front Camera,"Dimensity 7020, Octa Core, 2.2 GHz Processor",Memory Card Supported,Android v14,Infinix,8.0,256.0,5000.0,33.0,6.78,120.0,108.0,32.0,Dimensity,Mid-Range,52.63
Motorola Moto G64 5G (12Gb Ram + 256Gb),16168,85,"Dual Sim, 3G, 4G, 5G, VoLTE, Vo5G, Wi-Fi",6000 mAh Battery with 33W Fast Charging,"12 GB RAM, 256 GB inbuilt","6.5 inches, 1080 x 2400 px, 120 Hz Display with Punch Hole",50 MP + 8 MP Dual Rear & 16 MP Front Camera,"Dimensity 7025, Octa Core, 2.5 GHz Processor","Memory Card (Hybrid), upto 1 TB",Android v14,Motorola,12.0,256.0,6000.0,33.0,6.5,120.0,50.0,16.0,Dimensity,Mid-Range,52.57
Infinix Note 50S 5G,15999,81,"Dual Sim, 3G, 4G, 5G, VoLTE, Wi-Fi, IR Blaster",5500 mAh Battery with 45W Fast Charging,"8 GB RAM, 128 GB inbuilt","6.78 inches, 1080 x 2436 px, 144 Hz Display with Punch Hole",64 MP + 2 MP Dual Rear & 13 MP Front Camera,"Dimensity 7300 Ultimate, Octa Core, 2.5 GHz Processor",Memory Card Supported,Android v15,Infinix,8.0,128.0,5500.0,45.0,6.78,144.0,64.0,13.0,Dimensity,Mid-Range,50.63
Realme 13 Plus 5G,15999,85,"Dual Sim, 3G, 4G, 5G, VoLTE, Wi-Fi, NFC",5000 mAh Battery with 80W Fast Charging,"8 GB RAM, 128 GB inbuilt","6.67 inches, 1080 x 2400 px, 120 Hz Display with Punch Hole",50 MP + 2 MP Dual Rear & 16 MP Front Camera,"Dimensity 7300 E, Octa Core, 2.5 GHz Processor","Memory Card (Hybrid), upto 2 TB",Android v14,Realme,8.0,128.0,5000.0,80.0,6.67,120.0,50.0,16.0,Dimensity,Mid-Range,53.13
Oppo K12X 5G (8Gb Ram + 256Gb),15999,78,"Dual Sim, 3G, 4G, 5G, VoLTE, Wi-Fi",5100 mAh Battery with 45W Fast Charging,"8 GB RAM, 256 GB inbuilt","6.67 inches, 720 x 1604 px, 120 Hz Display with Punch Hole",32 MP + 2 MP Dual Rear & 8 MP Front Camera,"Dimensity 6300, Octa Core, 2.4 GHz Processor","Memory Card (Hybrid), upto 1 TB",Android v14,Oppo,8.0,256.0,5100.0,45.0,6.67,120.0,32.0,8.0,Dimensity,Mid-Range,48.75
Realme Neo 7X,15999,82,"Dual Sim, 3G, 4G, 5G, VoLTE, Vo5G, Wi-Fi, NFC, IR Blaster",6000 mAh Battery with 45W Fast Charging,"8 GB RAM, 128 GB inbuilt","6.67 inches, 1080 x 2400 px, 120 Hz Display with Punch Hole",50 MP Rear & 16 MP Front Camera,"Snapdragon 6 Gen4, Octa Core, 2.3 GHz Processor",Memory Card Supported,Android v15,Realme,8.0,128.0,6000.0,45.0,6.67,120.0,50.0,16.0,Snapdragon,Mid-Range,51.25
Lava Blaze Curve 5G,15999,83,"Dual Sim, 3G, 4G, 5G, VoLTE, Vo5G, Wi-Fi",5000 mAh Battery with 33W Fast Charging,"8 GB RAM, 128 GB inbuilt","6.67 inches, 1080 x 2400 px, 120 Hz Display with Punch Hole",64 MP + 8 MP + 2 MP Triple Rear & 32 MP Front Camera,"Dimensity 7050, Octa Core, 2.6 GHz Processor",Memory Card Not Supported,Android v13,Lava,8.0,128.0,5000.0,33.0,6.67,120.0,64.0,32.0,Dimensity,Mid-Range,51.88
Vivo T2 5G,15999,79,"Dual Sim, 3G, 4G, 5G, VoLTE, Wi-Fi",4500 mAh Battery with 44W Fast Charging,"6 GB RAM, 128 GB inbuilt","6.38 inches, 1080 x 2400 px, 90 Hz Display with Water Drop Notch",64 MP + 2 MP Dual Rear & 16 MP Front Camera,"Snapdragon 695, Octa Core, 2.2 GHz Processor","Memory Card (Hybrid), upto 1 TB",Android v13,Vivo,6.0,128.0,4500.0,44.0,6.38,90.0,64.0,16.0,Snapdragon,Mid-Range,49.38
Vivo Y100 5G,15999,82,"Dual Sim, 3G, 4G, 5G, VoLTE, Wi-Fi",4500 mAh Battery with 44W Fast Charging,"8 GB RAM, 128 GB inbuilt","6.38 inches, 1080 x 2400 px, 90 Hz Display with Punch Hole",64 MP + 2 MP + 2 MP Triple Rear & 16 MP Front Camera,"Dimensity  900, Octa Core, 2.4 GHz Processor",Memory Card (Hybrid),Android v13,Vivo,8.0,128.0,4500.0,44.0,6.38,90.0,64.0,16.0,Dimensity,Mid-Range,51.25
Tecno Spark 20 Pro 5G,15999,81,"Dual Sim, 3G, 4G, 5G, VoLTE, Wi-Fi",5000 mAh Battery with 33W Fast Charging,"8 GB RAM, 256 GB inbuilt","6.78 inches, 1080 x 2460 px, 120 Hz Display with Punch Hole",108 MP + 2 MP Triple Rear & 8 MP Front Camera,"Dimensity 6080, Octa Core, 2.4 GHz Processor",Memory Card Supported,Android v14,Tecno,8.0,256.0,5000.0,33.0,6.78,120.0,108.0,8.0,Dimensity,Mid-Range,50.63
Infinix Note 40,15999,86,"Dual Sim, 3G, 4G, VoLTE, Wi-Fi, NFC, IR Blaster",5000 mAh Battery with 45W Fast Charging,"8 GB RAM, 256 GB inbuilt","6.78 inches, 1080 x 2436 px, 120 Hz Display with Punch Hole",108 MP + 2 MP Triple Rear & 32 MP Front Camera,"Helio G99 Ultimate, Octa Core, 2.2 GHz Processor",Memory Card Supported,Android v14,Infinix,8.0,256.0,5000.0,45.0,6.78,120.0,108.0,32.0,Helio,Mid-Range,53.75
Vivo T5X 5G,15990,75,"Dual Sim, 3G, 4G, 5G, VoLTE, Wi-Fi",6700 mAh Battery with 67W Fast Charging,"8 GB RAM, 128 GB inbuilt","6.82 inches, 1080 x 2408 px, 120 Hz Display with Punch Hole",50 MP + 2 MP Dual Rear & 32 MP Front Camera,"Dimensity 7400, Octa Core Processor","Memory Card (Hybrid), upto 1 TB",Android v16,Vivo,8.0,128.0,6700.0,67.0,6.82,120.0,50.0,32.0,Dimensity,Mid-Range,46.9
Xiaomi Redmi Note 15,15990,83,"Dual Sim, 3G, 4G, 5G, VoLTE, Wi-Fi, IR Blaster",5000 mAh Battery with 80W Fast Charging,"8 GB RAM, 128 GB inbuilt","6.73 inches, 1080 x 2480 px, 120 Hz Display with Punch Hole",64 MP + 13 MP + 2 MP Triple Rear & 32 MP Front Camera,"Dimensity 6020, Octa Core, 2.2 GHz Processor","Memory Card Supported, upto 1 TB",Android v15,Xiaomi,8.0,128.0,5000.0,80.0,6.73,120.0,64.0,32.0,Dimensity,Mid-Range,51.91
Motorola Moto G56 5G,15990,85,"Dual Sim, 3G, 4G, 5G, VoLTE, Wi-Fi",6000 mAh Battery with 44W Fast Charging,"8 GB RAM, 128 GB inbuilt","6.5 inches, 1080 x 2400 px, 120 Hz Display with Punch Hole",50 MP + 8 MP + 2 MP Triple Rear & 16 MP Front Camera,"Dimensity 7025, Octa Core, 2.5 GHz Processor","Memory Card (Hybrid), upto 1 TB",Android v14,Motorola,8.0,128.0,6000.0,44.0,6.5,120.0,50.0,16.0,Dimensity,Mid-Range,53.16
Infinix Hot 50 Pro,15990,81,"Dual Sim, 3G, 4G, VoLTE, Wi-Fi, NFC",5000 mAh Battery with 33W Fast Charging,"8 GB RAM, 128 GB inbuilt","6.78 inches, 1080 x 2436 px, 120 Hz Display with Punch Hole",50 MP + 2 MP Triple Rear & 8 MP Front Camera,"Helio G100, Octa Core, 2.2 GHz Processor","Memory Card Supported, upto 1 TB",Android v14,Infinix,8.0,128.0,5000.0,33.0,6.78,120.0,50.0,8.0,Helio,Mid-Range,50.66
Nubia Neo,15990,81,"Dual Sim, 3G, 4G, 5G, VoLTE, Wi-Fi, NFC",4500 mAh Battery with 22.5W Fast Charging,"8 GB RAM, 256 GB inbuilt","6.6 inches, 1080 x 2408 px, 120 Hz Display with Water Drop Notch",50 MP + 2 MP Dual Rear & 8 MP Front Camera,"Unisoc T820, Octa Core, 2.7 GHz Processor",Memory Card (Hybrid),Android v13,Nubia,8.0,256.0,4500.0,5.0,6.6,120.0,50.0,8.0,Unisoc,Mid-Range,50.66
Vivo T2X 5G (6Gb Ram + 128Gb),15990,78,"Dual Sim, 3G, 4G, 5G, VoLTE, Wi-Fi",5000 mAh Battery with 18W Fast Charging,"6 GB RAM, 128 GB inbuilt","6.58 inches, 1080 x 2408 px Display with Water Drop Notch",50 MP + 2 MP Dual Rear & 8 MP Front Camera,"Dimensity 6020, Octa Core, 2.2 GHz Processor","Memory Card (Hybrid), upto 1 TB",Android v13,Vivo,6.0,128.0,5000.0,18.0,6.58,60.0,50.0,8.0,Dimensity,Mid-Range,48.78
Motorola Moto S50 Neo,15990,84,"Dual Sim, 3G, 4G, 5G, VoLTE, Wi-Fi, NFC",5000 mAh Battery with 30W Fast Charging,"8 GB RAM, 256 GB inbuilt","6.7 inches, 1080 x 2400 px, 120 Hz Display with Punch Hole",50 MP + 8 MP Dual Rear & 32 MP Front Camera,"Snapdragon 6s Gen 3, Octa Core, 2.2 GHz Processor",Memory Card Supported,Android v14,Motorola,8.0,256.0,5000.0,30.0,6.7,120.0,50.0,32.0,Snapdragon,Mid-Range,52.53
Vivo Y23,15990,73,"Dual Sim, 3G, 4G, VoLTE, Wi-Fi",5000 mAh Battery with 18W Fast Charging,"4 GB RAM, 128 GB inbuilt","6.6 inches, 720 x 1612 px, 120 Hz Display with Water Drop Notch",50 MP + 2 MP Dual Rear & 8 MP Front Camera,"Helio G85, Octa Core, 2 GHz Processor","Memory Card Supported, upto 1 TB",Android v13,Vivo,4.0,128.0,5000.0,18.0,6.6,120.0,50.0,8.0,Helio,Mid-Range,45.65
Vivo Y29S 5G,15990,78,"Dual Sim, 3G, 4G, 5G, VoLTE, Wi-Fi",5500 mAh Battery with 15W Fast Charging,"8 GB RAM, 256 GB inbuilt","6.74 inches, 720 x 1600 px, 90 Hz Display with Punch Hole",50 MP + 0.08 MP Dual Rear & 5 MP Front Camera,"Dimensity 6300, Octa Core, 2.4 GHz Processor","Memory Card Supported, upto 2 TB",Android v15,Vivo,8.0,256.0,5500.0,15.0,6.74,90.0,50.0,5.0,Dimensity,Mid-Range,48.78
Sony Xperia L5 5G,15990,73,"Single Sim, 3G, 4G, VoLTE, Wi-Fi, NFC",4000 mAh Battery with Fast Charging,"4 GB RAM, 64 GB inbuilt","6.2 inches, 720 x 1680 px Display",13 MP + 5 MP + 2 MP Triple Rear & 8 MP Front Camera,"Helio P35, Octa Core, 2.3 GHz Processor","Memory Card (Hybrid), upto 512 GB",Android v12,Sony,4.0,64.0,4000.0,0.0,6.2,60.0,13.0,8.0,Helio,Mid-Range,45.65
Poco X6 Neo (12Gb Ram + 256Gb),15990,84,"Dual Sim, 3G, 4G, 5G, VoLTE, Wi-Fi, IR Blaster",5000 mAh Battery with 33W Fast Charging,"12 GB RAM, 256 GB inbuilt","6.67 inches, 1080 x 2400 px, 120 Hz Display with Punch Hole",108 MP + 2 MP Dual Rear & 16 MP Front Camera,"Dimensity 6080, Octa Core, 2.4 GHz Processor","Memory Card (Hybrid), upto 1 TB",Android v13,Poco,12.0,256.0,5000.0,33.0,6.67,120.0,108.0,16.0,Dimensity,Mid-Range,52.53
Xiaomi Redmi Note 12 Pro 5G,15830,79,"Dual Sim, 3G, 4G, 5G, VoLTE, Wi-Fi, IR Blaster",5000 mAh Battery with 67W Fast Charging,"6 GB RAM, 128 GB inbuilt","6.67 inches, 1080 x 2400 px, 120 Hz Display with Punch Hole",50 MP + 8 MP + 2 MP Triple Rear & 16 MP Front Camera,"Dimensity 1080, Octa Core, 2.6 GHz Processor",Memory Card Supported,Android v10,Xiaomi,6.0,128.0,5000.0,67.0,6.67,120.0,50.0,16.0,Dimensity,Mid-Range,49.91
Realme Narzo 70 Turbo 5G,15800,81,"Dual Sim, 3G, 4G, 5G, VoLTE, Wi-Fi",5000 mAh Battery with 45W Fast Charging,"6 GB RAM, 128 GB inbuilt","6.67 inches, 1080 x 2400 px, 120 Hz Display with Punch Hole",50 MP + 2 MP Dual Rear & 16 MP Front Camera,"Dimensity 7300 Energy, Octa Core, 2.5 GHz Processor","Memory Card (Hybrid), upto 1 TB",Android v14,Realme,6.0,128.0,5000.0,45.0,6.67,120.0,50.0,16.0,Dimensity,Mid-Range,51.27
Samsung Galaxy M35 5G,15499,81,"Dual Sim, 3G, 4G, 5G, VoLTE, Wi-Fi, NFC",6000 mAh Battery with 25W Fast Charging,"6 GB RAM, 128 GB inbuilt","6.6 inches, 1080 x 2340 px, 120 Hz Display with Punch Hole",50 MP + 8 MP + 2 MP Triple Rear & 13 MP Front Camera,"Exynos 1380, Octa Core, 2.4 GHz Processor","Memory Card (Hybrid), upto 1 TB",Android v14,Samsung,6.0,128.0,6000.0,25.0,6.6,120.0,50.0,13.0,Exynos,Mid-Range,52.26
Iqoo Z9 5G,15499,83,"Dual Sim, 3G, 4G, 5G, VoLTE, Wi-Fi",5000 mAh Battery with 44W Fast Charging,"8 GB RAM, 128 GB inbuilt","6.67 inches, 1080 x 2400 px, 120 Hz Display with Punch Hole",50 MP + 2 MP Dual Rear & 16 MP Front Camera,"Dimensity 7200, Octa Core, 2.8 GHz Processor","Memory Card (Hybrid), upto 1 TB",Android v14,Iqoo,8.0,128.0,5000.0,44.0,6.67,120.0,50.0,16.0,Dimensity,Mid-Range,53.55
Poco M7 Pro 5G (8Gb Ram + 256Gb),15499,82,"Dual Sim, 3G, 4G, 5G, VoLTE, Wi-Fi, IR Blaster",5110 mAh Battery with 45W Fast Charging,"8 GB RAM, 256 GB inbuilt","6.67 inches, 1080 x 2400 px, 120 Hz Display with Punch Hole",50 MP + 2 MP Dual Rear & 20 MP Front Camera,"Dimensity 7025 Ultra, Octa Core, 2.5 GHz Processor","Memory Card (Hybrid), upto 1 TB",Android v14,Poco,8.0,256.0,5110.0,45.0,6.67,120.0,50.0,20.0,Dimensity,Mid-Range,52.91
Xiaomi Redmi Note 13 5G (8Gb Ram + 256Gb),15499,84,"Dual Sim, 3G, 4G, 5G, VoLTE, Vo5G, Wi-Fi, IR Blaster",5000 mAh Battery with 33W Fast Charging,"8 GB RAM, 256 GB inbuilt","6.67 inches, 1080 x 2400 px, 120 Hz Display with Punch Hole",108 MP + 8 MP + 2 MP Triple Rear & 16 MP Front Camera,"Dimensity 6080, Octa Core, 2.4 GHz Processor","Memory Card Supported, upto 1 TB",Android v13,Xiaomi,8.0,256.0,5000.0,33.0,6.67,120.0,108.0,16.0,Dimensity,Mid-Range,54.2
Samsung Galaxy A16 5G (6Gb Ram + 128Gb),15499,80,"Dual Sim, 3G, 4G, 5G, VoLTE, Wi-Fi, NFC",5000 mAh Battery with 25W Fast Charging,"6 GB RAM, 128 GB inbuilt","6.7 inches, 1080 x 2340 px, 90 Hz Display with Water Drop Notch",50 MP + 5 MP + 2 MP Triple Rear & 13 MP Front Camera,"Dimensity 6300, Octa Core, 2.4 GHz Processor","Memory Card (Hybrid), upto 1.5 TB",Android v14,Samsung,6.0,128.0,5000.0,25.0,6.7,90.0,50.0,13.0,Dimensity,Mid-Range,51.62
Vivo Y29 5G (6Gb+128Gb),15499,76,"Dual Sim, 3G, 4G, 5G, VoLTE, Wi-Fi",5500 mAh Battery with 44W Fast Charging,"6 GB RAM, 128 GB inbuilt","6.68 inches, 720 x 1608 px, 120 Hz Display with Punch Hole",50 MP + 0.08 MP Dual Rear & 8 MP Front Camera,"Dimensity 6300, Octa Core, 2.4 GHz Processor","Memory Card (Hybrid), upto 1 TB",Android v14,Vivo,6.0,128.0,5500.0,44.0,6.68,120.0,50.0,8.0,Dimensity,Mid-Range,49.04
Vivo T3X 5G (8Gb Ram + 128Gb),15499,80,"Dual Sim, 3G, 4G, 5G, VoLTE, Wi-Fi",6000 mAh Battery with 44W Fast Charging,"8 GB RAM, 128 GB inbuilt","6.72 inches, 1080 x 2408 px, 120 Hz Display with Punch Hole",50 MP + 2 MP Dual Rear & 8 MP Front Camera,"Snapdragon 6 Gen1, Octa Core, 2.2 GHz Processor","Memory Card (Hybrid), upto 1 TB",Android v14,Vivo,8.0,128.0,6000.0,44.0,6.72,120.0,50.0,8.0,Snapdragon,Mid-Range,51.62
Xiaomi Redmi Note 13 5G,15245,81,"Dual Sim, 3G, 4G, 5G, VoLTE, Vo5G, Wi-Fi, IR Blaster",5000 mAh Battery with 33W Fast Charging,"6 GB RAM, 128 GB inbuilt","6.67 inches, 1080 x 2400 px, 120 Hz Display with Punch Hole",108 MP + 8 MP + 2 MP Triple Rear & 16 MP Front Camera,"Dimensity 6080, Octa Core, 2.4 GHz Processor","Memory Card Supported, upto 1 TB",Android v13,Xiaomi,6.0,128.0,5000.0,33.0,6.67,120.0,108.0,16.0,Dimensity,Mid-Range,53.13
Iqoo Z10X 5G (8Gb Ram + 128Gb),14999,79,"Dual Sim, 3G, 4G, 5G, VoLTE, Wi-Fi, IR Blaster",6500 mAh Battery with 44W Fast Charging,"8 GB RAM, 128 GB inbuilt","6.72 inches, 1080 x 2408 px, 120 Hz Display with Punch Hole",50 MP + 2 MP Dual Rear & 8 MP Front Camera,"Dimensity 7300, Octa Core, 2.5 GHz Processor",Memory Card Supported,Android v15,Iqoo,8.0,128.0,6500.0,44.0,6.72,120.0,50.0,8.0,Dimensity,Budget,52.67
Xiaomi Redmi 14 5G,14999,75,"Dual Sim, 3G, 4G, 5G, VoLTE, Wi-Fi, IR Blaster",5000 mAh Battery with 44W Fast Charging,"8 GB RAM, 128 GB inbuilt","6.82 inches, 1080 x 2460 px, 120 Hz Display with Punch Hole",108 MP + 2 MP Dual Rear & 16 MP Front Camera,"Snapdragon 4s Gen2, Octa Core Processor","Memory Card (Hybrid), upto 1 TB",Android v15,Xiaomi,8.0,128.0,5000.0,44.0,6.82,120.0,108.0,16.0,Snapdragon,Budget,50.0
Samsung Galaxy F16 5G (6Gb Ram + 128Gb),14999,80,"Dual Sim, 3G, 4G, 5G, VoLTE, Wi-Fi, NFC",5000 mAh Battery with 25W Fast Charging,"6 GB RAM, 128 GB inbuilt","6.7 inches, 1080 x 2340 px, 90 Hz Display with Punch Hole",50 MP + 5 MP + 2 MP Triple Rear & 13 MP Front Camera,"Dimensity 6300, Octa Core, 2.4 GHz Processor","Memory Card (Hybrid), upto 1.5 TB",Android v15,Samsung,6.0,128.0,5000.0,25.0,6.7,90.0,50.0,13.0,Dimensity,Budget,53.34
Oppo A3 5G 2024,14999,77,"Dual Sim, 3G, 4G, 5G, VoLTE, Wi-Fi",5100 mAh Battery with 45W Fast Charging,"6 GB RAM, 128 GB inbuilt","6.67 inches, 720 x 1604 px, 120 Hz Display with Punch Hole",50 MP Dual Rear & 5 MP Front Camera,"Dimensity 6300, Octa Core, 2.4 GHz Processor","Memory Card (Hybrid), upto 2 TB",Android v14,Oppo,6.0,128.0,5100.0,45.0,6.67,120.0,50.0,5.0,Dimensity,Budget,51.34
Lava Blaze X 5G,14999,75,"Dual Sim, 3G, 4G, 5G, VoLTE, Wi-Fi",5000 mAh Battery with 33W Fast Charging,"4 GB RAM, 128 GB inbuilt","6.67 inches, 1080 x 2400 px, 120 Hz Display with Punch Hole",64 MP + 2 MP Dual Rear & 16 MP Front Camera,"Dimensity 6300, Octa Core, 2.4 GHz Processor",Memory Card Not Supported,Android v14,Lava,4.0,128.0,5000.0,33.0,6.67,120.0,64.0,16.0,Dimensity,Budget,50.0
Samsung Galaxy F15 5G (8Gb Ram + 128Gb),14999,80,"Dual Sim, 3G, 4G, 5G, VoLTE, Wi-Fi",6000 mAh Battery with 25W Fast Charging,"8 GB RAM, 128 GB inbuilt","6.45 inches, 1080 x 2340 px, 90 Hz Display with Water Drop Notch",50 MP + 5 MP + 2 MP Triple Rear & 13 MP Front Camera,"Dimensity 6100 Plus, Octa Core, 2.2 GHz Processor","Memory Card (Hybrid), upto 1 TB",Android v14,Samsung,8.0,128.0,6000.0,25.0,6.45,90.0,50.0,13.0,Dimensity,Budget,53.34
Infinix Note 30 5G (8Gb Ram + 256Gb),14999,87,"Dual Sim, 3G, 4G, 5G, VoLTE, Wi-Fi, NFC",5000 mAh Battery with 45W Fast Charging,"8 GB RAM, 256 GB inbuilt","6.78 inches, 1080 x 2460 px, 120 Hz Display with Punch Hole",108 MP + 2 MP Triple Rear & 16 MP Front Camera,"Dimensity 6080, Octa Core, 2.4 GHz Processor","Memory Card Supported, upto 2 TB",Android v13,Infinix,8.0,256.0,5000.0,45.0,6.78,120.0,108.0,16.0,Dimensity,Budget,58.0
Realme 14T 5G,14990,76,"Dual Sim, 3G, 4G, 5G, VoLTE, Wi-Fi",6000 mAh Battery with 45W Fast Charging,"6 GB RAM, 128 GB inbuilt","6.67 inches, 720 x 1604 px, 120 Hz Display with Punch Hole",50 MP + 2 MP Dual Rear & 16 MP Front Camera,"Dimensity 6300, Octa Core, 2.4 GHz Processor",Memory Card (Hybrid),Android v15,Realme,6.0,128.0,6000.0,45.0,6.67,120.0,50.0,16.0,Dimensity,Budget,50.7
Infinix Note 50,14990,84,"Dual Sim, 3G, 4G, VoLTE, Wi-Fi, NFC, IR Blaster",5200 mAh Battery with 45W Fast Charging,"8 GB RAM, 256 GB inbuilt","6.78 inches, 1080 x 2436 px, 144 Hz Display with Punch Hole",50 MP + 2 MP Dual Rear & 13 MP Front Camera,"Helio G100, Octa Core, 2.2 GHz Processor","Memory Card Supported, upto 2 TB",Android v15,Infinix,8.0,256.0,5200.0,45.0,6.78,144.0,50.0,13.0,Helio,Budget,56.04
Oppo A60 5G,14990,76,"Dual Sim, 3G, 4G, 5G, VoLTE, Wi-Fi, NFC",5100 mAh Battery with 45W Fast Charging,"6 GB RAM, 128 GB inbuilt","6.67 inches, 720 x 1604 px, 120 Hz Display with Punch Hole",50 MP Dual Rear & 5 MP Front Camera,"Dimensity 6300, Octa Core, 2.4 GHz Processor","Memory Card Supported, upto 1 TB",Android v14,Oppo,6.0,128.0,5100.0,45.0,6.67,120.0,50.0,5.0,Dimensity,Budget,50.7
Realme C75X,14990,66,"Dual Sim, 3G, 4G, VoLTE, Wi-Fi",5180 mAh Battery with 45W Fast Charging,"6 GB RAM, 128 GB inbuilt","6.67 inches, 720 x 1604 px, 120 Hz Display with Punch Hole",50 MP + 2 MP Dual Rear & 8 MP Front Camera,Octa Core Processor,Memory Card (Hybrid),Android v15,Realme,6.0,128.0,5180.0,45.0,6.67,120.0,50.0,8.0,Octa,Budget,44.03
Poco X6 Neo,14990,83,"Dual Sim, 3G, 4G, 5G, VoLTE, Wi-Fi, IR Blaster",5000 mAh Battery with 33W Fast Charging,"8 GB RAM, 128 GB inbuilt","6.67 inches, 1080 x 2400 px, 120 Hz Display with Punch Hole",108 MP + 2 MP Dual Rear & 16 MP Front Camera,"Dimensity 6080, Octa Core, 2.4 GHz Processor","Memory Card (Hybrid), upto 1 TB",Android v13,Poco,8.0,128.0,5000.0,33.0,6.67,120.0,108.0,16.0,Dimensity,Budget,55.37
Oppo A4X 5G,14990,76,"Dual Sim, 3G, 4G, 5G, VoLTE, Wi-Fi",5500 mAh Battery with 67W Fast Charging,"6 GB RAM, 128 GB inbuilt","6.74 inches, 720 x 1604 px, 120 Hz Display with Punch Hole",50 MP Rear & 8 MP Front Camera,"Dimensity 7300, Octa Core, 2.5 GHz Processor",Memory Card (Hybrid),Android v15,Oppo,6.0,128.0,5500.0,67.0,6.74,120.0,50.0,8.0,Dimensity,Budget,50.7
Realme Note 60 5G,14990,65,"Dual Sim, 3G, 4G, 5G, VoLTE, Wi-Fi",5000 mAh Battery with 33W Fast Charging,"4 GB RAM, 128 GB inbuilt","6.74 inches, 1080 x 2400 px, 120 Hz Display with Punch Hole",32 MP Dual Rear & 5 MP Front Camera,"Dimensity 1200, Octa Core Processor","Memory Card Supported, upto 1 TB",Android v14,Realme,4.0,128.0,5000.0,33.0,6.74,120.0,32.0,5.0,Dimensity,Budget,43.36
Vivo T2X 5G,14990,75,"Dual Sim, 3G, 4G, 5G, VoLTE, Wi-Fi",5000 mAh Battery with 18W Fast Charging,"4 GB RAM, 128 GB inbuilt","6.58 inches, 1080 x 2408 px Display with Water Drop Notch",50 MP + 2 MP Dual Rear & 8 MP Front Camera,"Dimensity 6020, Octa Core, 2.2 GHz Processor","Memory Card (Hybrid), upto 1 TB",Android v13,Vivo,4.0,128.0,5000.0,18.0,6.58,60.0,50.0,8.0,Dimensity,Budget,50.03
Poco M8,14990,82,"Dual Sim, 3G, 4G, 5G, VoLTE, Wi-Fi, IR Blaster",5500 mAh Battery with 100W Fast Charging,"8 GB RAM, 128 GB inbuilt","6.78 inches, 1080 x 2400 px, 120 Hz Display with Punch Hole",50 MP + 2 MP Dual Rear & 16 MP Front Camera,"Dimensity 7050, Octa Core, 2.6 GHz Processor","Memory Card (Hybrid), upto 1 TB",Android v14,Poco,8.0,128.0,5500.0,100.0,6.78,120.0,50.0,16.0,Dimensity,Budget,54.7
Motorola Moto G36 5G,14990,76,"Dual Sim, 3G, 4G, 5G, VoLTE, Vo5G, Wi-Fi",5000 mAh Battery with 45W Fast Charging,"6 GB RAM, 128 GB inbuilt","6.6 inches, 720 x 1600 px, 120 Hz Display with Punch Hole",50 MP + 8 MP Dual Rear & 16 MP Front Camera,"Dimensity 6300, Octa Core, 2.4 GHz Processor","Memory Card (Hybrid), upto 1 TB",Android v14,Motorola,6.0,128.0,5000.0,45.0,6.6,120.0,50.0,16.0,Dimensity,Budget,50.7
Tecno Pova 6 Neo,14990,79,"Dual Sim, 3G, 4G, VoLTE, Wi-Fi, NFC, IR Blaster",7000 mAh Battery with 33W Fast Charging,"8 GB RAM, 128 GB inbuilt","6.78 inches, 1080 x 2460 px, 120 Hz Display with Punch Hole",50 MP + 2 MP Dual Rear & 8 MP Front Camera,"Helio G99 Ultimate, Octa Core, 2.2 GHz Processor",Memory Card Supported,Android v14,Tecno,8.0,128.0,7000.0,33.0,6.78,120.0,50.0,8.0,Helio,Budget,52.7
Infinix Note 40S,14990,86,"Dual Sim, 3G, 4G, VoLTE, Wi-Fi, NFC, IR Blaster",5000 mAh Battery with 45W Fast Charging,"8 GB RAM, 256 GB inbuilt","6.78 inches, 1080 x 2436 px, 120 Hz Display with Punch Hole",108 MP + 2 MP Dual Rear & 32 MP Front Camera,"Helio G99, Octa Core, 2.2 GHz Processor",Memory Card Supported,Android v14,Infinix,8.0,256.0,5000.0,45.0,6.78,120.0,108.0,32.0,Helio,Budget,57.37
Tecno Camon 30,14990,85,"Dual Sim, 3G, 4G, VoLTE, Wi-Fi, NFC, IR Blaster",5000 mAh Battery with 70W Fast Charging,"8 GB RAM, 256 GB inbuilt","6.78 inches, 1080 x 2436 px, 120 Hz Display with Punch Hole",50 MP + 2 MP + 0.08 MP Triple Rear & 50 MP Front Camera,"Helio G99 Ultimate, Octa Core, 2.2 GHz Processor","Memory Card Supported, upto 1 TB",Android v14,Tecno,8.0,256.0,5000.0,70.0,6.78,120.0,50.0,50.0,Helio,Budget,56.7
Tecno Spark 12,14990,81,"Dual Sim, 3G, 4G, VoLTE, Wi-Fi, NFC",5000 mAh Battery with 44W Fast Charging,"8 GB RAM, 128 GB inbuilt","6.7 inches, 1080 x 2400 px, 120 Hz Display with Water Drop Notch",64 MP Dual Rear & 16 MP Front Camera,"Helio G99, Octa Core, 2.2 GHz Processor",Memory Card Supported,Android v14,Tecno,8.0,128.0,5000.0,44.0,6.7,120.0,64.0,16.0,Helio,Budget,54.04
Samsung Galaxy A23 5G,14950,79,"Dual Sim, 3G, 4G, 5G, VoLTE, Wi-Fi",5000 mAh Battery with 25W Fast Charging,"6 GB RAM, 128 GB inbuilt","6.6 inches, 1080 x 2408 px, 120 Hz Display with Water Drop Notch",50 MP Quad Rear & 8 MP Front Camera,"Snapdragon 695, Octa Core, 2.2 GHz Processor","Memory Card Supported, upto 1 TB",Android v12,Samsung,6.0,128.0,5000.0,25.0,6.6,120.0,50.0,8.0,Snapdragon,Budget,52.84
Realme 13 5G (8Gb Ram +256Gb),14940,83,"Dual Sim, 3G, 4G, 5G, VoLTE, Wi-Fi",5000 mAh Battery with 45W Fast Charging,"8 GB RAM, 256 GB inbuilt","6.72 inches, 1080 x 2400 px, 120 Hz Display with Punch Hole",50 MP + 2 MP Dual Rear & 16 MP Front Camera,"Dimensity 6300, Octa Core, 2.4 GHz Processor","Memory Card (Hybrid), upto 2 TB",Android v14,Realme,8.0,256.0,5000.0,45.0,6.72,120.0,50.0,16.0,Dimensity,Budget,55.56
Xiaomi Redmi Note 12 (8Gb Ram + 256Gb),14899,83,"Dual Sim, 3G, 4G, 5G, VoLTE, Wi-Fi, IR Blaster",5000 mAh Battery with 33W Fast Charging,"8 GB RAM, 256 GB inbuilt","6.67 inches, 1080 x 2400 px, 120 Hz Display with Punch Hole",48 MP + 8 MP + 2 MP Triple Rear & 13 MP Front Camera,"Snapdragon 4 Gen 1, Octa Core, 2 GHz Processor","Memory Card (Hybrid), upto 1 TB",Android v12,Xiaomi,8.0,256.0,5000.0,33.0,6.67,120.0,48.0,13.0,Snapdragon,Budget,55.71
Cmf Phone 1 (8Gb Ram + 128Gb),14821,82,"Dual Sim, 3G, 4G, 5G, VoLTE, Wi-Fi",5000 mAh Battery with 33W Fast Charging,"8 GB RAM, 128 GB inbuilt","6.67 inches, 1080 x 2400 px, 120 Hz Display with Punch Hole",50 MP + 2 MP Dual Rear & 16 MP Front Camera,"Dimensity 7300, Octa Core, 2.5 GHz Processor","Memory Card (Hybrid), upto 2 TB",Android v14,Cmf,8.0,128.0,5000.0,33.0,6.67,120.0,50.0,16.0,Dimensity,Budget,55.33
Realme 14X (8Gb Ram + 128Gb),14799,78,"Dual Sim, 3G, 4G, 5G, VoLTE, Wi-Fi",6000 mAh Battery with 45W Fast Charging,"8 GB RAM, 128 GB inbuilt","6.67 inches, 720 x 1604 px, 120 Hz Display with Punch Hole",50 MP + 2 MP Dual Rear & 8 MP Front Camera,"Dimensity 6300, Octa Core, 2.4 GHz Processor",Memory Card (Hybrid),Android v14,Realme,8.0,128.0,6000.0,45.0,6.67,120.0,50.0,8.0,Dimensity,Budget,52.71
Samsung Galaxy F42 5G,14799,80,"Dual Sim, 3G, 4G, 5G, VoLTE, Wi-Fi",5000 mAh Battery with 15W Fast Charging,"6 GB RAM, 128 GB inbuilt","6.6 inches, 1080 x 2408 px, 90 Hz Display with Water Drop Notch",64 MP + 5 MP + 2 MP Triple Rear & 8 MP Front Camera,"Dimensity 700 5G, Octa Core, 2.2 GHz Processor","Memory Card Supported, upto 1 TB",Android v11,Samsung,6.0,128.0,5000.0,15.0,6.6,90.0,64.0,8.0,Dimensity,Budget,54.06
Motorola Moto G71 5G,14790,80,"Dual Sim, 3G, 4G, 5G, VoLTE, Wi-Fi, NFC",5000 mAh Battery with 33W Fast Charging,"6 GB RAM, 128 GB inbuilt","6.4 inches, 1080 x 2400 px Display with Punch Hole",50 MP + 8 MP + 2 MP Triple Rear & 16 MP Front Camera,"Snapdragon 695, Octa Core, 2.2 GHz Processor",Memory Card Not Supported,Android v11,Motorola,6.0,128.0,5000.0,33.0,6.4,60.0,50.0,16.0,Snapdragon,Budget,54.09
Vivo T4X 5G,14744,76,"Dual Sim, 3G, 4G, 5G, VoLTE, Wi-Fi, IR Blaster",6500 mAh Battery with 44W Fast Charging,"6 GB RAM, 128 GB inbuilt","6.72 inches, 1080 x 2408 px, 120 Hz Display with Punch Hole",50 MP + 2 MP Dual Rear & 8 MP Front Camera,"Dimensity 7300, Octa Core, 2.5 GHz Processor",Memory Card Not Supported,Android v15,Vivo,6.0,128.0,6500.0,44.0,6.72,120.0,50.0,8.0,Dimensity,Budget,51.55
Samsung Galaxy M16 5G (8Gb Ram + 128Gb),14499,81,"Dual Sim, 3G, 4G, 5G, VoLTE, Wi-Fi, NFC",5000 mAh Battery with 25W Fast Charging,"8 GB RAM, 128 GB inbuilt","6.7 inches, 1080 x 2340 px, 90 Hz Display with Punch Hole",50 MP + 5 MP + 2 MP Triple Rear & 13 MP Front Camera,"Dimensity 6300, Octa Core, 2.4 GHz Processor","Memory Card (Hybrid), upto 1.5 TB",Android v15,Samsung,8.0,128.0,5000.0,25.0,6.7,90.0,50.0,13.0,Dimensity,Budget,55.87
Vivo T3X 5G (6Gb Ram + 128Gb),14499,78,"Dual Sim, 3G, 4G, 5G, VoLTE, Wi-Fi",6000 mAh Battery with 44W Fast Charging,"6 GB RAM, 128 GB inbuilt","6.72 inches, 1080 x 2408 px, 120 Hz Display with Punch Hole",50 MP + 2 MP Dual Rear & 8 MP Front Camera,"Snapdragon 6 Gen1, Octa Core, 2.2 GHz Processor","Memory Card (Hybrid), upto 1 TB",Android v14,Vivo,6.0,128.0,6000.0,44.0,6.72,120.0,50.0,8.0,Snapdragon,Budget,53.8
Samsung Galaxy M15 5G Prime Edition (8Gb Ram +128Gb),14499,81,"Dual Sim, 3G, 4G, 5G, VoLTE, Wi-Fi",6000 mAh Battery with 25W Fast Charging,"8 GB RAM, 128 GB inbuilt","6.5 inches, 1080 x 2340 px, 90 Hz Display with Water Drop Notch",50 MP + 5 MP + 2 MP Triple Rear & 13 MP Front Camera,"Dimensity 6100 Plus, Octa Core, 2.2 GHz Processor","Memory Card (Hybrid), upto 1 TB",Android v14,Samsung,8.0,128.0,6000.0,25.0,6.5,90.0,50.0,13.0,Dimensity,Budget,55.87
Xiaomi Redmi 13C 5G (8Gb Ram + 256Gb),14499,79,"Dual Sim, 3G, 4G, 5G, VoLTE, Wi-Fi",5000 mAh Battery with 18W Fast Charging,"8 GB RAM, 256 GB inbuilt","6.74 inches, 720 x 1600 px, 90 Hz Display with Water Drop Notch",50 MP + Depth Sensor Dual Rear & 5 MP Front Camera,"Dimensity 6100 Plus, Octa Core, 2.2 GHz Processor","Memory Card Supported, upto 1 TB",Android v13,Xiaomi,8.0,256.0,5000.0,18.0,6.74,90.0,50.0,5.0,Dimensity,Budget,54.49
Vivo Y29 4G,14499,76,"Dual Sim, 3G, 4G, VoLTE, Wi-Fi, NFC, IR Blaster",6500 mAh Battery with 44W Fast Charging,"6 GB RAM, 128 GB inbuilt","6.68 inches, 720 x 1608 px, 120 Hz Display with Punch Hole",50 MP + 2 MP Dual Rear & 8 MP Front Camera,"Snapdragon 685, Octa Core, 2.8 GHz Processor",Memory Card (Hybrid),Android v15,Vivo,6.0,128.0,6500.0,44.0,6.68,120.0,50.0,8.0,Snapdragon,Budget,52.42
Vivo Y28S 5G (6Gb Ram + 128Gb),14499,77,"Dual Sim, 3G, 4G, 5G, VoLTE, Wi-Fi",5000 mAh Battery with 15W Fast Charging,"6 GB RAM, 128 GB inbuilt","6.56 inches, 720 x 1612 px, 90 Hz Display with Water Drop Notch",50 MP + 0.08 MP Dual Rear & 8 MP Front Camera,"Dimensity 6300, Octa Core, 2.4 GHz Processor","Memory Card (Hybrid), upto 1 TB",Android v14,Vivo,6.0,128.0,5000.0,15.0,6.56,90.0,50.0,8.0,Dimensity,Budget,53.11
Samsung Galaxy M15 5G (6Gb Ram + 128Gb),14499,79,"Dual Sim, 3G, 4G, 5G, VoLTE, Wi-Fi",6000 mAh Battery with 25W Fast Charging,"6 GB RAM, 128 GB inbuilt","6.45 inches, 1080 x 2340 px, 90 Hz Display with Water Drop Notch",50 MP + 5 MP + 2 MP Triple Rear & 13 MP Front Camera,"Dimensity 6100 Plus, Octa Core, 2.2 GHz Processor","Memory Card (Hybrid), upto 1 TB",Android v14,Samsung,6.0,128.0,6000.0,25.0,6.45,90.0,50.0,13.0,Dimensity,Budget,54.49
Samsung Galaxy A14 5G (6Gb Ram + 128Gb),14499,79,"Dual Sim, 3G, 4G, 5G, VoLTE, Wi-Fi",5000 mAh Battery with 15W Fast Charging,"6 GB RAM, 128 GB inbuilt","6.6 inches, 1080 x 2408 px, 90 Hz Display with Water Drop Notch",50 MP + 2 MP + 2 MP Triple Rear & 13 MP Front Camera,"Exynos 1330, Octa Core, 2.4 GHz Processor","Memory Card Supported, upto 1 TB",Android v13,Samsung,6.0,128.0,5000.0,15.0,6.6,90.0,50.0,13.0,Exynos,Budget,54.49
Xiaomi Redmi Note 10 Pro (6Gb Ram + 128Gb),14498,81,"Dual Sim, 3G, 4G, VoLTE, Wi-Fi, IR Blaster",5020 mAh Battery with 33W Fast Charging,"6 GB RAM, 128 GB inbuilt","6.67 inches, 1080 x 2400 px, 120 Hz Display with Punch Hole",64 MP Quad Rear & 16 MP Front Camera,"Snapdragon 732G , Octa Core, 2.3 GHz Processor","Memory Card Supported, upto 512 GB",Android v11,Xiaomi,6.0,128.0,5020.0,33.0,6.67,120.0,64.0,16.0,Snapdragon,Budget,55.87
Oppo A78,14394,78,"Dual Sim, 3G, 4G, 5G, VoLTE, Wi-Fi",5000 mAh Battery with 33W Fast Charging,"8 GB RAM, 128 GB inbuilt","6.56 inches, 720 x 1612 px, 90 Hz Display with Water Drop Notch",50 MP + 2 MP Dual Rear & 8 MP Front Camera,"Dimensity 700 5G, Octa Core, 2.2 GHz Processor",Memory Card Supported,Android v12,Oppo,8.0,128.0,5000.0,33.0,6.56,90.0,50.0,8.0,Dimensity,Budget,54.19
Realme 12 5G (8Gb Ram + 128Gb),14049,80,"Dual Sim, 3G, 4G, 5G, VoLTE, Wi-Fi",5000 mAh Battery with 45W Fast Charging,"8 GB RAM, 128 GB inbuilt","6.72 inches, 1080 x 2400 px, 120 Hz Display with Punch Hole",108 MP + 2 MP Dual Rear & 8 MP Front Camera,"Dimensity 6100 Plus, Octa Core, 2.2 GHz Processor","Memory Card (Hybrid), upto 2 TB",Android v14,Realme,8.0,128.0,5000.0,45.0,6.72,120.0,108.0,8.0,Dimensity,Budget,56.94
Realme P3X 5G (8Gb Ram + 128Gb),14045,81,"Dual Sim, 3G, 4G, 5G, VoLTE, Wi-Fi",6000 mAh Battery with 45W Fast Charging,"8 GB RAM, 128 GB inbuilt","6.72 inches, 1080 x 2400 px, 120 Hz Display with Punch Hole",50 MP + 2 MP Dual Rear & 8 MP Front Camera,"Dimensity 6400, Octa Core, 2.5 GHz Processor",Memory Card (Hybrid),Android v15,Realme,8.0,128.0,6000.0,45.0,6.72,120.0,50.0,8.0,Dimensity,Budget,57.67
Lava Bold 5G (8Gb Ram + 128Gb),13999,81,"Dual Sim, 3G, 4G, 5G, VoLTE, Vo5G, Wi-Fi",5000 mAh Battery with 33W Fast Charging,"8 GB RAM, 128 GB inbuilt","6.67 inches, 1080 x 2400 px, 120 Hz Display with Punch Hole",64 MP + 2 MP Dual Rear & 16 MP Front Camera,"Dimensity 6300, Octa Core, 2.4 GHz Processor",Memory Card (Hybrid),Android v14,Lava,8.0,128.0,5000.0,33.0,6.67,120.0,64.0,16.0,Dimensity,Budget,57.86
Vivo Y29 5G,13999,75,"Dual Sim, 3G, 4G, 5G, VoLTE, Wi-Fi",5500 mAh Battery with 44W Fast Charging,"4 GB RAM, 128 GB inbuilt","6.68 inches, 720 x 1608 px, 120 Hz Display with Punch Hole",50 MP + 0.08 MP Dual Rear & 8 MP Front Camera,"Dimensity 6300, Octa Core, 2.4 GHz Processor","Memory Card (Hybrid), upto 1 TB",Android v14,Vivo,4.0,128.0,5500.0,44.0,6.68,120.0,50.0,8.0,Dimensity,Budget,53.58
Realme P1 5G (8Gb Ram+ 128Gb),13999,82,"Dual Sim, 3G, 4G, 5G, VoLTE, Wi-Fi",5000 mAh Battery with 45W Fast Charging,"8 GB RAM, 128 GB inbuilt","6.67 inches, 1080 x 2400 px, 120 Hz Display with Punch Hole",50 MP + 2 MP Dual Rear & 16 MP Front Camera,"Dimensity 7050, Octa Core, 2.6 GHz Processor","Memory Card (Hybrid), upto 2 TB",Android v14,Realme,8.0,128.0,5000.0,45.0,6.67,120.0,50.0,16.0,Dimensity,Budget,58.58
Tecno Pova 6 Neo 5G (8Gb Ram + 256Gb),13999,78,"Dual Sim, 3G, 4G, 5G, VoLTE, Wi-Fi, NFC, IR Blaster",5000 mAh Battery with 18W Fast Charging,"8 GB RAM, 256 GB inbuilt","6.67 inches, 720 x 1600 px, 120 Hz Display with Punch Hole",108 MP + 2 MP Dual Rear & 8 MP Front Camera,"Dimensity 6300, Octa Core, 2.4 GHz Processor",Memory Card Supported,Android v14,Tecno,8.0,256.0,5000.0,18.0,6.67,120.0,108.0,8.0,Dimensity,Budget,55.72
Xiaomi Redmi 12 5G (8Gb Ram + 256Gb),13994,80,"Dual Sim, 3G, 4G, 5G, VoLTE, Wi-Fi, IR Blaster",5000 mAh Battery with 18W Fast Charging,"8 GB RAM, 256 GB inbuilt","6.79 inches, 1080 x 2460 px, 90 Hz Display with Punch Hole",50 MP + 2 MP Dual Rear & 8 MP Front Camera,"Snapdragon 4 Gen2, Octa Core, 2.2 GHz Processor","Memory Card (Hybrid), upto 1 TB",Android v13,Xiaomi,8.0,256.0,5000.0,18.0,6.79,90.0,50.0,8.0,Snapdragon,Budget,57.17
Oppo A59 5G,13994,71,"Dual Sim, 3G, 4G, 5G, VoLTE, Wi-Fi",5000 mAh Battery with 33W Fast Charging,"4 GB RAM, 128 GB inbuilt","6.56 inches, 720 x 1612 px, 90 Hz Display with Punch Hole",13 MP + 2 MP Dual Rear & 8 MP Front Camera,"Dimensity 6020, Octa Core, 2.2 GHz Processor","Memory Card Supported, upto 1 TB",Android v13,Oppo,4.0,128.0,5000.0,33.0,6.56,90.0,13.0,8.0,Dimensity,Budget,50.74
Vivo Y300T,13990,80,"Dual Sim, 3G, 4G, 5G, VoLTE, Wi-Fi, NFC, IR Blaster",6500 mAh Battery with 44W Fast Charging,"8 GB RAM, 128 GB inbuilt","6.72 inches, 1080 x 2408 px, 120 Hz Display with Punch Hole",50 MP + 2 MP Dual Rear & 8 MP Front Camera,"Dimensity 7300, Octa Core, 2.5 GHz Processor",Memory Card Not Supported,Android v15,Vivo,8.0,128.0,6500.0,44.0,6.72,120.0,50.0,8.0,Dimensity,Budget,57.18
Tecno Spark 30 Pro,13990,83,"Dual Sim, 3G, 4G, VoLTE, Wi-Fi, NFC, IR Blaster",5000 mAh Battery with 33W Fast Charging,"8 GB RAM, 128 GB inbuilt","6.78 inches, 1080 x 2460 px, 120 Hz Display with Punch Hole",108 MP Dual Rear & 13 MP Front Camera,"Helio G100, Octa Core, 2.2 GHz Processor",Memory Card Supported,Android v14,Tecno,8.0,128.0,5000.0,33.0,6.78,120.0,108.0,13.0,Helio,Budget,59.33
Infinix Note 50X 5G,13988,75,"Dual Sim, 3G, 4G, 5G, VoLTE, Wi-Fi, IR Blaster",5500 mAh Battery with 45W Fast Charging,"6 GB RAM, 128 GB inbuilt","6.67 inches, 720 x 1600 px, 120 Hz Display with Punch Hole",50 MP Dual Rear & 8 MP Front Camera,"Dimensity 7300 Ultimate, Octa Core, 2.5 GHz Processor",Memory Card (Hybrid),Android v15,Infinix,6.0,128.0,5500.0,45.0,6.67,120.0,50.0,8.0,Dimensity,Budget,53.62
Realme P1 5G (8Gb Ram+ 128Gb),13968,82,"Dual Sim, 3G, 4G, 5G, VoLTE, Wi-Fi",5000 mAh Battery with 45W Fast Charging,"8 GB RAM, 128 GB inbuilt","6.67 inches, 1080 x 2400 px, 120 Hz Display with Punch Hole",50 MP + 2 MP Dual Rear & 16 MP Front Camera,"Dimensity 7050, Octa Core, 2.6 GHz Processor","Memory Card (Hybrid), upto 2 TB",Android v14,Realme,8.0,128.0,5000.0,45.0,6.67,120.0,50.0,16.0,Dimensity,Budget,58.71
Realme 12X 5G (8Gb Ram +128Gb),13958,80,"Dual Sim, 3G, 4G, 5G, VoLTE, Wi-Fi",5000 mAh Battery with 45W Fast Charging,"8 GB RAM, 128 GB inbuilt","6.72 inches, 1080 x 2400 px, 120 Hz Display with Punch Hole",50 MP + 2 MP Dual Rear & 8 MP Front Camera,"Dimensity 6100 Plus, Octa Core, 2.2 GHz Processor","Memory Card Supported, upto 2 TB",Android v14,Realme,8.0,128.0,5000.0,45.0,6.72,120.0,50.0,8.0,Dimensity,Budget,57.31
Realme 14X 5G,13927,75,"Dual Sim, 3G, 4G, 5G, VoLTE, Wi-Fi",6000 mAh Battery with 45W Fast Charging,"6 GB RAM, 128 GB inbuilt","6.67 inches, 720 x 1604 px, 120 Hz Display with Punch Hole",50 MP + 2 MP Dual Rear & 8 MP Front Camera,"Dimensity 6300, Octa Core, 2.4 GHz Processor",Memory Card (Hybrid),Android v14,Realme,6.0,128.0,6000.0,45.0,6.67,120.0,50.0,8.0,Dimensity,Budget,53.85
Poco M7 Pro 5G,13849,79,"Dual Sim, 3G, 4G, 5G, VoLTE, Wi-Fi, IR Blaster",5110 mAh Battery with 45W Fast Charging,"6 GB RAM, 128 GB inbuilt","6.67 inches, 1080 x 2400 px, 120 Hz Display with Punch Hole",50 MP + 2 MP Dual Rear & 20 MP Front Camera,"Dimensity 7025 Ultra, Octa Core, 2.5 GHz Processor","Memory Card (Hybrid), upto 1 TB",Android v14,Poco,6.0,128.0,5110.0,45.0,6.67,120.0,50.0,20.0,Dimensity,Budget,57.04
Motorola Moto G64 5G,13795,84,"Dual Sim, 3G, 4G, 5G, VoLTE, Vo5G, Wi-Fi",6000 mAh Battery with 33W Fast Charging,"8 GB RAM, 128 GB inbuilt","6.5 inches, 1080 x 2400 px, 120 Hz Display with Punch Hole",50 MP + 8 MP Dual Rear & 16 MP Front Camera,"Dimensity 7025, Octa Core, 2.5 GHz Processor","Memory Card (Hybrid), upto 1 TB",Android v14,Motorola,8.0,128.0,6000.0,33.0,6.5,120.0,50.0,16.0,Dimensity,Budget,60.89
Realme P1 5G (8Gb Ram+ 128Gb),13770,82,"Dual Sim, 3G, 4G, 5G, VoLTE, Wi-Fi",5000 mAh Battery with 45W Fast Charging,"8 GB RAM, 128 GB inbuilt","6.67 inches, 1080 x 2400 px, 120 Hz Display with Punch Hole",50 MP + 2 MP Dual Rear & 16 MP Front Camera,"Dimensity 7050, Octa Core, 2.6 GHz Processor","Memory Card (Hybrid), upto 2 TB",Android v14,Realme,8.0,128.0,5000.0,45.0,6.67,120.0,50.0,16.0,Dimensity,Budget,59.55
Realme C55 (8Gb Ram + 128Gb),13646,79,"Dual Sim, 3G, 4G, VoLTE, Wi-Fi",5000 mAh Battery with 33W Fast Charging,"8 GB RAM, 128 GB inbuilt","6.72 inches, 1080 x 2400 px, 90 Hz Display with Punch Hole",64 MP + 2 MP Dual Rear & 8 MP Front Camera,"Helio G88, Octa Core, 2 GHz Processor","Memory Card Supported, upto 1 TB",Android v13,Realme,8.0,128.0,5000.0,33.0,6.72,90.0,64.0,8.0,Helio,Budget,57.89
Cmf Phone (1),13618,80,"Dual Sim, 3G, 4G, 5G, VoLTE, Wi-Fi",5000 mAh Battery with 33W Fast Charging,"6 GB RAM, 128 GB inbuilt","6.67 inches, 1080 x 2400 px, 120 Hz Display with Punch Hole",50 MP + 2 MP Dual Rear & 16 MP Front Camera,"Dimensity 7300, Octa Core, 2.5 GHz Processor","Memory Card (Hybrid), upto 2 TB",Android v14,Cmf,6.0,128.0,5000.0,33.0,6.67,120.0,50.0,16.0,Dimensity,Budget,58.75
Realme 13 5G,13562,83,"Dual Sim, 3G, 4G, 5G, VoLTE, Wi-Fi",5000 mAh Battery with 45W Fast Charging,"8 GB RAM, 128 GB inbuilt","6.72 inches, 1080 x 2400 px, 120 Hz Display with Punch Hole",50 MP + 2 MP Dual Rear & 16 MP Front Camera,"Dimensity 6300, Octa Core, 2.4 GHz Processor","Memory Card (Hybrid), upto 2 TB",Android v14,Realme,8.0,128.0,5000.0,45.0,6.72,120.0,50.0,16.0,Dimensity,Budget,61.2
Iqoo Z10X,13499,76,"Dual Sim, 3G, 4G, 5G, VoLTE, Wi-Fi, IR Blaster",6500 mAh Battery with 44W Fast Charging,"6 GB RAM, 128 GB inbuilt","6.72 inches, 1080 x 2408 px, 120 Hz Display with Punch Hole",50 MP + 2 MP Dual Rear & 8 MP Front Camera,"Dimensity 7300, Octa Core, 2.5 GHz Processor",Memory Card Supported,Android v15,Iqoo,6.0,128.0,6500.0,44.0,6.72,120.0,50.0,8.0,Dimensity,Budget,56.3
Realme Narzo 80X 5G,13499,78,"Dual Sim, 3G, 4G, 5G, VoLTE, Wi-Fi",6000 mAh Battery with 45W Fast Charging,"6 GB RAM, 128 GB inbuilt","6.72 inches, 1080 x 2400 px, 120 Hz Display with Punch Hole",50 MP + 2 MP Dual Rear & 8 MP Front Camera,"Dimensity 6400, Octa Core, 2.5 GHz Processor",Memory Card (Hybrid),Android v15,Realme,6.0,128.0,6000.0,45.0,6.72,120.0,50.0,8.0,Dimensity,Budget,57.78
Samsung Galaxy F16 5G,13499,77,"Dual Sim, 3G, 4G, 5G, VoLTE, Wi-Fi, NFC",5000 mAh Battery with 25W Fast Charging,"4 GB RAM, 128 GB inbuilt","6.7 inches, 1080 x 2340 px, 90 Hz Display with Punch Hole",50 MP + 5 MP + 2 MP Triple Rear & 13 MP Front Camera,"Dimensity 6300, Octa Core, 2.4 GHz Processor","Memory Card (Hybrid), upto 1.5 TB",Android v15,Samsung,4.0,128.0,5000.0,25.0,6.7,90.0,50.0,13.0,Dimensity,Budget,57.04
Iqoo Z9X (6Gb Ram + 128Gb),13499,79,"Dual Sim, 3G, 4G, 5G, VoLTE, Wi-Fi",6000 mAh Battery with 44W Fast Charging,"6 GB RAM, 128 GB inbuilt","6.72 inches, 1080 x 2408 px, 120 Hz Display with Punch Hole",50 MP + 2 MP Dual Rear & 8 MP Front Camera,"Snapdragon 6 Gen1, Octa Core, 2.2 GHz Processor","Memory Card (Hybrid), upto 1 TB",Android v14,Iqoo,6.0,128.0,6000.0,44.0,6.72,120.0,50.0,8.0,Snapdragon,Budget,58.52
Samsung Galaxy M15 5G Prime Edition (6Gb Ram +128Gb),13499,78,"Dual Sim, 3G, 4G, 5G, VoLTE, Wi-Fi",6000 mAh Battery with 25W Fast Charging,"6 GB RAM, 128 GB inbuilt","6.5 inches, 1080 x 2340 px, 90 Hz Display with Water Drop Notch",50 MP + 5 MP + 2 MP Triple Rear & 13 MP Front Camera,"Dimensity 6100 Plus, Octa Core, 2.2 GHz Processor","Memory Card (Hybrid), upto 1 TB",Android v14,Samsung,6.0,128.0,6000.0,25.0,6.5,90.0,50.0,13.0,Dimensity,Budget,57.78
Samsung Galaxy M14,13499,77,"Dual Sim, 3G, 4G, 5G, VoLTE, Wi-Fi",6000 mAh Battery with 25W Fast Charging,"4 GB RAM, 128 GB inbuilt","6.6 inches, 1080 x 2408 px, 90 Hz Display with Water Drop Notch",50 MP + 2 MP + 2 MP Triple Rear & 13 MP Front Camera,"Exynos 1330, Octa Core, 2.4 GHz Processor","Memory Card Supported, upto 1 TB",Android v13,Samsung,4.0,128.0,6000.0,25.0,6.6,90.0,50.0,13.0,Exynos,Budget,57.04
Realme 12X (6Gb Ram +128Gb),13490,77,"Dual Sim, 3G, 4G, 5G, VoLTE, Wi-Fi",5000 mAh Battery with 45W Fast Charging,"6 GB RAM, 128 GB inbuilt","6.72 inches, 1080 x 2400 px, 120 Hz Display with Punch Hole",50 MP + 2 MP Dual Rear & 8 MP Front Camera,"Dimensity 6100 Plus, Octa Core, 2.2 GHz Processor","Memory Card Supported, upto 2 TB",Android v14,Realme,6.0,128.0,5000.0,45.0,6.72,120.0,50.0,8.0,Dimensity,Budget,57.08
Realme P1 5G,13450,80,"Dual Sim, 3G, 4G, 5G, VoLTE, Wi-Fi",5000 mAh Battery with 45W Fast Charging,"6 GB RAM, 128 GB inbuilt","6.67 inches, 1080 x 2400 px, 120 Hz Display with Punch Hole",50 MP + 2 MP Dual Rear & 16 MP Front Camera,"Dimensity 7050, Octa Core, 2.6 GHz Processor","Memory Card (Hybrid), upto 2 TB",Android v14,Realme,6.0,128.0,5000.0,45.0,6.67,120.0,50.0,16.0,Dimensity,Budget,59.48
Vivo Y28 5G (6Gb Ram + 128Gb),13448,77,"Dual Sim, 3G, 4G, 5G, VoLTE, Wi-Fi",5000 mAh Battery with 15W Fast Charging,"6 GB RAM, 128 GB inbuilt","6.56 inches, 720 x 1612 px, 90 Hz Display with Water Drop Notch",50 MP + 2 MP Dual Rear & 8 MP Front Camera,"Dimensity 6020, Octa Core, 2.2 GHz Processor","Memory Card (Hybrid), upto 1 TB",Android v13,Vivo,6.0,128.0,5000.0,15.0,6.56,90.0,50.0,8.0,Dimensity,Budget,57.26
Realme P1 5G,13438,80,"Dual Sim, 3G, 4G, 5G, VoLTE, Wi-Fi",5000 mAh Battery with 45W Fast Charging,"6 GB RAM, 128 GB inbuilt","6.67 inches, 1080 x 2400 px, 120 Hz Display with Punch Hole",50 MP + 2 MP Dual Rear & 16 MP Front Camera,"Dimensity 7050, Octa Core, 2.6 GHz Processor","Memory Card (Hybrid), upto 2 TB",Android v14,Realme,6.0,128.0,5000.0,45.0,6.67,120.0,50.0,16.0,Dimensity,Budget,59.53
Xiaomi Redmi 13 5G (8Gb Ram + 128Gb),13195,83,"Dual Sim, 3G, 4G, 5G, VoLTE, Wi-Fi, IR Blaster",5030 mAh Battery with 33W Fast Charging,"8 GB RAM, 128 GB inbuilt","6.79 inches, 1080 x 2460 px, 120 Hz Display with Punch Hole",108 MP + Macro Dual Rear & 13 MP Front Camera,"Snapdragon 4 Gen 2 AE, Octa Core, 2.3 GHz Processor","Memory Card (Hybrid), upto 1 TB",Android v14,Xiaomi,8.0,128.0,5030.0,33.0,6.79,120.0,108.0,13.0,Snapdragon,Budget,62.9
Poco X3 Pro (8Gb Ram + 128Gb),13190,85,"Dual Sim, 3G, 4G, VoLTE, Wi-Fi, IR Blaster",5160 mAh Battery with 33W Fast Charging,"8 GB RAM, 128 GB inbuilt","6.67 inches, 1080 x 2400 px, 120 Hz Display with Punch Hole",48 MP Quad Rear & 20 MP Front Camera,"Snapdragon 860, Octa Core, 2.96 GHz Processor",Memory Card (Hybrid),Android v11,Poco,8.0,128.0,5160.0,33.0,6.67,120.0,48.0,20.0,Snapdragon,Budget,64.44
Infinix Note 50X 5G (8Gb Ram + 128 Gb),12999,78,"Dual Sim, 3G, 4G, 5G, VoLTE, Wi-Fi, IR Blaster",5500 mAh Battery with 45W Fast Charging,"8 GB RAM, 128 GB inbuilt","6.67 inches, 720 x 1600 px, 120 Hz Display with Punch Hole",50 MP Dual Rear & 8 MP Front Camera,"Dimensity 7300 Ultimate, Octa Core, 2.5 GHz Processor",Memory Card (Hybrid),Android v15,Infinix,8.0,128.0,5500.0,45.0,6.67,120.0,50.0,8.0,Dimensity,Budget,60.0
Poco X6 Neo,12999,83,"Dual Sim, 3G, 4G, 5G, VoLTE, Wi-Fi, IR Blaster",5000 mAh Battery with 33W Fast Charging,"8 GB RAM, 128 GB inbuilt","6.67 inches, 1080 x 2400 px, 120 Hz Display with Punch Hole",108 MP + 2 MP Dual Rear & 16 MP Front Camera,"Dimensity 6080, Octa Core, 2.4 GHz Processor","Memory Card (Hybrid), upto 1 TB",Android v13,Poco,8.0,128.0,5000.0,33.0,6.67,120.0,108.0,16.0,Dimensity,Budget,63.85
Samsung Galaxy M16 5G (6Gb Ram + 128Gb),12999,79,"Dual Sim, 3G, 4G, 5G, VoLTE, Wi-Fi, NFC",5000 mAh Battery with 25W Fast Charging,"6 GB RAM, 128 GB inbuilt","6.7 inches, 1080 x 2340 px, 90 Hz Display with Punch Hole",50 MP + 5 MP + 2 MP Triple Rear & 13 MP Front Camera,"Dimensity 6300, Octa Core, 2.4 GHz Processor","Memory Card (Hybrid), upto 1.5 TB",Android v15,Samsung,6.0,128.0,5000.0,25.0,6.7,90.0,50.0,13.0,Dimensity,Budget,60.77
Lava Bold 5G (6Gb Ram + 128Gb),12999,79,"Dual Sim, 3G, 4G, 5G, VoLTE, Vo5G, Wi-Fi",5000 mAh Battery with 33W Fast Charging,"6 GB RAM, 128 GB inbuilt","6.67 inches, 1080 x 2400 px, 120 Hz Display with Punch Hole",64 MP + 2 MP Dual Rear & 16 MP Front Camera,"Dimensity 6300, Octa Core, 2.4 GHz Processor",Memory Card (Hybrid),Android v14,Lava,6.0,128.0,5000.0,33.0,6.67,120.0,64.0,16.0,Dimensity,Budget,60.77
Samsung Galaxy A06 5G (6Gb Ram + 128Gb),12999,77,"Dual Sim, 3G, 4G, 5G, VoLTE, Wi-Fi",5800 mAh Battery with 25W Fast Charging,"6 GB RAM, 128 GB inbuilt","6.7 inches, 720 x 1600 px, 90 Hz Display with Water Drop Notch",50 MP + 2 MP Dual Rear & 8 MP Front Camera,"Dimensity 6300, Octa Core, 2.4 GHz Processor","Memory Card Supported, upto 1 TB",Android v15,Samsung,6.0,128.0,5800.0,25.0,6.7,90.0,50.0,8.0,Dimensity,Budget,59.24
Samsung Galaxy M15 5G,12999,76,"Dual Sim, 3G, 4G, 5G, VoLTE, Wi-Fi",6000 mAh Battery with 25W Fast Charging,"4 GB RAM, 128 GB inbuilt","6.45 inches, 1080 x 2340 px, 90 Hz Display with Water Drop Notch",50 MP + 5 MP + 2 MP Triple Rear & 13 MP Front Camera,"Dimensity 6100 Plus, Octa Core, 2.2 GHz Processor","Memory Card (Hybrid), upto 1 TB",Android v14,Samsung,4.0,128.0,6000.0,25.0,6.45,90.0,50.0,13.0,Dimensity,Budget,58.47
Tecno Spark 20 Pro,12999,76,"Dual Sim, 3G, 4G, VoLTE, Wi-Fi, NFC",5000 mAh Battery with 33W Fast Charging,"8 GB RAM, 256 GB inbuilt","6.78 inches, 1080 x 2460 px, 120 Hz Display with Punch Hole",108 MP + 0.08 MP Dual Rear & 32 MP Front Camera,"Helio G99, Octa Core, 2.2 GHz Processor",Memory Card Supported,Android v13,Tecno,8.0,256.0,5000.0,33.0,6.78,120.0,108.0,32.0,Helio,Budget,58.47
Vivo Y28S 5G,12999,75,"Dual Sim, 3G, 4G, 5G, VoLTE, Wi-Fi",5000 mAh Battery with 15W Fast Charging,"4 GB RAM, 128 GB inbuilt","6.56 inches, 720 x 1612 px, 90 Hz Display with Water Drop Notch",50 MP + 0.08 MP Dual Rear & 8 MP Front Camera,"Dimensity 6300, Octa Core, 2.4 GHz Processor","Memory Card (Hybrid), upto 1 TB",Android v14,Vivo,4.0,128.0,5000.0,15.0,6.56,90.0,50.0,8.0,Dimensity,Budget,57.7
Realme 13X,12999,78,"Dual Sim, 3G, 4G, 5G, VoLTE, Wi-Fi",5000 mAh Battery with 67W Fast Charging,"6 GB RAM, 128 GB inbuilt","6.78 inches, 1080 x 2400 px, 144 Hz Display with Punch Hole",50 MP + 13 MP + 2 MP Triple Rear & 16 MP Front Camera,"Dimensity 6020, Octa Core, 2.2 GHz Processor","Memory Card Supported, upto 2 TB",Android v14,Realme,6.0,128.0,5000.0,67.0,6.78,144.0,50.0,16.0,Dimensity,Budget,60.0
Xiaomi Redmi 15C 5G,12990,75,"Dual Sim, 3G, 4G, 5G, VoLTE, Wi-Fi",5500 mAh Battery with 33W Fast Charging,"8 GB RAM, 128 GB inbuilt","6.74 inches, 1080 x 2400 px, 120 Hz Display with Punch Hole",50 MP + 8 MP Dual Rear & 16 MP Front Camera,"Snapdragon 4 Gen3, Octa Core Processor","Memory Card Supported, upto 1 TB",Android v15,Xiaomi,8.0,128.0,5500.0,33.0,6.74,120.0,50.0,16.0,Snapdragon,Budget,57.74
Infinix Hot 40 Pro,12990,86,"Dual Sim, 3G, 4G, VoLTE, Wi-Fi, NFC",5000 mAh Battery with 44W Fast Charging,"8 GB RAM, 128 GB inbuilt","6.78 inches, 1080 x 2460 px, 120 Hz Display with Punch Hole",108 MP + 2 MP + 0.08 MP Triple Rear & 32 MP Front Camera,"Helio G99, Octa Core, 2.2 GHz Processor","Memory Card Supported, upto 1 TB",Android v13,Infinix,8.0,128.0,5000.0,44.0,6.78,120.0,108.0,32.0,Helio,Budget,66.2
Poco X4 Pro 5G,12990,80,"Dual Sim, 3G, 4G, 5G, VoLTE, Wi-Fi, IR Blaster",5000 mAh Battery with 67W Fast Charging,"6 GB RAM, 64 GB inbuilt","6.67 inches, 1080 x 2400 px, 120 Hz Display with Punch Hole",64 MP + 8 MP + 2 MP Triple Rear & 16 MP Front Camera,"Snapdragon 695 , Octa Core, 2.2 GHz Processor","Memory Card (Hybrid), upto 1 TB",Android v11,Poco,6.0,64.0,5000.0,67.0,6.67,120.0,64.0,16.0,Snapdragon,Budget,61.59
Motorola Moto G15,12990,81,"Dual Sim, 3G, 4G, VoLTE, Wi-Fi, NFC",5200 mAh Battery with 18W Fast Charging,"8 GB RAM, 128 GB inbuilt","6.72 inches, 1080 x 2400 px Display with Punch Hole",50 MP + 5 MP Dual Rear & 8 MP Front Camera,"Helio G81 Ultra, Octa Core, 2 GHz Processor","Memory Card Supported, upto 1 TB",Android v15,Motorola,8.0,128.0,5200.0,18.0,6.72,60.0,50.0,8.0,Helio,Budget,62.36
Vivo Y200 Plus 5G,12990,76,"Dual Sim, 3G, 4G, 5G, VoLTE, Wi-Fi",6000 mAh Battery with 44W Fast Charging,"8 GB RAM, 256 GB inbuilt","6.68 inches, 720 x 1608 px, 120 Hz Display with Punch Hole",50 MP + 2 MP Dual Rear & 5 MP Front Camera,"Snapdragon 4 Gen2, Octa Core, 2.2 GHz Processor",Memory Card Supported,Android v13,Vivo,8.0,256.0,6000.0,44.0,6.68,120.0,50.0,5.0,Snapdragon,Budget,58.51
Xiaomi Redmi Note 11R,12990,73,"Dual Sim, 3G, 4G, 5G, VoLTE, Wi-Fi, IR Blaster",5000 mAh Battery with 18W Fast Charging,"4 GB RAM, 128 GB inbuilt","6.58 inches, 1080 x 2400 px, 90 Hz Display with Water Drop Notch",13 MP + 2 MP Dual Rear & 5 MP Front Camera,"Dimensity 700 5G, Octa Core, 2.2 GHz Processor","Memory Card Supported, upto 512 GB",Android v12,Xiaomi,4.0,128.0,5000.0,18.0,6.58,90.0,13.0,5.0,Dimensity,Budget,56.2
Xiaomi Redmi Note 11,12919,76,"Dual Sim, 3G, 4G, VoLTE, Wi-Fi, IR Blaster",5000 mAh Battery with 33W Fast Charging,"4 GB RAM, 64 GB inbuilt","6.43 inches, 1080 x 2400 px, 90 Hz Display with Punch Hole",50 MP Quad Rear & 13 MP Front Camera,"Snapdragon  680, Octa Core, 2.4 GHz Processor","Memory Card Supported, upto 512 GB",Android v11,Xiaomi,4.0,64.0,5000.0,33.0,6.43,90.0,50.0,13.0,Snapdragon,Budget,58.83
Vivo T3X 5G,12909,75,"Dual Sim, 3G, 4G, 5G, VoLTE, Wi-Fi",6000 mAh Battery with 44W Fast Charging,"4 GB RAM, 128 GB inbuilt","6.72 inches, 1080 x 2408 px, 120 Hz Display with Punch Hole",50 MP + 2 MP Dual Rear & 8 MP Front Camera,"Snapdragon 6 Gen1, Octa Core, 2.2 GHz Processor","Memory Card (Hybrid), upto 1 TB",Android v14,Vivo,4.0,128.0,6000.0,44.0,6.72,120.0,50.0,8.0,Snapdragon,Budget,58.1
Realme C63 5G (8Gb Ram + 128Gb),12890,78,"Dual Sim, 3G, 4G, 5G, VoLTE, Wi-Fi",5000 mAh Battery with 10W Fast Charging,"8 GB RAM, 128 GB inbuilt","6.67 inches, 720 x 1604 px, 120 Hz Display with Punch Hole",32 MP Dual Rear & 8 MP Front Camera,"Dimensity 6300, Octa Core, 2.4 GHz Processor","Memory Card (Hybrid), upto 2 TB",Android v14,Realme,8.0,128.0,5000.0,10.0,6.67,120.0,32.0,8.0,Dimensity,Budget,60.51
Infinix Note 40X 5G,12745,85,"Dual Sim, 3G, 4G, 5G, VoLTE, Wi-Fi, NFC, IR Blaster",5000 mAh Battery with 18W Fast Charging,"8 GB RAM, 256 GB inbuilt","6.78 inches, 1080 x 2406 px, 120 Hz Display with Punch Hole",108 MP + 2 MP Triple Rear & 8 MP Front Camera,"Dimensity 6300, Octa Core, 2.4 GHz Processor","Memory Card Supported, upto 1 TB",Android v14,Infinix,8.0,256.0,5000.0,18.0,6.78,120.0,108.0,8.0,Dimensity,Budget,66.69
Motorola Moto G60,12690,84,"Dual Sim, 3G, 4G, VoLTE, Wi-Fi, NFC",6000 mAh Battery with 20W Fast Charging,"6 GB RAM, 128 GB inbuilt","6.78 inches, 1080 x 2460 px, 120 Hz Display with Punch Hole",108 MP + 8 MP + 2 MP Triple Rear & 32 MP Front Camera,"Snapdragon  732G, Octa Core, 2.3 GHz Processor","Memory Card (Hybrid), upto 1 TB",Android v11,Motorola,6.0,128.0,6000.0,20.0,6.78,120.0,108.0,32.0,Snapdragon,Budget,66.19
Vivo T3X 5G,12499,75,"Dual Sim, 3G, 4G, 5G, VoLTE, Wi-Fi",6000 mAh Battery with 44W Fast Charging,"4 GB RAM, 128 GB inbuilt","6.72 inches, 1080 x 2408 px, 120 Hz Display with Punch Hole",50 MP + 2 MP Dual Rear & 8 MP Front Camera,"Snapdragon 6 Gen1, Octa Core, 2.2 GHz Processor","Memory Card (Hybrid), upto 1 TB",Android v14,Vivo,4.0,128.0,6000.0,44.0,6.72,120.0,50.0,8.0,Snapdragon,Budget,60.0
Oppo A3X 5G,12499,68,"Dual Sim, 3G, 4G, 5G, VoLTE, Wi-Fi",5100 mAh Battery with 45W Fast Charging,"4 GB RAM, 128 GB inbuilt","6.67 inches, 720 x 1604 px, 120 Hz Display with Punch Hole",8 MP Rear & 5 MP Front Camera,"Dimensity 6300, Octa Core, 2.4 GHz Processor",Memory Card (Hybrid),Android v14,Oppo,4.0,128.0,5100.0,45.0,6.67,120.0,8.0,5.0,Dimensity,Budget,54.4
Realme Narzo N65 5G (6Gb Ram + 128Gb),12498,76,"Dual Sim, 3G, 4G, 5G, VoLTE, Vo5G, Wi-Fi",5000 mAh Battery with 15W Fast Charging,"6 GB RAM, 128 GB inbuilt","6.67 inches, 720 x 1604 px, 120 Hz Display with Punch Hole",50 MP Dual Rear & 8 MP Front Camera,"Dimensity 6300, Octa Core, 2.4 GHz Processor","Memory Card (Hybrid), upto 2 TB",Android v14,Realme,6.0,128.0,5000.0,15.0,6.67,120.0,50.0,8.0,Dimensity,Budget,60.81
Xiaomi Redmi 12 5G (6Gb Ram + 128Gb),12494,77,"Dual Sim, 3G, 4G, 5G, VoLTE, Wi-Fi, IR Blaster",5000 mAh Battery with 18W Fast Charging,"6 GB RAM, 128 GB inbuilt","6.79 inches, 1080 x 2460 px, 90 Hz Display with Punch Hole",50 MP + 2 MP Dual Rear & 8 MP Front Camera,"Snapdragon 4 Gen2, Octa Core, 2.2 GHz Processor","Memory Card (Hybrid), upto 1 TB",Android v13,Xiaomi,6.0,128.0,5000.0,18.0,6.79,90.0,50.0,8.0,Snapdragon,Budget,61.63
Oppo K12X,12470,75,"Dual Sim, 3G, 4G, 5G, VoLTE, Wi-Fi",5100 mAh Battery with 45W Fast Charging,"6 GB RAM, 128 GB inbuilt","6.67 inches, 720 x 1604 px, 120 Hz Display with Punch Hole",32 MP + 2 MP Dual Rear & 8 MP Front Camera,"Dimensity 6300, Octa Core, 2.4 GHz Processor","Memory Card (Hybrid), upto 1 TB",Android v14,Oppo,6.0,128.0,5100.0,45.0,6.67,120.0,32.0,8.0,Dimensity,Budget,60.14
Xiaomi Redmi Note 12 (6Gb Ram + 128Gb),12239,80,"Dual Sim, 3G, 4G, 5G, VoLTE, Wi-Fi, IR Blaster",5000 mAh Battery with 33W Fast Charging,"6 GB RAM, 128 GB inbuilt","6.67 inches, 1080 x 2400 px, 120 Hz Display with Punch Hole",48 MP + 8 MP + 2 MP Triple Rear & 13 MP Front Camera,"Snapdragon 4 Gen 1, Octa Core, 2 GHz Processor","Memory Card (Hybrid), upto 1 TB",Android v12,Xiaomi,6.0,128.0,5000.0,33.0,6.67,120.0,48.0,13.0,Snapdragon,Budget,65.36
Samsung Galaxy F15 5G (6Gb Ram + 128Gb),12048,77,"Dual Sim, 3G, 4G, 5G, VoLTE, Wi-Fi",6000 mAh Battery with 25W Fast Charging,"6 GB RAM, 128 GB inbuilt","6.45 inches, 1080 x 2340 px, 90 Hz Display with Water Drop Notch",50 MP + 5 MP + 2 MP Triple Rear & 13 MP Front Camera,"Dimensity 6100 Plus, Octa Core, 2.2 GHz Processor","Memory Card (Hybrid), upto 1 TB",Android v14,Samsung,6.0,128.0,6000.0,25.0,6.45,90.0,50.0,13.0,Dimensity,Budget,63.91
Motorola Moto G45 5G (8Gb Ram + 128Gb),12002,81,"Dual Sim, 3G, 4G, 5G, VoLTE, Wi-Fi",5000 mAh Battery with 20W Fast Charging,"8 GB RAM, 128 GB inbuilt","6.5 inches, 720 x 1600 px, 120 Hz Display with Punch Hole",50 MP + 2 MP Dual Rear & 16 MP Front Camera,"Snapdragon 6s Gen3, Octa Core, 2.3 GHz Processor","Memory Card (Hybrid), upto 1 TB",Android v14,Motorola,8.0,128.0,5000.0,20.0,6.5,120.0,50.0,16.0,Snapdragon,Budget,67.49
Iqoo Z9X,11999,76,"Dual Sim, 3G, 4G, 5G, VoLTE, Wi-Fi",6000 mAh Battery with 44W Fast Charging,"4 GB RAM, 128 GB inbuilt","6.72 inches, 1080 x 2408 px, 120 Hz Display with Punch Hole",50 MP + 2 MP Dual Rear & 8 MP Front Camera,"Snapdragon 6 Gen1, Octa Core, 2.2 GHz Processor","Memory Card (Hybrid), upto 1 TB",Android v14,Iqoo,4.0,128.0,6000.0,44.0,6.72,120.0,50.0,8.0,Snapdragon,Budget,63.34
Xiaomi Redmi 13R 5G,11999,75,"Dual Sim, 3G, 4G, 5G, VoLTE, Wi-Fi, NFC",5000 mAh Battery with 18W Fast Charging,"4 GB RAM, 128 GB inbuilt","6.74 inches, 720 x 1600 px, 90 Hz Display with Water Drop Notch",50 MP + 0.08 MP Dual Rear & 5 MP Front Camera,"Dimensity 6100 Plus, Octa Core, 2.2 GHz Processor","Memory Card Supported, upto 1 TB",Android v13,Xiaomi,4.0,128.0,5000.0,18.0,6.74,90.0,50.0,5.0,Dimensity,Budget,62.51
Motorola Moto G24 5G,11999,82,"Dual Sim, 3G, 4G, 5G, VoLTE, Wi-Fi",6000 mAh Battery with 18W Fast Charging,"8 GB RAM, 128 GB inbuilt","6.58 inches, 1080 x 2400 px, 120 Hz Display with Punch Hole",50 MP + 2 MP Dual Rear & 8 MP Front Camera,"Dimensity 1080, Octa Core, 2.6 GHz Processor","Memory Card (Hybrid), upto 1 TB",Android v14,Motorola,8.0,128.0,6000.0,18.0,6.58,120.0,50.0,8.0,Dimensity,Budget,68.34
Samsung Galaxy M15 5G Prime Edition,11999,76,"Dual Sim, 3G, 4G, 5G, VoLTE, Wi-Fi",6000 mAh Battery with 25W Fast Charging,"4 GB RAM, 128 GB inbuilt","6.5 inches, 1080 x 2340 px, 90 Hz Display with Water Drop Notch",50 MP + 5 MP + 2 MP Triple Rear & 13 MP Front Camera,"Dimensity 6100 Plus, Octa Core, 2.2 GHz Processor","Memory Card (Hybrid), upto 1 TB",Android v14,Samsung,4.0,128.0,6000.0,25.0,6.5,90.0,50.0,13.0,Dimensity,Budget,63.34
Tecno Pova 6 Neo 5G,11999,76,"Dual Sim, 3G, 4G, 5G, VoLTE, Wi-Fi, NFC, IR Blaster",5000 mAh Battery with 18W Fast Charging,"6 GB RAM, 128 GB inbuilt","6.67 inches, 720 x 1600 px, 120 Hz Display with Punch Hole",108 MP + 2 MP Dual Rear & 8 MP Front Camera,"Dimensity 6300, Octa Core, 2.4 GHz Processor",Memory Card Supported,Android v14,Tecno,6.0,128.0,5000.0,18.0,6.67,120.0,108.0,8.0,Dimensity,Budget,63.34
Tecno Pop 9 5G (8Gb Ram + 128Gb),11999,79,"Dual Sim, 3G, 4G, 5G, VoLTE, Wi-Fi, NFC, IR Blaster",5000 mAh Battery with 18W Fast Charging,"8 GB RAM, 128 GB inbuilt","6.67 inches, 720 x 1612 px, 120 Hz Display with Punch Hole",48 MP Dual Rear & 8 MP Front Camera,"Dimensity 6300, Octa Core, 2.4 GHz Processor","Memory Card Supported, upto 1 TB",Android v14,Tecno,8.0,128.0,5000.0,18.0,6.67,120.0,48.0,8.0,Dimensity,Budget,65.84
Realme C65 5G (6Gb Ram + 128Gb),11998,75,"Dual Sim, 3G, 4G, 5G, VoLTE, Wi-Fi",5000 mAh Battery with 15W Fast Charging,"6 GB RAM, 128 GB inbuilt","6.67 inches, 720 x 1604 px, 120 Hz Display with Punch Hole",50 MP Rear & 8 MP Front Camera,"Dimensity 6300, Octa Core, 2.4 GHz Processor","Memory Card (Hybrid), upto 2 TB",Android v14,Realme,6.0,128.0,5000.0,15.0,6.67,120.0,50.0,8.0,Dimensity,Budget,62.51
Realme Narzo 70X 5G,11993,75,"Dual Sim, 3G, 4G, 5G, VoLTE, Wi-Fi",5000 mAh Battery with 45W Fast Charging,"4 GB RAM, 128 GB inbuilt","6.72 inches, 1080 x 2400 px, 120 Hz Display with Punch Hole",50 MP + 2 MP Dual Rear & 8 MP Front Camera,"Dimensity 6100 Plus, Octa Core, 2.2 GHz Processor","Memory Card (Hybrid), upto 2 TB",Android v14,Realme,4.0,128.0,5000.0,45.0,6.72,120.0,50.0,8.0,Dimensity,Budget,62.54
Infinix Hot 60 5G,11990,77,"Dual Sim, 3G, 4G, 5G, VoLTE, Wi-Fi",5000 mAh Battery with 33W Fast Charging,"6 GB RAM, 128 GB inbuilt","6.74 inches, 720 x 1600 px, 120 Hz Display with Punch Hole",50 MP + Depth Sensor Dual Rear & 8 MP Front Camera,"Dimensity 7050, Octa Core, 2.6 GHz Processor","Memory Card (Hybrid), upto 1 TB",Android v16,Infinix,6.0,128.0,5000.0,33.0,6.74,120.0,50.0,8.0,Dimensity,Budget,64.22
Tecno Spark 11,11990,79,"Dual Sim, 3G, 4G, VoLTE, Wi-Fi, NFC",5000 mAh Battery with 33W Fast Charging,"8 GB RAM, 128 GB inbuilt","6.67 inches, 1080 x 2400 px, 120 Hz Display with Water Drop Notch",50 MP Dual Rear & 8 MP Front Camera,"Helio G99, Octa Core, 2.2 GHz Processor",Memory Card Supported,Android v14,Tecno,8.0,128.0,5000.0,33.0,6.67,120.0,50.0,8.0,Helio,Budget,65.89
Realme C63 5G (6Gb Ram + 128Gb),11989,76,"Dual Sim, 3G, 4G, 5G, VoLTE, Wi-Fi",5000 mAh Battery with 10W Fast Charging,"6 GB RAM, 128 GB inbuilt","6.67 inches, 720 x 1604 px, 120 Hz Display with Punch Hole",32 MP Dual Rear & 8 MP Front Camera,"Dimensity 6300, Octa Core, 2.4 GHz Processor","Memory Card (Hybrid), upto 2 TB",Android v14,Realme,6.0,128.0,5000.0,10.0,6.67,120.0,32.0,8.0,Dimensity,Budget,63.39
Realme C67 5G,11899,75,"Dual Sim, 3G, 4G, 5G, VoLTE, Wi-Fi",5000 mAh Battery with 33W Fast Charging,"4 GB RAM, 128 GB inbuilt","6.72 inches, 1080 x 2400 px, 120 Hz Display with Punch Hole",50 MP + 2 MP Dual Rear & 8 MP Front Camera,"Dimensity 6100 Plus, Octa Core, 2.2 GHz Processor","Memory Card Supported, upto 2 TB",Android v13,Realme,4.0,128.0,5000.0,33.0,6.72,120.0,50.0,8.0,Dimensity,Budget,63.03
Samsung Galaxy F15 5G,11799,75,"Dual Sim, 3G, 4G, 5G, VoLTE, Wi-Fi",6000 mAh Battery with 25W Fast Charging,"4 GB RAM, 128 GB inbuilt","6.45 inches, 1080 x 2340 px, 90 Hz Display with Water Drop Notch",50 MP + 5 MP + 2 MP Triple Rear & 13 MP Front Camera,"Dimensity 6100 Plus, Octa Core, 2.2 GHz Processor","Memory Card (Hybrid), upto 1 TB",Android v14,Samsung,4.0,128.0,6000.0,25.0,6.45,90.0,50.0,13.0,Dimensity,Budget,63.56
Unihertz Jelly Star,11500,71,"Dual Sim, 3G, 4G, VoLTE, Wi-Fi, NFC",2000 mAh Battery,"8 GB RAM, 256 GB inbuilt","3.03 inches, 480 x 854 px Display",48 MP Rear & 8 MP Front Camera,"Helio G99, Octa Core, 2.2 GHz Processor",Memory Card (Hybrid),Android v13,Unihertz,8.0,256.0,2000.0,0.0,3.03,60.0,48.0,8.0,Helio,Budget,61.74
Samsung Galaxy M16 5G,11499,76,"Dual Sim, 3G, 4G, 5G, VoLTE, Wi-Fi, NFC",5000 mAh Battery with 25W Fast Charging,"4 GB RAM, 128 GB inbuilt","6.7 inches, 1080 x 2340 px, 90 Hz Display with Punch Hole",50 MP + 5 MP + 2 MP Triple Rear & 13 MP Front Camera,"Dimensity 6300, Octa Core, 2.4 GHz Processor","Memory Card (Hybrid), upto 1.5 TB",Android v15,Samsung,4.0,128.0,5000.0,25.0,6.7,90.0,50.0,13.0,Dimensity,Budget,66.09
Xiaomi Redmi 14C 5G (6Gb Ram + 128Gb),11499,75,"Dual Sim, 3G, 4G, 5G, VoLTE, Wi-Fi",5160 mAh Battery with 18W Fast Charging,"6 GB RAM, 128 GB inbuilt","6.88 inches, 720 x 1640 px, 120 Hz Display with Water Drop Notch",50 MP Dual Rear & 8 MP Front Camera,"Snapdragon 4 Gen2, Octa Core, 2.2 GHz Processor","Memory Card Supported, upto 1 TB",Android v14,Xiaomi,6.0,128.0,5160.0,18.0,6.88,120.0,50.0,8.0,Snapdragon,Budget,65.22
Vivo T3 Lite 5G (6Gb Ram + 128Gb),11499,77,"Dual Sim, 3G, 4G, 5G, VoLTE, Wi-Fi",5000 mAh Battery with 15W Fast Charging,"6 GB RAM, 128 GB inbuilt","6.56 inches, 720 x 1612 px, 90 Hz Display with Water Drop Notch",50 MP + 2 MP Dual Rear & 8 MP Front Camera,"Dimensity 6300, Octa Core, 2.4 GHz Processor","Memory Card (Hybrid), upto 1 TB",Android v14,Vivo,6.0,128.0,5000.0,15.0,6.56,90.0,50.0,8.0,Dimensity,Budget,66.96
Poco M7 5G (8Gb Ram + 128Gb),11499,77,"Dual Sim, 3G, 4G, 5G, VoLTE, Wi-Fi",5160 mAh Battery with 18W Fast Charging,"8 GB RAM, 128 GB inbuilt","6.88 inches, 720 x 1640 px, 120 Hz Display with Water Drop Notch",50 MP Rear & 8 MP Front Camera,"Snapdragon 4 Gen2, Octa Core, 2.2 GHz Processor","Memory Card Supported, upto 1 TB",Android v14,Poco,8.0,128.0,5160.0,18.0,6.88,120.0,50.0,8.0,Snapdragon,Budget,66.96
Samsung Galaxy A06 5G (4Gb Ram + 128Gb),11499,75,"Dual Sim, 3G, 4G, 5G, VoLTE, Wi-Fi",5800 mAh Battery with 25W Fast Charging,"4 GB RAM, 128 GB inbuilt","6.7 inches, 720 x 1600 px, 90 Hz Display with Water Drop Notch",50 MP + 2 MP Dual Rear & 8 MP Front Camera,"Dimensity 6300, Octa Core, 2.4 GHz Processor","Memory Card Supported, upto 1 TB",Android v15,Samsung,4.0,128.0,5800.0,25.0,6.7,90.0,50.0,8.0,Dimensity,Budget,65.22
Oppo A3X 5G (4Gb Ram + 64Gb),11499,67,"Dual Sim, 3G, 4G, 5G, VoLTE, Wi-Fi",5100 mAh Battery with 45W Fast Charging,"4 GB RAM, 64 GB inbuilt","6.67 inches, 720 x 1604 px, 120 Hz Display with Punch Hole",8 MP Rear & 5 MP Front Camera,"Dimensity 6300, Octa Core, 2.4 GHz Processor",Memory Card (Hybrid),Android v14,Oppo,4.0,64.0,5100.0,45.0,6.67,120.0,8.0,5.0,Dimensity,Budget,58.27
Iqoo Z9 Lite 5G (6Gb Ram +128Gb),11498,77,"Dual Sim, 3G, 4G, 5G, VoLTE, Wi-Fi",5000 mAh Battery with 15W Fast Charging,"6 GB RAM, 128 GB inbuilt","6.56 inches, 720 x 1612 px, 90 Hz Display with Water Drop Notch",50 MP + 2 MP Dual Rear & 8 MP Front Camera,"Dimensity 6300, Octa Core, 2.4 GHz Processor","Memory Card (Hybrid), upto 1 TB",Android v14,Iqoo,6.0,128.0,5000.0,15.0,6.56,90.0,50.0,8.0,Dimensity,Budget,66.97
Realme 12X,11490,75,"Dual Sim, 3G, 4G, 5G, VoLTE, Wi-Fi",5000 mAh Battery with 45W Fast Charging,"4 GB RAM, 128 GB inbuilt","6.72 inches, 1080 x 2400 px, 120 Hz Display with Punch Hole",50 MP + 2 MP Dual Rear & 8 MP Front Camera,"Dimensity 6100 Plus, Octa Core, 2.2 GHz Processor","Memory Card Supported, upto 2 TB",Android v14,Realme,4.0,128.0,5000.0,45.0,6.72,120.0,50.0,8.0,Dimensity,Budget,65.27
Xiaomi Redmi 13C 5G (6Gb Ram + 128Gb),11299,76,"Dual Sim, 3G, 4G, 5G, VoLTE, Wi-Fi",5000 mAh Battery with 18W Fast Charging,"6 GB RAM, 128 GB inbuilt","6.74 inches, 720 x 1600 px, 90 Hz Display with Water Drop Notch",50 MP + Depth Sensor Dual Rear & 5 MP Front Camera,"Dimensity 6100 Plus, Octa Core, 2.2 GHz Processor","Memory Card Supported, upto 1 TB",Android v13,Xiaomi,6.0,128.0,5000.0,18.0,6.74,90.0,50.0,5.0,Dimensity,Budget,67.26
Samsung Galaxy F06 5G (6Gb Ram + 128Gb),11119,75,"Dual Sim, 3G, 4G, 5G, VoLTE, Wi-Fi",5000 mAh Battery with 25W Fast Charging,"6 GB RAM, 128 GB inbuilt","6.7 inches, 720 x 1600 px Display with Water Drop Notch",50 MP + 2 MP Dual Rear & 8 MP Front Camera,"Dimensity 6300, Octa Core, 2.4 GHz Processor","Memory Card (Hybrid), upto 1 TB",Android v15,Samsung,6.0,128.0,5000.0,25.0,6.7,60.0,50.0,8.0,Dimensity,Budget,67.45
Vivo Y28 5G,11089,75,"Dual Sim, 3G, 4G, 5G, VoLTE, Wi-Fi",5000 mAh Battery with 15W Fast Charging,"4 GB RAM, 128 GB inbuilt","6.56 inches, 720 x 1612 px, 90 Hz Display with Water Drop Notch",50 MP + 2 MP Dual Rear & 8 MP Front Camera,"Dimensity 6020, Octa Core, 2.2 GHz Processor","Memory Card (Hybrid), upto 1 TB",Android v13,Vivo,4.0,128.0,5000.0,15.0,6.56,90.0,50.0,8.0,Dimensity,Budget,67.63
Xiaomi Redmi 13C 5G,10999,74,"Dual Sim, 3G, 4G, 5G, VoLTE, Wi-Fi",5000 mAh Battery with 18W Fast Charging,"4 GB RAM, 128 GB inbuilt","6.74 inches, 720 x 1600 px, 90 Hz Display with Water Drop Notch",50 MP + Depth Sensor Dual Rear & 5 MP Front Camera,"Dimensity 6100 Plus, Octa Core, 2.2 GHz Processor","Memory Card Supported, upto 1 TB",Android v13,Xiaomi,4.0,128.0,5000.0,18.0,6.74,90.0,50.0,5.0,Dimensity,Budget,67.28
Xiaomi Redmi 14C,10999,75,"Dual Sim, 3G, 4G, VoLTE, Wi-Fi, NFC",5160 mAh Battery with 18W Fast Charging,"4 GB RAM, 128 GB inbuilt","6.88 inches, 720 x 1640 px, 120 Hz Display with Water Drop Notch",50 MP + 2 MP + 0.08 MP Triple Rear & 13 MP Front Camera,"Helio G81, Octa Core, 2 GHz Processor","Memory Card Supported, upto 1 TB",Android v14,Xiaomi,4.0,128.0,5160.0,18.0,6.88,120.0,50.0,13.0,Helio,Budget,68.19
Realme Narzo N65 5G,10999,74,"Dual Sim, 3G, 4G, 5G, VoLTE, Vo5G, Wi-Fi",5000 mAh Battery with 15W Fast Charging,"4 GB RAM, 128 GB inbuilt","6.67 inches, 720 x 1604 px, 120 Hz Display with Punch Hole",50 MP Dual Rear & 8 MP Front Camera,"Dimensity 6300, Octa Core, 2.4 GHz Processor","Memory Card (Hybrid), upto 2 TB",Android v14,Realme,4.0,128.0,5000.0,15.0,6.67,120.0,50.0,8.0,Dimensity,Budget,67.28
Lava Storm 5G,10999,81,"Dual Sim, 3G, 4G, 5G, VoLTE, Wi-Fi",5000 mAh Battery with 33W Fast Charging,"8 GB RAM, 128 GB inbuilt","6.78 inches, 2400 x 1200 px, 120 Hz Display with Punch Hole",50 MP + 8 MP Dual Rear & 16 MP Front Camera,"Dimensity 6080, Octa Core, 2.4 GHz Processor","Memory Card Supported, upto 1 TB",Android v13,Lava,8.0,128.0,5000.0,33.0,6.78,120.0,50.0,16.0,Dimensity,Budget,73.64
Motorola Moto G40 Fusion (6Gb Ram + 128Gb),10999,81,"Dual Sim, 3G, 4G, VoLTE, Wi-Fi",6000 mAh Battery with 20W Fast Charging,"6 GB RAM, 128 GB inbuilt","6.78 inches, 1080 x 2460 px, 120 Hz Display with Punch Hole",64 MP + 8 MP + 2 MP Triple Rear & 16 MP Front Camera,"Snapdragon  732G, Octa Core, 2.3 GHz Processor","Memory Card (Hybrid), upto 256 GB",Android v11,Motorola,6.0,128.0,6000.0,20.0,6.78,120.0,64.0,16.0,Snapdragon,Budget,73.64
Vivo Y28E 5G,10999,70,"Dual Sim, 3G, 4G, 5G, VoLTE, Wi-Fi",5000 mAh Battery with 15W Fast Charging,"4 GB RAM, 128 GB inbuilt","6.56 inches, 720 x 1612 px, 90 Hz Display with Water Drop Notch",13 MP + 0.08 MP Dual Rear & 5 MP Front Camera,"Dimensity 6300, Octa Core, 2.4 GHz Processor","Memory Card (Hybrid), upto 1 TB",Android v14,Vivo,4.0,128.0,5000.0,15.0,6.56,90.0,13.0,5.0,Dimensity,Budget,63.64
Xiaomi Mi 11 Lite (8Gb Ram + 128Gb),10999,82,"Dual Sim, 3G, 4G, VoLTE, Wi-Fi, IR Blaster",4250 mAh Battery with 33W Fast Charging,"8 GB RAM, 128 GB inbuilt","6.55 inches, 1080 x 2400 px, 90 Hz Display with Punch Hole",64 MP + 8 MP + 5 MP Triple Rear & 16 MP Front Camera,"Snapdragon 732G , Octa Core, 2.3 GHz Processor","Memory Card (Hybrid), upto 512 GB",Android v11,Xiaomi,8.0,128.0,4250.0,33.0,6.55,90.0,64.0,16.0,Snapdragon,Budget,74.55
Poco M6 Plus 5G,10998,80,"Dual Sim, 3G, 4G, 5G, VoLTE, Wi-Fi, IR Blaster",5030 mAh Battery with 33W Fast Charging,"6 GB RAM, 128 GB inbuilt","6.79 inches, 1080 x 2460 px, 120 Hz Display with Punch Hole",108 MP + 2 MP Dual Rear & 13 MP Front Camera,"Snapdragon 4 Gen2 AE, Octa Core, 2.3 GHz Processor","Memory Card (Hybrid), upto 1 TB",Android v14,Poco,6.0,128.0,5030.0,33.0,6.79,120.0,108.0,13.0,Snapdragon,Budget,72.74
Poco C75 (8Gb Ram + 256Gb),10990,79,"Dual Sim, 3G, 4G, VoLTE, Wi-Fi, NFC",5160 mAh Battery with 18W Fast Charging,"8 GB RAM, 256 GB inbuilt","6.88 inches, 720 x 1640 px, 120 Hz Display with Water Drop Notch",50 MP + Auxiliary lens Dual Rear & 13 MP Front Camera,"Helio G81 Ultra, Octa Core, 2 GHz Processor","Memory Card Supported, upto 1 TB",Android v14,Poco,8.0,256.0,5160.0,18.0,6.88,120.0,50.0,13.0,Helio,Budget,71.88
Realme C63 5G,10990,74,"Dual Sim, 3G, 4G, 5G, VoLTE, Wi-Fi",5000 mAh Battery with 10W Fast Charging,"4 GB RAM, 128 GB inbuilt","6.67 inches, 720 x 1604 px, 120 Hz Display with Punch Hole",32 MP Dual Rear & 8 MP Front Camera,"Dimensity 6300, Octa Core, 2.4 GHz Processor","Memory Card (Hybrid), upto 2 TB",Android v14,Realme,4.0,128.0,5000.0,10.0,6.67,120.0,32.0,8.0,Dimensity,Budget,67.33
Poco M6 5G (6Gb Ram + 128Gb),10990,74,"Dual Sim, 3G, 4G, 5G, VoLTE, Wi-Fi, IR Blaster",5000 mAh Battery with 18W Fast Charging,"6 GB RAM, 128 GB inbuilt","6.74 inches, 720 x 1650 px, 90 Hz Display with Punch Hole",50 MP Dual Rear & 5 MP Front Camera,"Dimensity 6100 Plus, Octa Core, 2.2 GHz Processor","Memory Card Supported, upto 1 TB",Android v13,Poco,6.0,128.0,5000.0,18.0,6.74,90.0,50.0,5.0,Dimensity,Budget,67.33
Samsung Galaxy A14 5G,10800,75,"Dual Sim, 3G, 4G, 5G, VoLTE, Wi-Fi",5000 mAh Battery with 15W Fast Charging,"4 GB RAM, 64 GB inbuilt","6.6 inches, 1080 x 2408 px, 90 Hz Display with Water Drop Notch",50 MP + 2 MP + 2 MP Triple Rear & 13 MP Front Camera,"Exynos 1330, Octa Core, 2.4 GHz Processor","Memory Card Supported, upto 1 TB",Android v13,Samsung,4.0,64.0,5000.0,15.0,6.6,90.0,50.0,13.0,Exynos,Budget,69.44
Samsung Galaxy A06 5G,10499,74,"Dual Sim, 3G, 4G, 5G, VoLTE, Wi-Fi",5800 mAh Battery with 25W Fast Charging,"4 GB RAM, 64 GB inbuilt","6.7 inches, 720 x 1600 px, 90 Hz Display with Water Drop Notch",50 MP + 2 MP Dual Rear & 8 MP Front Camera,"Dimensity 6300, Octa Core, 2.4 GHz Processor","Memory Card Supported, upto 1 TB",Android v15,Samsung,4.0,64.0,5800.0,25.0,6.7,90.0,50.0,8.0,Dimensity,Budget,70.48
Samsung Galaxy M06 (6Gb Ram + 128Gb),10499,75,"Dual Sim, 3G, 4G, 5G, VoLTE, Wi-Fi",5000 mAh Battery with 25W Fast Charging,"6 GB RAM, 128 GB inbuilt","6.74 inches, 720 x 1600 px, 90 Hz Display with Water Drop Notch",50 MP + 2 MP Dual Rear & 8 MP Front Camera,"Dimensity 6300, Octa Core, 2.4 GHz Processor","Memory Card (Hybrid), upto 1.5 TB",Android v15,Samsung,6.0,128.0,5000.0,25.0,6.74,90.0,50.0,8.0,Dimensity,Budget,71.44
Vivo Y19 5G,10499,69,"Dual Sim, 3G, 4G, 5G, VoLTE, Wi-Fi",5500 mAh Battery with 15W Fast Charging,"4 GB RAM, 64 GB inbuilt","6.74 inches, 720 x 1600 px, 90 Hz Display with Water Drop Notch",13 MP + 0.08 MP Dual Rear & 5 MP Front Camera,"Dimensity 6300, Octa Core, 2.4 GHz Processor","Memory Card Supported, upto 2 TB",Android v15,Vivo,4.0,64.0,5500.0,15.0,6.74,90.0,13.0,5.0,Dimensity,Budget,65.72
Xiaomi Redmi 14C 5G (4Gb Ram + 128Gb),10499,73,"Dual Sim, 3G, 4G, 5G, VoLTE, Wi-Fi",5160 mAh Battery with 18W Fast Charging,"4 GB RAM, 128 GB inbuilt","6.88 inches, 720 x 1640 px, 120 Hz Display with Water Drop Notch",50 MP Dual Rear & 8 MP Front Camera,"Snapdragon 4 Gen2, Octa Core, 2.2 GHz Processor","Memory Card Supported, upto 1 TB",Android v14,Xiaomi,4.0,128.0,5160.0,18.0,6.88,120.0,50.0,8.0,Snapdragon,Budget,69.53
Realme C65 5G,10499,72,"Dual Sim, 3G, 4G, 5G, VoLTE, Wi-Fi",5000 mAh Battery with 15W Fast Charging,"4 GB RAM, 64 GB inbuilt","6.67 inches, 720 x 1604 px, 120 Hz Display with Punch Hole",50 MP Rear & 8 MP Front Camera,"Dimensity 6300, Octa Core, 2.4 GHz Processor","Memory Card (Hybrid), upto 2 TB",Android v14,Realme,4.0,64.0,5000.0,15.0,6.67,120.0,50.0,8.0,Dimensity,Budget,68.58
Xiaomi Redmi Note 12 4G,10499,79,"Dual Sim, 3G, 4G, VoLTE, Wi-Fi, IR Blaster",5000 mAh Battery with 33W Fast Charging,"6 GB RAM, 64 GB inbuilt","6.67 inches, 1080 x 2400 px, 120 Hz Display with Punch Hole",50 MP + 8 MP + 2 MP Triple Rear & 13 MP Front Camera,"Snapdragon 685, Octa Core, 2.8 GHz Processor","Memory Card (Hybrid), upto 1 TB",Android v13,Xiaomi,6.0,64.0,5000.0,33.0,6.67,120.0,50.0,13.0,Snapdragon,Budget,75.25
Iqoo Z9 Lite 5G,10498,75,"Dual Sim, 3G, 4G, 5G, VoLTE, Wi-Fi",5000 mAh Battery with 15W Fast Charging,"4 GB RAM, 128 GB inbuilt","6.56 inches, 720 x 1600 px, 90 Hz Display with Water Drop Notch",50 MP + 2 MP Dual Rear & 8 MP Front Camera,"Dimensity 6300, Octa Core, 2.4 GHz Processor","Memory Card (Hybrid), upto 1 TB",Android v14,Iqoo,4.0,128.0,5000.0,15.0,6.56,90.0,50.0,8.0,Dimensity,Budget,71.44
Realme 10,10490,74,"Dual Sim, 3G, 4G, VoLTE, Wi-Fi",5000 mAh Battery with 33W Fast Charging,"4 GB RAM, 64 GB inbuilt","6.4 inches, 1080 x 2400 px, 90 Hz Display with Punch Hole",50 MP + 2 MP Dual Rear & 16 MP Front Camera,"Helio G99, Octa Core, 2.2 GHz Processor","Memory Card Supported, upto 1 TB",Android v12,Realme,4.0,64.0,5000.0,33.0,6.4,90.0,50.0,16.0,Helio,Budget,70.54
Motorola Moto G35 5G,10468,78,"Dual Sim, 3G, 4G, 5G, VoLTE, Vo5G, Wi-Fi",5000 mAh Battery with 18W Fast Charging,"4 GB RAM, 128 GB inbuilt","6.72 inches, 1080 x 2400 px, 120 Hz Display with Punch Hole",50 MP + 8 MP Dual Rear & 16 MP Front Camera,"Unisoc T760, Octa Core, 2.2 GHz Processor","Memory Card (Hybrid), upto 1 TB",Android v14,Motorola,4.0,128.0,5000.0,18.0,6.72,120.0,50.0,16.0,Unisoc,Budget,74.51
Infinix Hot 50 5G (8 Gb Ram + 128 Gb),10450,79,"Dual Sim, 3G, 4G, 5G, VoLTE, Wi-Fi",5000 mAh Battery with 18W Fast Charging,"8 GB RAM, 128 GB inbuilt","6.7 inches, 720 x 1600 px, 120 Hz Display with Punch Hole",48 MP + Depth Sensor Dual Rear & 8 MP Front Camera,"Dimensity 6300, Octa Core, 2.4 GHz Processor","Memory Card (Hybrid), upto 1 TB",Android v14,Infinix,8.0,128.0,5000.0,18.0,6.7,120.0,48.0,8.0,Dimensity,Budget,75.6
Vivo T3 Lite 5G,10283,75,"Dual Sim, 3G, 4G, 5G, VoLTE, Wi-Fi",5000 mAh Battery with 15W Fast Charging,"4 GB RAM, 128 GB inbuilt","6.56 inches, 720 x 1612 px, 90 Hz Display with Water Drop Notch",50 MP + 2 MP Dual Rear & 8 MP Front Camera,"Dimensity 6300, Octa Core, 2.4 GHz Processor","Memory Card (Hybrid), upto 1 TB",Android v14,Vivo,4.0,128.0,5000.0,15.0,6.56,90.0,50.0,8.0,Dimensity,Budget,72.94
Motorola Moto G45 5G,10277,76,"Dual Sim, 3G, 4G, 5G, VoLTE, Wi-Fi",5000 mAh Battery with 20W Fast Charging,"4 GB RAM, 128 GB inbuilt","6.5 inches, 720 x 1600 px, 120 Hz Display with Punch Hole",50 MP + 2 MP Dual Rear & 16 MP Front Camera,"Snapdragon 6s Gen3, Octa Core, 2.3 GHz Processor","Memory Card (Hybrid), upto 1 TB",Android v14,Motorola,4.0,128.0,5000.0,20.0,6.5,120.0,50.0,16.0,Snapdragon,Budget,73.95
Itel A95 5G,9999,70,"Dual Sim, 3G, 4G, VoLTE, Wi-Fi",5000 mAh Battery with 18W Fast Charging,"4 GB RAM, 128 GB inbuilt","6.7 inches, 720 x 1600 px, 120 Hz Display with Punch Hole",50 MP Dual Rear & 8 MP Front Camera,"Dimensity 6300, Octa Core, 2.4 GHz Processor",Memory Card Supported,Android v15,Itel,4.0,128.0,5000.0,18.0,6.7,120.0,50.0,8.0,Dimensity,Budget,70.01
Vivo Y28E 5G (4Gb Ram + 64Gb),9999,69,"Dual Sim, 3G, 4G, 5G, VoLTE, Wi-Fi",5000 mAh Battery with 15W Fast Charging,"4 GB RAM, 64 GB inbuilt","6.56 inches, 720 x 1612 px, 90 Hz Display with Water Drop Notch",13 MP + 0.08 MP Dual Rear & 5 MP Front Camera,"Dimensity 6300, Octa Core, 2.4 GHz Processor","Memory Card (Hybrid), upto 1 TB",Android v14,Vivo,4.0,64.0,5000.0,15.0,6.56,90.0,13.0,5.0,Dimensity,Budget,69.01
Infinix Hot 50I,9999,72,"Dual Sim, 3G, 4G, VoLTE, Wi-Fi",5000 mAh Battery with 18W Fast Charging,"4 GB RAM, 128 GB inbuilt","6.7 inches, 720 x 1600 px, 120 Hz Display with Punch Hole",48 MP Dual Rear & 8 MP Front Camera,"Helio G81, Octa Core, 2 GHz Processor","Memory Card Supported, upto 2 TB",Android v14,Infinix,4.0,128.0,5000.0,18.0,6.7,120.0,48.0,8.0,Helio,Budget,72.01
Poco M6 Pro 5G (4Gb Ram + 128Gb),9999,75,"Dual Sim, 3G, 4G, 5G, VoLTE, Wi-Fi, IR Blaster",5000 mAh Battery with 18W Fast Charging,"4 GB RAM, 128 GB inbuilt","6.79 inches, 1080 x 2460 px, 90 Hz Display with Punch Hole",50 MP + 2 MP Dual Rear & 8 MP Front Camera,"Snapdragon 4 Gen2, Octa Core, 2.2 GHz Processor","Memory Card (Hybrid), upto 1 TB",Android v13,Poco,4.0,128.0,5000.0,18.0,6.79,90.0,50.0,8.0,Snapdragon,Budget,75.01
Itel Zeno 5G,9999,70,"Dual Sim, 3G, 4G, VoLTE, Wi-Fi",5000 mAh Battery with 18W Fast Charging,"4 GB RAM, 128 GB inbuilt","6.7 inches, 720 x 1600 px, 120 Hz Display with Punch Hole",50 MP Dual Rear & 8 MP Front Camera,"Dimensity 6300, Octa Core, 2.4 GHz Processor",Memory Card Supported,Android v15,Itel,4.0,128.0,5000.0,18.0,6.7,120.0,50.0,8.0,Dimensity,Budget,70.01
Samsung Galaxy A06,9999,71,"Dual Sim, 3G, 4G, VoLTE, Wi-Fi",5000 mAh Battery with 25W Fast Charging,"4 GB RAM, 64 GB inbuilt","6.74 inches, 720 x 1600 px Display with Water Drop Notch",50 MP + 2 MP Dual Rear & 8 MP Front Camera,"Helio G85, Octa Core, 2 GHz Processor","Memory Card Supported, upto 1 TB",Android v14,Samsung,4.0,64.0,5000.0,25.0,6.74,60.0,50.0,8.0,Helio,Budget,71.01
Oppo A3X 4G (4Gb Ram + 128Gb),9999,58,"Dual Sim, 3G, 4G, VoLTE, Wi-Fi",5100 mAh Battery with 45W Fast Charging,"4 GB RAM, 128 GB inbuilt","6.67 inches, 720 x 1604 px, 90 Hz Display with Punch Hole",8 MP Dual Rear & 5 MP Front Camera,"Snapdragon 6s Gen1 4G, Octa Core Processor",Memory Card (Hybrid),Android v14,Oppo,4.0,128.0,5100.0,45.0,6.67,90.0,8.0,5.0,Snapdragon,Budget,58.01
Tecno Pop 9 5G (4Gb Ram + 128Gb),9999,75,"Dual Sim, 3G, 4G, 5G, VoLTE, Wi-Fi, NFC, IR Blaster",5000 mAh Battery with 18W Fast Charging,"4 GB RAM, 128 GB inbuilt","6.67 inches, 720 x 1612 px, 120 Hz Display with Punch Hole",48 MP Dual Rear & 8 MP Front Camera,"Dimensity 6300, Octa Core, 2.4 GHz Processor","Memory Card Supported, upto 1 TB",Android v14,Tecno,4.0,128.0,5000.0,18.0,6.67,120.0,48.0,8.0,Dimensity,Budget,75.01
Motorola Moto G40 Fusion,9999,77,"Dual Sim, 3G, 4G, VoLTE, Wi-Fi",6000 mAh Battery with 20W Fast Charging,"4 GB RAM, 64 GB inbuilt","6.78 inches, 1080 x 2460 px, 120 Hz Display with Punch Hole",64 MP + 8 MP + 2 MP Triple Rear & 16 MP Front Camera,"Snapdragon  732G, Octa Core, 2.3 GHz Processor","Memory Card (Hybrid), upto 256 GB",Android v11,Motorola,4.0,64.0,6000.0,20.0,6.78,120.0,64.0,16.0,Snapdragon,Budget,77.01
Tecno Spark 30C 5G (4Gb Ram + 64Gb),9999,72,"Dual Sim, 3G, 4G, 5G, VoLTE, Wi-Fi, NFC, IR Blaster",5000 mAh Battery with 18W Fast Charging,"4 GB RAM, 64 GB inbuilt","6.67 inches, 720 x 1600 px, 120 Hz Display with Punch Hole",48 MP Dual Rear & 8 MP Front Camera,"Dimensity 6300, Octa Core, 2.4 GHz Processor","Memory Card Supported, upto 1 TB",Android v14,Tecno,4.0,64.0,5000.0,18.0,6.67,120.0,48.0,8.0,Dimensity,Budget,72.01
Samsung Galaxy A06S,9999,70,"Dual Sim, 3G, 4G, VoLTE, Wi-Fi",5000 mAh Battery with 25W Fast Charging,"6 GB RAM, 128 GB inbuilt","6.74 inches, 1080 x 2400 px, 90 Hz Display with Punch Hole",50 MP + 13 MP + 2 MP Triple Rear & 16 MP Front Camera,Octa Core Processor,"Memory Card Supported, upto 1 TB",Android v13,Samsung,6.0,128.0,5000.0,25.0,6.74,90.0,50.0,16.0,Octa,Budget,70.01
Acer Super Zx,9990,78,"Dual Sim, 3G, 4G, 5G, VoLTE, Wi-Fi, IR Blaster",5000 mAh Battery with 33W Fast Charging,"8 GB RAM, 256 GB inbuilt","6.8 inches, 1080 x 2400 px, 120 Hz Display with Punch Hole",64 MP + 2 MP + 2 MP Triple Rear & 13 MP Front Camera,"Dimensity 6300, Octa Core, 2.4 GHz Processor",Memory Card Supported,Android v15,Acer,8.0,256.0,5000.0,33.0,6.8,120.0,64.0,13.0,Dimensity,Budget,78.08
Xiaomi Redmi A5 5G,9990,68,"Dual Sim, 3G, 4G, 5G, VoLTE, Wi-Fi, NFC",5500 mAh Battery with 33W Fast Charging,"4 GB RAM, 128 GB inbuilt","6.78 inches, 1080 x 2400 px, 120 Hz Display with Water Drop Notch",50 MP + 8 MP + 2 MP Triple Rear & 8 MP Front Camera,"Snapdragon 4 Gen3, Octa Core Processor","Memory Card Supported, upto 1 TB",Android v14,Xiaomi,4.0,128.0,5500.0,33.0,6.78,120.0,50.0,8.0,Snapdragon,Budget,68.07
Realme C75,9990,78,"Dual Sim, 3G, 4G, VoLTE, Wi-Fi, NFC",6000 mAh Battery with 45W Fast Charging,"8 GB RAM, 128 GB inbuilt","6.72 inches, 1080 x 2400 px Display with Punch Hole",50 MP Dual Rear & 8 MP Front Camera,"Helio G92 Max, Octa Core, 2 GHz Processor",Memory Card Supported,Android v14,Realme,8.0,128.0,6000.0,45.0,6.72,60.0,50.0,8.0,Helio,Budget,78.08
Jio Jiophone 5G,9990,64,"Dual Sim, 3G, 4G, 5G, VoLTE, Wi-Fi",5000 mAh Battery with 18W Fast Charging,"4 GB RAM, 32 GB inbuilt","6.5 inches, 720 x 1600 px, 90 Hz Display",13 MP + 2 MP Dual Rear & 5 MP Front Camera,"Dimensity 700 5G, Octa Core, 2.2 GHz Processor","Memory Card Supported, upto 512 GB",Android v12,Jio,4.0,32.0,5000.0,18.0,6.5,90.0,13.0,5.0,Dimensity,Budget,64.06
Poco M2 Pro (6Gb Ram + 64Gb),9990,78,"Dual Sim, 3G, 4G, VoLTE, Wi-Fi, IR Blaster",5000 mAh Battery with 33W Fast Charging,"6 GB RAM, 64 GB inbuilt","6.67 inches, 1080 x 2400 px Display with Punch Hole",48 MP Quad Rear & 16 MP Front Camera,"Snapdragon 720G, Octa Core, 2.3 GHz Processor","Memory Card Supported, upto 512 GB",Android v10.0,Poco,6.0,64.0,5000.0,33.0,6.67,60.0,48.0,16.0,Snapdragon,Budget,78.08
Motorola Moto G43 5G,9990,75,"Dual Sim, 3G, 4G, 5G, VoLTE, Wi-Fi",5000 mAh Battery with 10W Fast Charging,"4 GB RAM, 128 GB inbuilt","6.56 inches, 720 x 1600 px, 90 Hz Display with Punch Hole",50 MP + Depth Sensor Dual Rear & 8 MP Front Camera,"Dimensity 6300, Octa Core, 2.4 GHz Processor","Memory Card (Hybrid), upto 1 TB",Android v14,Motorola,4.0,128.0,5000.0,10.0,6.56,90.0,50.0,8.0,Dimensity,Budget,75.08
Infinix Hot 50 4G,9990,77,"Dual Sim, 3G, 4G, VoLTE, Wi-Fi, NFC",5000 mAh Battery with 18W Fast Charging,"6 GB RAM, 128 GB inbuilt","6.78 inches, 1080 x 2460 px, 120 Hz Display with Punch Hole",50 MP Dual Rear & 8 MP Front Camera,"Helio G100, Octa Core, 2.2 GHz Processor","Memory Card Supported, upto 1 TB",Android v14,Infinix,6.0,128.0,5000.0,18.0,6.78,120.0,50.0,8.0,Helio,Budget,77.08
Xiaomi Redmi 12 4G (6Gb Ram + 128Gb),9989,77,"Dual Sim, 3G, 4G, VoLTE, Wi-Fi, IR Blaster",5000 mAh Battery with 18W Fast Charging,"6 GB RAM, 128 GB inbuilt","6.79 inches, 1080 x 2460 px, 90 Hz Display with Punch Hole",50 MP + 8 MP + 2 MP Triple Rear & 8 MP Front Camera,"Helio G88, Octa Core, 2 GHz Processor","Memory Card (Hybrid), upto 1 TB",Android v13,Xiaomi,6.0,128.0,5000.0,18.0,6.79,90.0,50.0,8.0,Helio,Budget,77.08
Oppo A17,9900,72,"Dual Sim, 3G, 4G, VoLTE, Wi-Fi",5000 mAh Battery with Fast Charging,"4 GB RAM, 64 GB inbuilt","6.56 inches, 720 x 1612 px Display with Water Drop Notch",50 MP + 2 MP Dual Rear & 5 MP Front Camera,"Helio G35, Octa Core, 2.3 GHz Processor","Memory Card Supported, upto 1 TB",Android v12,Oppo,4.0,64.0,5000.0,0.0,6.56,60.0,50.0,5.0,Helio,Budget,72.73
Infinix Note 12 Turbo,9899,79,"Dual Sim, 3G, 4G, VoLTE, Wi-Fi",5000 mAh Battery with 33W Fast Charging,"8 GB RAM, 128 GB inbuilt","6.7 inches, 2400 x 1080 px Display with Punch Hole",50 MP + 2 MP Triple Rear & 16 MP Front Camera,"Helio G96, Octa Core, 2 GHz Processor","Memory Card Supported, upto 512 GB",Android v12,Infinix,8.0,128.0,5000.0,33.0,6.7,60.0,50.0,16.0,Helio,Budget,79.81
Samsung Galaxy F06 5G,9867,73,"Dual Sim, 3G, 4G, 5G, VoLTE, Wi-Fi",5000 mAh Battery with 25W Fast Charging,"4 GB RAM, 128 GB inbuilt","6.7 inches, 720 x 1600 px Display with Water Drop Notch",50 MP + 2 MP Dual Rear & 8 MP Front Camera,"Dimensity 6300, Octa Core, 2.4 GHz Processor","Memory Card (Hybrid), upto 1 TB",Android v15,Samsung,4.0,128.0,5000.0,25.0,6.7,60.0,50.0,8.0,Dimensity,Budget,73.98
Samsung Galaxy A14 4G (6Gb Ram + 128 Gb),9699,76,"Dual Sim, 3G, 4G, VoLTE, Wi-Fi",5000 mAh Battery with 15W Fast Charging,"6 GB RAM, 128 GB inbuilt","6.6 inches, 1080 x 2408 px Display with Water Drop Notch",50 MP + 5 MP + 2 MP Triple Rear & 13 MP Front Camera,"Exynos 850, Octa Core, 2 GHz Processor","Memory Card Supported, upto 1 TB",Android v13,Samsung,6.0,128.0,5000.0,15.0,6.6,60.0,50.0,13.0,Exynos,Budget,78.36
Samsung Galaxy F06 5G,9569,73,"Dual Sim, 3G, 4G, 5G, VoLTE, Wi-Fi",5000 mAh Battery with 25W Fast Charging,"4 GB RAM, 128 GB inbuilt","6.7 inches, 720 x 1600 px Display with Water Drop Notch",50 MP + 2 MP Dual Rear & 8 MP Front Camera,"Dimensity 6300, Octa Core, 2.4 GHz Processor","Memory Card (Hybrid), upto 1 TB",Android v15,Samsung,4.0,128.0,5000.0,25.0,6.7,60.0,50.0,8.0,Dimensity,Budget,76.29
Tecno Pop 9 5G,9499,74,"Dual Sim, 3G, 4G, 5G, VoLTE, Wi-Fi, NFC, IR Blaster",5000 mAh Battery with 18W Fast Charging,"4 GB RAM, 64 GB inbuilt","6.67 inches, 720 x 1612 px, 120 Hz Display with Punch Hole",48 MP Dual Rear & 8 MP Front Camera,"Dimensity 6300, Octa Core, 2.4 GHz Processor","Memory Card Supported, upto 1 TB",Android v14,Tecno,4.0,64.0,5000.0,18.0,6.67,120.0,48.0,8.0,Dimensity,Budget,77.9
Samsung Galaxy A07 5G,9499,66,"Dual Sim, 3G, 4G, 5G, VoLTE, Wi-Fi",5500 mAh Battery with 25W Fast Charging,"4 GB RAM, 128 GB inbuilt","6.7 inches, 720 x 1600 px, 90 Hz Display with Water Drop Notch",50 MP + Depth Sensor Dual Rear & 16 MP Front Camera,Octa Core Processor,"Memory Card Supported, upto 1 TB",Android v14,Samsung,4.0,128.0,5500.0,25.0,6.7,90.0,50.0,16.0,Octa,Budget,69.48
Lava Yuva 2 5G,9499,74,"Dual Sim, 3G, 4G, 5G, VoLTE, Wi-Fi",5000 mAh Battery with 18W Fast Charging,"4 GB RAM, 128 GB inbuilt","6.67 inches, 720 x 1612 px, 90 Hz Display with Punch Hole",50 MP + 2 MP Dual Rear & 8 MP Front Camera,"Unisoc T760, Octa Core, 2.2 GHz Processor","Memory Card Supported, upto 512 GB",Android v14,Lava,4.0,128.0,5000.0,18.0,6.67,90.0,50.0,8.0,Unisoc,Budget,77.9
Xiaomi Redmi Note 11Se,9490,80,"Dual Sim, 3G, 4G, VoLTE, Wi-Fi, IR Blaster",5000 mAh Battery with 33W Fast Charging,"6 GB RAM, 64 GB inbuilt","6.43 inches, 1080 x 2400 px Display with Punch Hole",64 MP Quad Rear & 13 MP Front Camera,"Helio G95, Octa Core, 2.05 GHz Processor","Memory Card Supported, upto 512 GB",Android v11,Xiaomi,6.0,64.0,5000.0,33.0,6.43,60.0,64.0,13.0,Helio,Budget,84.3
Vivo Y22,9432,72,"Dual Sim, 3G, 4G, VoLTE, Wi-Fi",5000 mAh Battery with 18W Fast Charging,"4 GB RAM, 64 GB inbuilt","6.55 inches, 720 x 1612 px Display with Water Drop Notch",50 MP + 2 MP Dual Rear & 8 MP Front Camera,"Helio G70, Octa Core, 2 GHz Processor","Memory Card Supported, upto 1 TB",Android v12,Vivo,4.0,64.0,5000.0,18.0,6.55,60.0,50.0,8.0,Helio,Budget,76.34
Infinix Hot 50 5G,9325,75,"Dual Sim, 3G, 4G, 5G, VoLTE, Wi-Fi",5000 mAh Battery with 18W Fast Charging,"4 GB RAM, 128 GB inbuilt","6.7 inches, 720 x 1600 px, 120 Hz Display with Punch Hole",48 MP + Depth Sensor Dual Rear & 8 MP Front Camera,"Dimensity 6300, Octa Core, 2.4 GHz Processor","Memory Card (Hybrid), upto 1 TB",Android v14,Infinix,4.0,128.0,5000.0,18.0,6.7,120.0,48.0,8.0,Dimensity,Budget,80.43
Xiaomi Redmi 13C 4G,9294,73,"Dual Sim, 3G, 4G, VoLTE, Wi-Fi",5000 mAh Battery with 18W Fast Charging,"4 GB RAM, 128 GB inbuilt","6.74 inches, 720 x 1600 px, 90 Hz Display with Water Drop Notch",50 MP + 2 MP + 0.08 MP Triple Rear & 8 MP Front Camera,"Helio G85, Octa Core, 2 GHz Processor","Memory Card Supported, upto 1 TB",Android v13,Xiaomi,4.0,128.0,5000.0,18.0,6.74,90.0,50.0,8.0,Helio,Budget,78.55
Lava Blaze 2 5G (6Gb Ram + 128Gb),9169,75,"Dual Sim, 3G, 4G, 5G, VoLTE, Wi-Fi",5000 mAh Battery with 18W Fast Charging,"6 GB RAM, 128 GB inbuilt","6.5 inches, 720 x 1600 px, 90 Hz Display with Punch Hole",50 MP + 0.08 MP Dual Rear & 8 MP Front Camera,"Dimensity 6020, Octa Core, 2.2 GHz Processor","Memory Card Supported, upto 1 TB",Android v13,Lava,6.0,128.0,5000.0,18.0,6.5,90.0,50.0,8.0,Dimensity,Budget,81.8
Xiaomi Redmi A4 5G (4Gb Ram + 128Gb),8999,72,"Dual Sim, 3G, 4G, 5G, VoLTE, Wi-Fi",5160 mAh Battery with 18W Fast Charging,"4 GB RAM, 128 GB inbuilt","6.88 inches, 720 x 1640 px, 120 Hz Display with Water Drop Notch",50 MP Dual Rear & 5 MP Front Camera,"Snapdragon 4s Gen2, Octa Core, 2 GHz Processor","Memory Card Supported, upto 1 TB",Android v14,Xiaomi,4.0,128.0,5160.0,18.0,6.88,120.0,50.0,5.0,Snapdragon,Budget,80.01
Oppo A3X 4G,8999,57,"Dual Sim, 3G, 4G, VoLTE, Wi-Fi",5100 mAh Battery with 45W Fast Charging,"4 GB RAM, 64 GB inbuilt","6.67 inches, 720 x 1604 px, 90 Hz Display with Punch Hole",8 MP Dual Rear & 5 MP Front Camera,"Snapdragon 6s Gen1 4G, Octa Core Processor",Memory Card (Hybrid),Android v14,Oppo,4.0,64.0,5100.0,45.0,6.67,90.0,8.0,5.0,Snapdragon,Budget,63.34
Poco C85 5G,8999,64,"Dual Sim, 3G, 4G, 5G, VoLTE, Wi-Fi",5500 mAh Battery with 33W Fast Charging,"4 GB RAM, 128 GB inbuilt","6.8 inches, 720 x 1650 px, 120 Hz Display with Water Drop Notch",50 MP Dual Rear & 8 MP Front Camera,Octa Core Processor,"Memory Card Supported, upto 1 TB",Android v15,Poco,4.0,128.0,5500.0,33.0,6.8,120.0,50.0,8.0,Octa,Budget,71.12
Itel Color Pro 5G (4Gb Ram + 128Gb),8999,74,"Dual Sim, 3G, 4G, 5G, VoLTE, Wi-Fi",5000 mAh Battery with 18W Fast Charging,"4 GB RAM, 128 GB inbuilt","6.6 inches, 1600 x 720 px, 90 Hz Display with Punch Hole",50 MP + 2 MP Dual Rear & 8 MP Front Camera,"Dimensity 6080, Octa Core, 2.4 GHz Processor","Memory Card Supported, upto 1 TB",Android v14,Itel,4.0,128.0,5000.0,18.0,6.6,90.0,50.0,8.0,Dimensity,Budget,82.23
Realme C53,8994,75,"Dual Sim, 3G, 4G, VoLTE, Wi-Fi",5000 mAh Battery with 18W Fast Charging,"4 GB RAM, 128 GB inbuilt","6.74 inches, 1080 x 2400 px, 90 Hz Display with Water Drop Notch",108 MP + 2 MP Dual Rear & 8 MP Front Camera,"Tiger T612, Octa Core, 1.82 GHz Processor","Memory Card Supported, upto 2 TB",Android v13,Realme,4.0,128.0,5000.0,18.0,6.74,90.0,108.0,8.0,Tiger,Budget,83.39
Vivo Y04,8990,67,"Dual Sim, 3G, 4G, VoLTE, Wi-Fi",5000 mAh Battery with 18W Fast Charging,"4 GB RAM, 64 GB inbuilt","6.74 inches, 720 x 1600 px, 90 Hz Display with Water Drop Notch",13 MP + 0.08 MP Dual Rear & 5 MP Front Camera,"Unisoc T7225, Octa Core, 2 GHz Processor","Memory Card Supported, upto 1 TB",Android v14,Vivo,4.0,64.0,5000.0,18.0,6.74,90.0,13.0,5.0,Unisoc,Budget,74.53
Itel A90,8990,62,"Dual Sim, 3G, 4G, VoLTE, Wi-Fi",5000 mAh Battery with 10W Fast Charging,"4 GB RAM, 128 GB inbuilt","6.74 inches, 720 x 1600 px, 120 Hz Display with Punch Hole",50 MP Dual Rear & 13 MP Front Camera,Octa Core Processor,"Memory Card Supported, upto 2 TB",Android v15,Itel,4.0,128.0,5000.0,10.0,6.74,120.0,50.0,13.0,Octa,Budget,68.97
Xiaomi Redmi A3 Pro,8990,70,"Dual Sim, 3G, 4G, VoLTE, Wi-Fi, NFC",5160 mAh Battery with 10W Fast Charging,"4 GB RAM, 128 GB inbuilt","6.88 inches, 720 x 1640 px, 120 Hz Display with Punch Hole",50 MP Dual Rear Camera,"Helio G81 Ultra, Octa Core, 2 GHz Processor","Memory Card Supported, upto 1 TB",Android v14,Xiaomi,4.0,128.0,5160.0,10.0,6.88,120.0,50.0,,Helio,Budget,77.86
Honor X5B Plus,8990,70,"Dual Sim, 3G, 4G, VoLTE, Wi-Fi, IR Blaster",5200 mAh Battery with 10W Fast Charging,"4 GB RAM, 128 GB inbuilt","6.56 inches, 720 x 1612 px, 90 Hz Display with Water Drop Notch",50 MP Dual Rear & 5 MP Front Camera,"Helio G36, Octa Core, 2.2 GHz Processor",Memory Card Supported,Android v14,Honor,4.0,128.0,5200.0,10.0,6.56,90.0,50.0,5.0,Helio,Budget,77.86
Poco C75,8990,76,"Dual Sim, 3G, 4G, VoLTE, Wi-Fi, NFC",5160 mAh Battery with 18W Fast Charging,"6 GB RAM, 128 GB inbuilt","6.88 inches, 720 x 1640 px, 120 Hz Display with Water Drop Notch",50 MP + Auxiliary lens Dual Rear & 13 MP Front Camera,"Helio G81 Ultra, Octa Core, 2 GHz Processor","Memory Card Supported, upto 1 TB",Android v14,Poco,6.0,128.0,5160.0,18.0,6.88,120.0,50.0,13.0,Helio,Budget,84.54
Itel S25,8990,78,"Dual Sim, 3G, 4G, Wi-Fi, NFC, IR Blaster",5000 mAh Battery with 18W Fast Charging,"6 GB RAM, 128 GB inbuilt","6.78 inches, 1080 x 2436 px Display with Punch Hole",50 MP Rear & 32 MP Front Camera,"Unisoc T620, Octa Core, 2.2 GHz Processor",Memory Card Supported,Android v14,Itel,6.0,128.0,5000.0,18.0,6.78,60.0,50.0,32.0,Unisoc,Budget,86.76
Itel Rs4,8990,72,"Dual Sim, 3G, 4G, Wi-Fi",5000 mAh Battery with 45W Fast Charging,"8 GB RAM, 128 GB inbuilt","6.56 inches, 720 x 1612 px, 120 Hz Display with Punch Hole",50 MP Dual Rear & 8 MP Front Camera,"Helio G99, Octa Core, 2.2 GHz Processor",Memory Card Supported,Android v14,Itel,8.0,128.0,5000.0,45.0,6.56,120.0,50.0,8.0,Helio,Budget,80.09
Infinix Hot 40,8990,83,"Dual Sim, 3G, 4G, VoLTE, Wi-Fi, NFC",5000 mAh Battery with 33W Fast Charging,"8 GB RAM, 128 GB inbuilt","6.78 inches, 1080 x 2460 px, 90 Hz Display with Punch Hole",50 MP + 2 MP + 0.08 MP Triple Rear & 32 MP Front Camera,"Helio G88, Octa Core, 2 GHz Processor","Memory Card Supported, upto 1 TB",Android v13,Infinix,8.0,128.0,5000.0,33.0,6.78,90.0,50.0,32.0,Helio,Budget,92.32
Samsung Galaxy A05 (6Gb Ram + 128Gb),8959,74,"Dual Sim, 3G, 4G, VoLTE, Wi-Fi",5000 mAh Battery with 25W Fast Charging,"6 GB RAM, 128 GB inbuilt","6.7 inches, 720 x 1600 px Display with Water Drop Notch",50 MP + 2 MP Dual Rear & 8 MP Front Camera,"Helio G85, Octa Core, 2 GHz Processor","Memory Card Supported, upto 1 TB",Android v13,Samsung,6.0,128.0,5000.0,25.0,6.7,60.0,50.0,8.0,Helio,Budget,82.6
Poco M6 5G,8499,73,"Dual Sim, 3G, 4G, 5G, VoLTE, Wi-Fi, IR Blaster",5000 mAh Battery with 18W Fast Charging,"4 GB RAM, 128 GB inbuilt","6.74 inches, 720 x 1650 px, 90 Hz Display with Punch Hole",50 MP Dual Rear & 5 MP Front Camera,"Dimensity 6100 Plus, Octa Core, 2.2 GHz Processor","Memory Card Supported, upto 1 TB",Android v13,Poco,4.0,128.0,5000.0,18.0,6.74,90.0,50.0,5.0,Dimensity,Budget,85.89
Vivo Y18 (4Gb Ram + 128Gb),8499,72,"Dual Sim, 3G, 4G, VoLTE, Wi-Fi",5000 mAh Battery with 15W Fast Charging,"4 GB RAM, 128 GB inbuilt","6.56 inches, 720 x 1612 px, 90 Hz Display with Water Drop Notch",50 MP + 0.08 MP Dual Rear & 8 MP Front Camera,"Helio G85, Octa Core, 2 GHz Processor",Memory Card Supported,Android v14,Vivo,4.0,128.0,5000.0,15.0,6.56,90.0,50.0,8.0,Helio,Budget,84.72
Itel S24,8499,75,"Dual Sim, 3G, 4G, Wi-Fi",5000 mAh Battery with 18W Fast Charging,"8 GB RAM, 128 GB inbuilt","6.6 inches, 720 x 1612 px, 90 Hz Display with Punch Hole",108 MP + 0.08 MP Dual Rear & 8 MP Front Camera,"Helio G91, Octa Core, 2 GHz Processor",Memory Card Supported,Android v13,Itel,8.0,128.0,5000.0,18.0,6.6,90.0,108.0,8.0,Helio,Budget,88.25
Tecno Spark 20,8499,78,"Dual Sim, 3G, 4G, VoLTE, Wi-Fi",5000 mAh Battery with 18W Fast Charging,"8 GB RAM, 128 GB inbuilt","6.56 inches, 720 x 1612 px, 90 Hz Display with Punch Hole",50 MP Dual Rear & 32 MP Front Camera,"Helio G85, Octa Core, 2 GHz Processor","Memory Card Supported, upto 1 TB",Android v13,Tecno,8.0,128.0,5000.0,18.0,6.56,90.0,50.0,32.0,Helio,Budget,91.78
Samsung Galaxy F14 4G,8449,75,"Dual Sim, 3G, 4G, VoLTE, Wi-Fi",5000 mAh Battery with 25W Fast Charging,"4 GB RAM, 64 GB inbuilt","6.7 inches, 1080 x 2400 px, 90 Hz Display with Water Drop Notch",50 MP + 2 MP + 2 MP Triple Rear & 13 MP Front Camera,"Snapdragon 680, Octa Core, 2.4 GHz Processor","Memory Card Supported, upto 1 TB",Android v14,Samsung,4.0,64.0,5000.0,25.0,6.7,90.0,50.0,13.0,Snapdragon,Budget,88.77
Xiaomi Redmi A3 (6Gb Ram + 128Gb),8425,69,"Dual Sim, 3G, 4G, VoLTE, Wi-Fi",5000 mAh Battery with 10W Fast Charging,"6 GB RAM, 128 GB inbuilt","6.71 inches, 720 x 1650 px, 90 Hz Display with Water Drop Notch",8 MP Dual Rear & 5 MP Front Camera,"Helio G36, Octa Core, 2.2 GHz Processor","Memory Card Supported, upto 1 TB",Android v13,Xiaomi,6.0,128.0,5000.0,10.0,6.71,90.0,8.0,5.0,Helio,Budget,81.9
Itel Color Pro 5G,8399,76,"Dual Sim, 3G, 4G, 5G, VoLTE, Wi-Fi",5000 mAh Battery with 18W Fast Charging,"6 GB RAM, 128 GB inbuilt","6.6 inches, 1600 x 720 px, 90 Hz Display with Punch Hole",50 MP + 2 MP Dual Rear & 8 MP Front Camera,"Dimensity 6080, Octa Core, 2.4 GHz Processor","Memory Card Supported, upto 1 TB",Android v14,Itel,6.0,128.0,5000.0,18.0,6.6,90.0,50.0,8.0,Dimensity,Budget,90.49
Realme C63,8249,72,"Dual Sim, 3G, 4G, VoLTE, Wi-Fi",5000 mAh Battery with 45W Fast Charging,"4 GB RAM, 128 GB inbuilt","6.75 inches, 720 x 1600 px, 90 Hz Display with Water Drop Notch",50 MP Dual Rear & 8 MP Front Camera,"Unisoc T612, Octa Core, 1.8 GHz Processor","Memory Card Supported, upto 2 TB",Android v14,Realme,4.0,128.0,5000.0,45.0,6.75,90.0,50.0,8.0,Unisoc,Budget,87.28
Realme C61 (6Gb Ram + 128Gb),8199,72,"Dual Sim, 3G, 4G, VoLTE, Wi-Fi",5000 mAh Battery with 18W Fast Charging,"6 GB RAM, 128 GB inbuilt","6.74 inches, 720 x 1600 px, 90 Hz Display with Water Drop Notch",32 MP Rear & 5 MP Front Camera,"Unisoc T612, Octa Core, 1.8 GHz Processor","Memory Card Supported, upto 2 TB",Android v14,Realme,6.0,128.0,5000.0,18.0,6.74,90.0,32.0,5.0,Unisoc,Budget,87.82
Motorola Moto G04 (8 Gb Ram + 128Gb),7999,71,"Dual Sim, 3G, 4G, VoLTE, Wi-Fi",5000 mAh Battery with 15W Fast Charging,"8 GB RAM, 128 GB inbuilt","6.56 inches, 720 x 1600 px, 90 Hz Display with Punch Hole",16 MP Rear & 5 MP Front Camera,"Unisoc T606, Octa Core, 1.6 GHz Processor","Memory Card Supported, upto 1 TB",Android v14,Motorola,8.0,128.0,5000.0,15.0,6.56,90.0,16.0,5.0,Unisoc,Budget,88.76
Tecno Pop 10 5G,7999,75,"Dual Sim, 3G, 4G, 5G, VoLTE, Wi-Fi, NFC, IR Blaster",5100 mAh Battery with Fast Charging,"4 GB RAM, 128 GB inbuilt","6.67 inches, 720 x 1612 px, 120 Hz Display with Punch Hole",50 MP Dual Rear & 8 MP Front Camera,"Dimensity 7025, Octa Core, 2.5 GHz Processor","Memory Card Supported, upto 1 TB",Android v15,Tecno,4.0,128.0,5100.0,0.0,6.67,120.0,50.0,8.0,Dimensity,Budget,93.76
Samsung Galaxy M14 4G,7999,74,"Dual Sim, 3G, 4G, VoLTE, Wi-Fi",5000 mAh Battery with 25W Fast Charging,"4 GB RAM, 64 GB inbuilt","6.72 inches, 1080 x 2400 px, 90 Hz Display with Water Drop Notch",50 MP + 2 MP + 2 MP Triple Rear & 13 MP Front Camera,"Snapdragon 680, Octa Core, 2.4 GHz Processor","Memory Card Supported, upto 1 TB",Android v13,Samsung,4.0,64.0,5000.0,25.0,6.72,90.0,50.0,13.0,Snapdragon,Budget,92.51
Vivo Y18,7999,71,"Dual Sim, 3G, 4G, VoLTE, Wi-Fi",5000 mAh Battery with 15W Fast Charging,"4 GB RAM, 64 GB inbuilt","6.56 inches, 720 x 1612 px, 90 Hz Display with Water Drop Notch",50 MP + 0.08 MP Dual Rear & 8 MP Front Camera,"Helio G85, Octa Core, 2 GHz Processor",Memory Card Supported,Android v14,Vivo,4.0,64.0,5000.0,15.0,6.56,90.0,50.0,8.0,Helio,Budget,88.76
Motorola Moto G06,7999,64,"Dual Sim, 3G, 4G, VoLTE, Wi-Fi, NFC",5500 mAh Battery with 20W Fast Charging,"4 GB RAM, 128 GB inbuilt","6.67 inches, 720 x 1604 px, 120 Hz Display with Punch Hole",50 MP + 2 MP Dual Rear & 8 MP Front Camera,"Helio G91, Octa Core Processor","Memory Card Supported, upto 1 TB",Android v16,Motorola,4.0,128.0,5500.0,20.0,6.67,120.0,50.0,8.0,Helio,Budget,80.01
Realme Narzo N63,7999,72,"Dual Sim, 3G, 4G, VoLTE, Wi-Fi, NFC",5000 mAh Battery with 45W Fast Charging,"4 GB RAM, 64 GB inbuilt","6.75 inches, 720 x 1600 px, 90 Hz Display with Water Drop Notch",50 MP Dual Rear & 8 MP Front Camera,"Unisoc T612, Octa Core, 1.8 GHz Processor","Memory Card Supported, upto 1 TB",Android v14,Realme,4.0,64.0,5000.0,45.0,6.75,90.0,50.0,8.0,Unisoc,Budget,90.01
Realme Note 60 4G,7990,67,"Dual Sim, 3G, 4G, VoLTE, Wi-Fi",5000 mAh Battery with 10W Fast Charging,"4 GB RAM, 64 GB inbuilt","6.74 inches, 720 x 1600 px, 90 Hz Display with Punch Hole",32 MP Dual Rear & 5 MP Front Camera,"Unisoc T612, Octa Core, 1.8 GHz Processor","Memory Card Supported, upto 1 TB",Android v14,Realme,4.0,64.0,5000.0,10.0,6.74,90.0,32.0,5.0,Unisoc,Budget,83.85
Itel P55 5G,7899,72,"Dual Sim, 3G, 4G, 5G, VoLTE, Wi-Fi",5000 mAh Battery with 18W Fast Charging,"4 GB RAM, 64 GB inbuilt","6.6 inches, 1600 x 720 px, 90 Hz Display with Water Drop Notch",50 MP Dual Rear & 8 MP Front Camera,"Dimensity 6080, Octa Core, 2.4 GHz Processor","Memory Card Supported, upto 1 TB",Android v13,Itel,4.0,64.0,5000.0,18.0,6.6,90.0,50.0,8.0,Dimensity,Budget,91.15
Infinix Smart 8 Plus,7799,72,"Dual Sim, 3G, 4G, VoLTE, Wi-Fi",6000 mAh Battery with 18W Fast Charging,"4 GB RAM, 128 GB inbuilt","6.6 inches, 720 x 1612 px, 90 Hz Display with Punch Hole",50 MP + 0.08 MP Dual Rear & 8 MP Front Camera,"Helio G36, Octa Core, 2.2 GHz Processor","Memory Card Supported, upto 2 TB",Android v13,Infinix,4.0,128.0,6000.0,18.0,6.6,90.0,50.0,8.0,Helio,Budget,92.32
Realme C61,7562,68,"Dual Sim, 3G, 4G, VoLTE, Wi-Fi",5000 mAh Battery with 18W Fast Charging,"4 GB RAM, 64 GB inbuilt","6.74 inches, 720 x 1600 px, 90 Hz Display with Water Drop Notch",32 MP Rear & 5 MP Front Camera,"Unisoc T612, Octa Core, 1.8 GHz Processor","Memory Card Supported, upto 2 TB",Android v14,Realme,4.0,64.0,5000.0,18.0,6.74,90.0,32.0,5.0,Unisoc,Budget,89.92
Poco C71 (6Gb Ram + 128Gb),7499,72,"Dual Sim, 3G, 4G, VoLTE, Wi-Fi",5200 mAh Battery with 15W Fast Charging,"6 GB RAM, 128 GB inbuilt","6.88 inches, 720 x 1640 px, 120 Hz Display with Water Drop Notch",32 MP Dual Rear & 8 MP Front Camera,"Unisoc T7250, Octa Core, 1.8 GHz Processor","Memory Card Supported, upto 2 TB",Android v15,Poco,6.0,128.0,5200.0,15.0,6.88,120.0,32.0,8.0,Unisoc,Budget,96.01
Vivo Y18I,7499,59,"Dual Sim, 3G, 4G, VoLTE, Wi-Fi",5000 mAh Battery with 15W Fast Charging,"4 GB RAM, 64 GB inbuilt","6.56 inches, 720 x 1612 px, 90 Hz Display with Water Drop Notch",13 MP + 0.08 MP Dual Rear & 5 MP Front Camera,"Unisoc T612, Octa Core Processor",Memory Card Supported,Android v14,Vivo,4.0,64.0,5000.0,15.0,6.56,90.0,13.0,5.0,Unisoc,Budget,78.68
Poco C51,7499,66,"Dual Sim, 3G, 4G, VoLTE, Wi-Fi",5000 mAh Battery with 10W Fast Charging,"4 GB RAM, 64 GB inbuilt","6.52 inches, 720 x 1600 px Display with Water Drop Notch",8 MP + 0.08 MP Dual Rear & 5 MP Front Camera,"Helio G36, Octa Core, 2.2 GHz Processor","Memory Card Supported, upto 1 TB",Android v13,Poco,4.0,64.0,5000.0,10.0,6.52,60.0,8.0,5.0,Helio,Budget,88.01
Realme Narzo N61,7498,67,"Dual Sim, 3G, 4G, VoLTE, Wi-Fi",5000 mAh Battery with 10W Fast Charging,"4 GB RAM, 64 GB inbuilt","6.74 inches, 720 x 1600 px, 90 Hz Display with Water Drop Notch",32 MP Rear & 5 MP Front Camera,"Unisoc T612, Octa Core, 1.8 GHz Processor",Memory Card Supported,Android v14,Realme,4.0,64.0,5000.0,10.0,6.74,90.0,32.0,5.0,Unisoc,Budget,89.36
Motorola Moto G05,7299,70,"Dual Sim, 3G, 4G, VoLTE, Wi-Fi, NFC",5200 mAh Battery with 18W Fast Charging,"4 GB RAM, 64 GB inbuilt","6.67 inches, 720 x 1604 px, 90 Hz Display with Punch Hole",50 MP Rear & 8 MP Front Camera,"Helio G81 Ultra, Octa Core, 2 GHz Processor","Memory Card Supported, upto 1 TB",Android v15,Motorola,4.0,64.0,5200.0,18.0,6.67,90.0,50.0,8.0,Helio,Budget,95.9
Tecno Spark Go 1,7299,63,"Dual Sim, 3G, 4G, VoLTE, Wi-Fi, IR Blaster",5000 mAh Battery with 15W Fast Charging,"4 GB RAM, 64 GB inbuilt","6.67 inches, 720 x 1600 px, 120 Hz Display with Punch Hole",13 MP Rear & 8 MP Front Camera,"Unisoc T615, Octa Core, 1.8 GHz Processor","Memory Card Supported, upto 1 TB",Android v14,Tecno,4.0,64.0,5000.0,15.0,6.67,120.0,13.0,8.0,Unisoc,Budget,86.31
Itel Power 70,7299,63,"Dual Sim, 3G, 4G, VoLTE, Wi-Fi",6000 mAh Battery with 18W Fast Charging,"4 GB RAM, 128 GB inbuilt","6.67 inches, 720 x 1600 px, 120 Hz Display with Punch Hole",13 MP Rear & 8 MP Front Camera,"Helio G50, Octa Core, 2.2 GHz Processor",Memory Card Supported,Android v14,Itel,4.0,128.0,6000.0,18.0,6.67,120.0,13.0,8.0,Helio,Budget,86.31
Samsung Galaxy F05,7035,70,"Dual Sim, 3G, 4G, VoLTE, Wi-Fi",5000 mAh Battery with 25W Fast Charging,"4 GB RAM, 64 GB inbuilt","6.74 inches, 720 x 1600 px Display with Water Drop Notch",50 MP + 2 MP Dual Rear & 8 MP Front Camera,"Helio G85, Octa Core, 2 GHz Processor","Memory Card Supported, upto 1 TB",Android v14,Samsung,4.0,64.0,5000.0,25.0,6.74,60.0,50.0,8.0,Helio,Budget,99.5
Motorola Moto G04,6999,65,"Dual Sim, 3G, 4G, VoLTE, Wi-Fi",5000 mAh Battery with 15W Fast Charging,"4 GB RAM, 64 GB inbuilt","6.56 inches, 720 x 1600 px, 90 Hz Display with Punch Hole",16 MP Rear & 5 MP Front Camera,"Unisoc T606, Octa Core, 1.6 GHz Processor","Memory Card Supported, upto 1 TB",Android v14,Motorola,4.0,64.0,5000.0,15.0,6.56,90.0,16.0,5.0,Unisoc,Budget,92.87
Infinix Smart 9,6999,65,"Dual Sim, 3G, 4G, VoLTE, Wi-Fi, IR Blaster",5000 mAh Battery with 18W Fast Charging,"3 GB RAM, 64 GB inbuilt","6.7 inches, 720 x 1600 px, 120 Hz Display with Punch Hole",13 MP Dual Rear & 8 MP Front Camera,"Helio G81, Octa Core, 2 GHz Processor",Memory Card Supported,Android v14,Infinix,3.0,64.0,5000.0,18.0,6.7,120.0,13.0,8.0,Helio,Budget,92.87
Lava Shark,6999,68,"Dual Sim, 3G, 4G, VoLTE, Wi-Fi",5000 mAh Battery with 18W Fast Charging,"4 GB RAM, 64 GB inbuilt","6.67 inches, 720 x 1612 px, 120 Hz Display",50 MP Rear & 8 MP Front Camera,"Unisoc T606, Octa Core, 1.6 GHz Processor","Memory Card Supported, upto 256 GB",Android v14,Lava,4.0,64.0,5000.0,18.0,6.67,120.0,50.0,8.0,Unisoc,Budget,97.16
Lava O3 Pro,6998,70,"Dual Sim, 3G, 4G, VoLTE, Wi-Fi",5000 mAh Battery with 10W Fast Charging,"4 GB RAM, 128 GB inbuilt","6.56 inches, 1600 x 720 px Display with Water Drop Notch",50 MP + Ultra Wide + Macro Triple Rear & 8 MP Front Camera,"Unisoc T606, Octa Core, 1.6 GHz Processor","Memory Card (Hybrid), upto 1 TB",Android v14,Lava,4.0,128.0,5000.0,10.0,6.56,60.0,50.0,8.0,Unisoc,Budget,100.03
Itel A80,6997,62,"Dual Sim, 3G, 4G, VoLTE, Wi-Fi",5000 mAh Battery with 10W Fast Charging,"4 GB RAM, 128 GB inbuilt","6.7 inches, 720 x 1600 px, 120 Hz Display with Punch Hole",50 MP Dual Rear & 8 MP Front Camera,"Unisoc T603, Octa Core Processor","Memory Card Supported, upto 2 TB",Android v14,Itel,4.0,128.0,5000.0,10.0,6.7,120.0,50.0,8.0,Unisoc,Budget,88.61
Xiaomi Redmi A3,6996,64,"Dual Sim, 3G, 4G, VoLTE, Wi-Fi",5000 mAh Battery with 10W Fast Charging,"3 GB RAM, 64 GB inbuilt","6.71 inches, 720 x 1650 px, 90 Hz Display with Water Drop Notch",8 MP Dual Rear & 5 MP Front Camera,"Helio G36, Octa Core, 2.2 GHz Processor","Memory Card Supported, upto 1 TB",Android v13,Xiaomi,3.0,64.0,5000.0,10.0,6.71,90.0,8.0,5.0,Helio,Budget,91.48
Vivo Y03,6990,65,"Dual Sim, 3G, 4G, VoLTE, Wi-Fi",5000 mAh Battery with 15W Fast Charging,"4 GB RAM, 64 GB inbuilt","6.56 inches, 720 x 1612 px, 90 Hz Display with Water Drop Notch",13 MP + 0.08 MP Dual Rear & 5 MP Front Camera,"Helio G85, Octa Core, 2 GHz Processor","Memory Card Supported, upto 1 TB",Android v14,Vivo,4.0,64.0,5000.0,15.0,6.56,90.0,13.0,5.0,Helio,Budget,92.99
Itel S16 Pro,6990,57,"Dual Sim, 3G, 4G, VoLTE, Wi-Fi",4000 mAh Battery,"2 GB RAM, 32 GB inbuilt","6.6 inches, 1600 x 720 px Display with Punch Hole",8 MP + 2 MP + 0.3 MP Triple Rear & 8 MP Front Camera,"Quad Core, 1.3 GHz Processor","Memory Card Supported, upto 32 GB",Android v10,Itel,2.0,32.0,4000.0,0.0,6.6,60.0,8.0,8.0,Quad,Budget,81.55
Xiaomi Redmi A3X (4Gb Ram + 128Gb),6930,65,"Dual Sim, 3G, 4G, VoLTE, Wi-Fi",5000 mAh Battery with 10W Fast Charging,"4 GB RAM, 128 GB inbuilt","6.71 inches, 720 x 1650 px, 90 Hz Display with Water Drop Notch",8 MP + 0.08 MP Dual Rear & 5 MP Front Camera,"Unisoc T603, Octa Core, 1.8 GHz Processor","Memory Card Supported, upto 1 TB",Android v14,Xiaomi,4.0,128.0,5000.0,10.0,6.71,90.0,8.0,5.0,Unisoc,Budget,93.8
Tecno Pop 8,6899,65,"Dual Sim, 3G, 4G, VoLTE, Wi-Fi",5000 mAh Battery with 10W Fast Charging,"4 GB RAM, 64 GB inbuilt","6.56 inches, 720 x 1612 px, 90 Hz Display with Water Drop Notch",12 MP Dual Rear & 8 MP Front Camera,"Unisoc T606, Octa Core, 1.6 GHz Processor","Memory Card Supported, upto 1 TB",Android v13,Tecno,4.0,64.0,5000.0,10.0,6.56,90.0,12.0,8.0,Unisoc,Budget,94.22
Infinix Smart 9 Hd,6615,66,"Dual Sim, 3G, 4G, VoLTE, Wi-Fi, IR Blaster",5000 mAh Battery with 10W Fast Charging,"3 GB RAM, 64 GB inbuilt","6.7 inches, 720 x 1600 px, 90 Hz Display with Punch Hole",13 MP Rear & 8 MP Front Camera,"Helio G50, Octa Core, 2.2 GHz Processor","Memory Card Supported, upto 1 TB",Android v14,Infinix,3.0,64.0,5000.0,10.0,6.7,90.0,13.0,8.0,Helio,Budget,99.77
Xiaomi Redmi A3X (4Gb Ram + 64Gb),6520,64,"Dual Sim, 3G, 4G, VoLTE, Wi-Fi",5000 mAh Battery with 10W Fast Charging,"4 GB RAM, 64 GB inbuilt","6.71 inches, 720 x 1650 px, 90 Hz Display with Water Drop Notch",8 MP + 0.08 MP Dual Rear & 5 MP Front Camera,"Unisoc T603, Octa Core, 1.8 GHz Processor","Memory Card Supported, upto 1 TB",Android v14,Xiaomi,4.0,64.0,5000.0,10.0,6.71,90.0,8.0,5.0,Unisoc,Budget,98.16
Vivo Y03T,6499,65,"Dual Sim, 3G, 4G, VoLTE, Wi-Fi",5000 mAh Battery with 15W Fast Charging,"4 GB RAM, 64 GB inbuilt","6.56 inches, 720 x 1612 px, 90 Hz Display with Water Drop Notch",13 MP + 0.08 MP Dual Rear & 5 MP Front Camera,"Unisoc T612, Octa Core, 1.8 GHz Processor",Memory Card Supported,Android v14,Vivo,4.0,64.0,5000.0,15.0,6.56,90.0,13.0,5.0,Unisoc,Budget,100.02
Itel P36,6490,48,"Dual Sim, 3G, 4G, VoLTE, Wi-Fi",5000 mAh Battery,"1 GB RAM, 16 GB inbuilt","6.5 inches, 1600 x 720 px Display with Water Drop Notch",8 MP + 0.3 MP Dual Rear & 8 MP Front Camera,"Spreadtrum  SC7731E, Quad Core, 1.3 GHz Processor",Memory Card Supported,Android v12,Itel,1.0,16.0,5000.0,0.0,6.5,60.0,8.0,8.0,Spreadtrum,Budget,73.96
Samsung Galaxy M05,6299,70,"Dual Sim, 3G, 4G, VoLTE, Wi-Fi",5000 mAh Battery with 25W Fast Charging,"4 GB RAM, 64 GB inbuilt","6.7 inches, 720 x 1600 px Display with Water Drop Notch",50 MP + 2 MP Dual Rear & 8 MP Front Camera,"Helio G85, Octa Core, 2 GHz Processor","Memory Card Supported, upto 1 TB",Android v14,Samsung,4.0,64.0,5000.0,25.0,6.7,60.0,50.0,8.0,Helio,Budget,111.13
Tecno Pop 9 4G,6299,56,"Dual Sim, 3G, 4G, VoLTE, Wi-Fi, IR Blaster",5000 mAh Battery with Fast Charging,"3 GB RAM, 64 GB inbuilt","6.67 inches, 720 x 1600 px, 90 Hz Display with Punch Hole",13 MP Rear & Main Front Camera,"Helio G50, Octa Core Processor","Memory Card Supported, upto 1 TB",Android v14,Tecno,3.0,64.0,5000.0,0.0,6.67,90.0,13.0,,Helio,Budget,88.9
Realme Note 60X,6299,62,"Dual Sim, 3G, 4G, VoLTE, Wi-Fi",5000 mAh Battery with 10W Fast Charging,"4 GB RAM, 64 GB inbuilt","6.74 inches, 720 x 1600 px, 90 Hz Display with Punch Hole",8 MP Rear & 5 MP Front Camera,"Unisoc T612, Octa Core, 1.8 GHz Processor","Memory Card Supported, upto 1 TB",Android v14,Realme,4.0,64.0,5000.0,10.0,6.74,90.0,8.0,5.0,Unisoc,Budget,98.43
Samsung Galaxy F05,6249,70,"Dual Sim, 3G, 4G, VoLTE, Wi-Fi",5000 mAh Battery with 25W Fast Charging,"4 GB RAM, 64 GB inbuilt","6.74 inches, 720 x 1600 px Display with Water Drop Notch",50 MP + 2 MP Dual Rear & 8 MP Front Camera,"Helio G85, Octa Core, 2 GHz Processor","Memory Card Supported, upto 1 TB",Android v14,Samsung,4.0,64.0,5000.0,25.0,6.74,60.0,50.0,8.0,Helio,Budget,112.02
Lava O3,6198,58,"Dual Sim, 3G, 4G, VoLTE, Wi-Fi",5000 mAh Battery with 10W Fast Charging,"4 GB RAM, 64 GB inbuilt","6.75 inches, 1600 x 720 px Display with Water Drop Notch",13 MP Dual Rear & 5 MP Front Camera,Octa Core Processor,"Memory Card (Hybrid), upto 1 TB",Android v14,Lava,4.0,64.0,5000.0,10.0,6.75,60.0,13.0,5.0,Octa,Budget,93.58
Gionee G13 Pro,6190,56,"Dual Sim, 3G, 4G, VoLTE, Wi-Fi",3500 mAh Battery,"4 GB RAM, 32 GB inbuilt","6.26 inches, 720 x 1600 px Display with Large Notch",13 MP Dual Rear & 5 MP Front Camera,"Tiger  T310, Quad Core, 2 GHz Processor",Memory Card Supported,HarmonyOS v2,Gionee,4.0,32.0,3500.0,0.0,6.26,60.0,13.0,5.0,Tiger,Budget,90.47
Xiaomi Redmi A3X,6108,62,"Dual Sim, 3G, 4G, VoLTE, Wi-Fi",5000 mAh Battery with 10W Fast Charging,"3 GB RAM, 64 GB inbuilt","6.71 inches, 720 x 1650 px, 90 Hz Display with Water Drop Notch",8 MP + 0.08 MP Dual Rear & 5 MP Front Camera,"Unisoc T603, Octa Core, 1.8 GHz Processor","Memory Card Supported, upto 1 TB",Android v14,Xiaomi,3.0,64.0,5000.0,10.0,6.71,90.0,8.0,5.0,Unisoc,Budget,101.51
Itel A50,6099,54,"Dual Sim, 3G, 4G, VoLTE, Wi-Fi",5000 mAh Battery with 10W Fast Charging,"4 GB RAM, 64 GB inbuilt","6.6 inches, 720 x 1612 px, 90 Hz Display with Water Drop Notch",8 MP Dual Rear & 5 MP Front Camera,"Unisoc T603, Octa Core Processor",Memory Card Supported,Android v14,Itel,4.0,64.0,5000.0,10.0,6.6,90.0,8.0,5.0,Unisoc,Budget,88.54
Itel S16,5990,52,"Dual Sim, 3G, 4G, VoLTE, Wi-Fi",4000 mAh Battery,"1 GB RAM, 16 GB inbuilt","6.5 inches, 1600 x 720 px Display with Water Drop Notch",8 MP + 2 MP + 0.3 MP Triple Rear & 8 MP Front Camera,"Unisoc SC7731E, Quad Core, 1.3 GHz Processor","Memory Card Supported, upto 32 GB",Android v10,Itel,1.0,16.0,4000.0,0.0,6.5,60.0,8.0,8.0,Unisoc,Budget,86.81
Poco C61,5899,66,"Dual Sim, 3G, 4G, VoLTE, Wi-Fi",5000 mAh Battery with 18W Fast Charging,"4 GB RAM, 64 GB inbuilt","6.71 inches, 720 x 1650 px, 90 Hz Display with Water Drop Notch",8 MP + 0.08 MP Dual Rear & 5 MP Front Camera,"Helio G36, Octa Core, 2.2 GHz Processor","Memory Card Supported, upto 1 TB",Android v14,Poco,4.0,64.0,5000.0,18.0,6.71,90.0,8.0,5.0,Helio,Budget,111.88
Poco C61,5699,66,"Dual Sim, 3G, 4G, VoLTE, Wi-Fi",5000 mAh Battery with 18W Fast Charging,"4 GB RAM, 64 GB inbuilt","6.71 inches, 720 x 1650 px, 90 Hz Display with Water Drop Notch",8 MP + 0.08 MP Dual Rear & 5 MP Front Camera,"Helio G36, Octa Core, 2.2 GHz Processor","Memory Card Supported, upto 1 TB",Android v14,Poco,4.0,64.0,5000.0,18.0,6.71,90.0,8.0,5.0,Helio,Budget,115.81
Realme Note 50,5499,60,"Dual Sim, 3G, 4G, VoLTE, Wi-Fi",5000 mAh Battery with 10W Fast Charging,"4 GB RAM, 64 GB inbuilt","6.74 inches, 720 x 1600 px, 90 Hz Display with Water Drop Notch",13 MP Dual Rear & 5 MP Front Camera,"Unisoc T612, Octa Core Processor",Memory Card Supported,Android v13,Realme,4.0,64.0,5000.0,10.0,6.74,90.0,13.0,5.0,Unisoc,Budget,109.11
Jio Phone 3,4499,49,"Dual Sim, 3G, 4G, VoLTE, Wi-Fi",2800 mAh Battery,"2 GB RAM, 64 GB inbuilt","5 inches, 720 x 1280 px Display",5 MP Rear & 2 MP Front Camera,"Quad Core, 1.4 GHz Processor","Memory Card Supported, upto 128 GB",Android v8.1 (Oreo),Jio,2.0,64.0,2800.0,0.0,5.0,60.0,5.0,2.0,Quad,Budget,108.91
Realme C2S,3499,63,"Dual Sim, 3G, 4G, VoLTE, Wi-Fi",4000 mAh Battery,"3 GB RAM, 32 GB inbuilt","6.1 inches, 720 x 1560 px Display with Water Drop Notch",13 MP + 2 MP Dual Rear & 5 MP Front Camera,"Helio  P22 , Octa Core, 2 GHz Processor","Memory Card Supported, upto 128 GB",Android v9.0 (Pie),Realme,3.0,32.0,4000.0,0.0,6.1,60.0,13.0,5.0,Helio,Budget,180.05
